Bot,TP_mult,SL_mult,TP_pct,SL_pct,Leverage,PF,Return,MDD,WR,Sharpe,Trades,AvgHold_d
surge,0.6,0.6,3.0,1.2,3,2.18,249.0,-40.0,52.7,0.63,279,1.0
surge,0.6,0.6,3.0,1.2,5,2.17,466.9,-41.6,52.7,0.74,279,1.0
surge,0.6,0.6,3.0,1.2,7,2.18,684.4,-52.4,52.7,0.8,279,1.0
surge,0.6,0.6,3.0,1.2,10,2.17,1010.4,-62.6,52.7,0.88,279,1.0
surge,0.6,0.6,3.0,1.2,15,2.16,1557.3,-70.6,52.7,0.96,279,1.0
surge,0.6,0.6,3.0,1.2,20,2.16,2103.2,-76.1,52.7,1.02,279,1.0
surge,0.6,0.8,3.0,1.6,3,1.69,168.5,-47.8,52.7,0.56,279,1.0
surge,0.6,0.8,3.0,1.6,5,1.69,332.8,-48.9,52.7,0.69,279,1.0
surge,0.6,0.8,3.0,1.6,7,1.69,495.9,-56.0,52.7,0.77,279,1.0
surge,0.6,0.8,3.0,1.6,10,1.69,738.3,-68.6,52.7,0.87,279,1.0
surge,0.6,0.8,3.0,1.6,15,1.68,1140.4,-79.5,52.7,1.0,279,1.0
surge,0.6,0.8,3.0,1.6,20,1.68,1549.2,-83.8,52.7,1.1,279,1.0
surge,0.6,1.0,3.0,2.0,3,1.44,113.7,-50.9,53.8,0.51,279,1.0
surge,0.6,1.0,3.0,2.0,5,1.46,233.9,-56.9,53.8,0.67,279,1.0
surge,0.6,1.0,3.0,2.0,7,1.45,356.4,-59.4,53.8,0.77,279,1.0
surge,0.6,1.0,3.0,2.0,10,1.45,537.7,-72.1,53.8,0.89,279,1.0
surge,0.6,1.0,3.0,2.0,15,1.45,835.4,-85.3,53.8,1.05,279,1.0
surge,0.6,1.0,3.0,2.0,20,1.44,1119.2,-92.3,53.8,1.21,279,1.0
surge,0.6,1.2,3.0,2.4,3,1.22,56.7,-51.2,53.8,0.44,279,1.0
surge,0.6,1.2,3.0,2.4,5,1.21,103.1,-70.3,53.8,0.65,279,1.0
surge,0.6,1.2,3.0,2.4,7,1.21,161.3,-76.1,53.8,0.8,279,1.0
surge,0.6,1.2,3.0,2.4,10,1.21,249.2,-79.1,53.8,0.96,279,1.0
surge,0.6,1.2,3.0,2.4,15,1.19,359.5,-87.9,53.8,1.18,279,1.0
surge,0.6,1.2,3.0,2.4,20,1.17,435.5,-103.9,53.8,1.37,279,1.0
surge,0.6,1.4,3.0,2.8,3,1.11,26.6,-51.6,54.8,0.39,279,1.1
surge,0.6,1.4,3.0,2.8,5,1.09,41.6,-70.7,54.8,0.6,279,1.1
surge,0.6,1.4,3.0,2.8,7,1.08,52.6,-84.2,54.8,0.79,279,1.1
surge,0.6,1.4,3.0,2.8,10,1.06,59.4,-102.7,54.8,0.65,279,1.1
surge,0.6,1.4,3.0,2.8,15,1.03,47.2,-127.4,54.8,1.08,279,1.1
surge,0.6,1.4,3.0,2.8,20,1.0,0.2,-146.5,54.8,1.04,279,1.1
surge,0.8,0.6,4.0,1.2,3,2.41,359.3,-31.5,47.7,0.73,279,1.0
surge,0.8,0.6,4.0,1.2,5,2.41,650.9,-39.5,47.7,0.82,279,1.0
surge,0.8,0.6,4.0,1.2,7,2.41,943.1,-46.4,47.7,0.86,279,1.0
surge,0.8,0.6,4.0,1.2,10,2.41,1380.6,-55.4,47.7,0.91,279,1.0
surge,0.8,0.6,4.0,1.2,15,2.41,2110.9,-67.1,47.7,0.96,279,1.0
surge,0.8,0.6,4.0,1.2,20,2.41,2840.4,-67.9,47.7,1.0,279,1.0
surge,0.8,0.8,4.0,1.6,3,1.9,269.9,-37.1,47.7,0.65,279,1.0
surge,0.8,0.8,4.0,1.6,5,1.87,502.9,-42.1,47.7,0.75,279,1.0
surge,0.8,0.8,4.0,1.6,7,1.87,733.2,-53.0,47.7,0.81,279,1.0
surge,0.8,0.8,4.0,1.6,10,1.87,1081.8,-57.0,47.7,0.88,279,1.0
surge,0.8,0.8,4.0,1.6,15,1.87,1661.9,-69.5,47.7,0.96,279,1.0
surge,0.8,0.8,4.0,1.6,20,1.88,2241.9,-76.5,47.7,1.01,279,1.0
surge,0.8,1.0,4.0,2.0,3,1.61,198.0,-43.0,48.4,0.59,279,1.1
surge,0.8,1.0,4.0,2.0,5,1.59,379.2,-45.3,48.4,0.71,279,1.1
surge,0.8,1.0,4.0,2.0,7,1.58,566.7,-56.6,48.4,0.78,279,1.1
surge,0.8,1.0,4.0,2.0,10,1.58,837.8,-68.3,48.4,0.87,279,1.1
surge,0.8,1.0,4.0,2.0,15,1.57,1286.2,-75.3,48.4,0.98,279,1.1
surge,0.8,1.0,4.0,2.0,20,1.57,1745.1,-82.2,48.4,1.07,279,1.1
surge,0.8,1.2,4.0,2.4,3,1.36,121.2,-49.8,48.7,0.52,279,1.1
surge,0.8,1.2,4.0,2.4,5,1.38,246.2,-53.6,48.7,0.67,279,1.1
surge,0.8,1.2,4.0,2.4,7,1.36,364.8,-60.0,48.7,0.77,279,1.1
surge,0.8,1.2,4.0,2.4,10,1.35,548.3,-72.7,48.7,0.9,279,1.1
surge,0.8,1.2,4.0,2.4,15,1.35,867.6,-85.1,48.7,1.05,279,1.1
surge,0.8,1.2,4.0,2.4,20,1.35,1158.7,-91.4,48.7,1.2,279,1.1
surge,0.8,1.4,4.0,2.8,3,1.23,75.7,-50.1,49.8,0.47,279,1.1
surge,0.8,1.4,4.0,2.8,5,1.23,144.5,-63.8,49.8,0.65,279,1.1
surge,0.8,1.4,4.0,2.8,7,1.24,222.5,-65.7,49.8,0.77,279,1.1
surge,0.8,1.4,4.0,2.8,10,1.23,321.4,-76.8,49.8,0.93,279,1.1
surge,0.8,1.4,4.0,2.8,15,1.21,436.3,-93.7,49.8,1.15,279,1.1
surge,0.8,1.4,4.0,2.8,20,1.19,490.4,-101.5,49.8,1.38,279,1.1
surge,1.0,0.6,5.0,1.2,3,2.72,489.2,-26.1,45.2,0.86,279,1.1
surge,1.0,0.6,5.0,1.2,5,2.74,868.1,-36.1,45.2,0.92,279,1.1
surge,1.0,0.6,5.0,1.2,7,2.74,1246.4,-43.3,45.2,0.95,279,1.1
surge,1.0,0.6,5.0,1.2,10,2.75,1814.0,-54.6,45.2,0.97,279,1.1
surge,1.0,0.6,5.0,1.2,15,2.75,2758.0,-58.8,45.2,1.01,279,1.1
surge,1.0,0.6,5.0,1.2,20,2.75,3703.3,-64.2,45.2,1.02,279,1.1
surge,1.0,0.8,5.0,1.6,3,2.13,396.5,-30.0,45.2,0.77,279,1.1
surge,1.0,0.8,5.0,1.6,5,2.13,711.6,-40.6,45.2,0.85,279,1.1
surge,1.0,0.8,5.0,1.6,7,2.13,1028.3,-43.4,45.2,0.89,279,1.1
surge,1.0,0.8,5.0,1.6,10,2.14,1502.6,-54.6,45.2,0.93,279,1.1
surge,1.0,0.8,5.0,1.6,15,2.14,2291.5,-65.4,45.2,0.97,279,1.1
surge,1.0,0.8,5.0,1.6,20,2.14,3076.9,-66.5,45.2,1.0,279,1.1
surge,1.0,1.0,5.0,2.0,3,1.79,312.8,-34.6,45.5,0.69,279,1.1
surge,1.0,1.0,5.0,2.0,5,1.77,573.6,-42.7,45.5,0.78,279,1.1
surge,1.0,1.0,5.0,2.0,7,1.77,833.6,-51.2,45.5,0.84,279,1.1
surge,1.0,1.0,5.0,2.0,10,1.77,1222.0,-54.6,45.5,0.89,279,1.1
surge,1.0,1.0,5.0,2.0,15,1.78,1872.3,-68.6,45.5,0.95,279,1.1
surge,1.0,1.0,5.0,2.0,20,1.78,2515.7,-75.7,45.5,1.0,279,1.1
surge,1.0,1.2,5.0,2.4,3,1.54,229.8,-40.6,45.9,0.62,279,1.2
surge,1.0,1.2,5.0,2.4,5,1.52,433.7,-45.9,45.9,0.73,279,1.2
surge,1.0,1.2,5.0,2.4,7,1.52,638.0,-57.3,45.9,0.79,279,1.2
surge,1.0,1.2,5.0,2.4,10,1.52,941.8,-65.6,45.9,0.87,279,1.2
surge,1.0,1.2,5.0,2.4,15,1.52,1442.4,-68.7,45.9,0.96,279,1.2
surge,1.0,1.2,5.0,2.4,20,1.52,1941.1,-80.4,45.9,1.04,279,1.2
surge,1.0,1.4,5.0,2.8,3,1.39,168.9,-46.2,47.0,0.56,279,1.2
surge,1.0,1.4,5.0,2.8,5,1.39,323.8,-48.9,47.0,0.69,279,1.2
surge,1.0,1.4,5.0,2.8,7,1.37,482.4,-60.6,47.0,0.77,279,1.2
surge,1.0,1.4,5.0,2.8,10,1.38,737.5,-73.3,47.0,0.87,279,1.2
surge,1.0,1.4,5.0,2.8,15,1.37,1119.7,-83.3,47.0,1.0,279,1.2
surge,1.0,1.4,5.0,2.8,20,1.37,1475.3,-90.2,47.0,1.14,279,1.2
surge,1.2,0.6,6.0,1.2,3,3.07,621.9,-24.9,43.4,1.0,279,1.1
surge,1.2,0.6,6.0,1.2,5,3.09,1088.7,-33.4,43.4,1.03,279,1.1
surge,1.2,0.6,6.0,1.2,7,3.09,1555.8,-42.5,43.4,1.04,279,1.1
surge,1.2,0.6,6.0,1.2,10,3.1,2255.8,-52.0,43.4,1.05,279,1.1
surge,1.2,0.6,6.0,1.2,15,3.1,3421.4,-53.2,43.4,1.07,279,1.1
surge,1.2,0.6,6.0,1.2,20,3.1,4585.3,-63.0,43.4,1.05,279,1.1
surge,1.2,0.8,6.0,1.6,3,2.39,526.2,-26.5,43.4,0.9,279,1.1
surge,1.2,0.8,6.0,1.6,5,2.4,929.3,-34.9,43.4,0.96,279,1.1
surge,1.2,0.8,6.0,1.6,7,2.41,1331.5,-42.5,43.4,0.98,279,1.1
surge,1.2,0.8,6.0,1.6,10,2.41,1935.1,-53.7,43.4,0.99,279,1.1
surge,1.2,0.8,6.0,1.6,15,2.41,2937.3,-59.3,43.4,1.02,279,1.1
surge,1.2,0.8,6.0,1.6,20,2.41,3939.2,-63.0,43.4,1.03,279,1.1
surge,1.2,1.0,6.0,2.0,3,1.96,432.3,-28.1,43.4,0.81,279,1.2
surge,1.2,1.0,6.0,2.0,5,1.96,768.2,-40.4,43.4,0.88,279,1.2
surge,1.2,1.0,6.0,2.0,7,1.97,1105.2,-42.5,43.4,0.91,279,1.2
surge,1.2,1.0,6.0,2.0,10,1.97,1612.0,-53.7,43.4,0.94,279,1.2
surge,1.2,1.0,6.0,2.0,15,1.98,2451.7,-65.9,43.4,0.98,279,1.2
surge,1.2,1.0,6.0,2.0,20,1.97,3285.8,-68.8,43.4,1.0,279,1.2
surge,1.2,1.2,6.0,2.4,3,1.69,346.3,-32.1,43.7,0.72,279,1.2
surge,1.2,1.2,6.0,2.4,5,1.68,627.2,-43.7,43.7,0.81,279,1.2
surge,1.2,1.2,6.0,2.4,7,1.69,908.0,-49.3,43.7,0.86,279,1.2
surge,1.2,1.2,6.0,2.4,10,1.69,1327.9,-53.7,43.7,0.9,279,1.2
surge,1.2,1.2,6.0,2.4,15,1.69,2021.0,-67.8,43.7,0.96,279,1.2
surge,1.2,1.2,6.0,2.4,20,1.69,2709.4,-78.4,43.7,1.01,279,1.2
surge,1.2,1.4,6.0,2.8,3,1.53,276.5,-36.4,44.4,0.66,279,1.2
surge,1.2,1.4,6.0,2.8,5,1.51,514.5,-46.4,44.4,0.76,279,1.2
surge,1.2,1.4,6.0,2.8,7,1.51,741.1,-57.0,44.4,0.81,279,1.2
surge,1.2,1.4,6.0,2.8,10,1.51,1084.1,-62.3,44.4,0.88,279,1.2
surge,1.2,1.4,6.0,2.8,15,1.51,1647.1,-67.8,44.4,0.96,279,1.2
surge,1.2,1.4,6.0,2.8,20,1.5,2201.2,-79.2,44.4,1.04,279,1.2
surge,1.4,0.6,7.0,1.2,3,3.27,715.8,-24.1,40.9,1.09,279,1.2
surge,1.4,0.6,7.0,1.2,5,3.3,1245.5,-32.7,40.9,1.11,279,1.2
surge,1.4,0.6,7.0,1.2,7,3.3,1774.8,-41.8,40.9,1.1,279,1.2
surge,1.4,0.6,7.0,1.2,10,3.31,2568.3,-52.0,40.9,1.09,279,1.2
surge,1.4,0.6,7.0,1.2,15,3.3,3888.1,-54.5,40.9,1.08,279,1.2
surge,1.4,0.6,7.0,1.2,20,3.3,5214.1,-62.3,40.9,1.06,279,1.2
surge,1.4,0.8,7.0,1.6,3,2.56,626.5,-25.7,41.2,1.01,279,1.2
surge,1.4,0.8,7.0,1.6,5,2.58,1096.0,-32.7,41.2,1.04,279,1.2
surge,1.4,0.8,7.0,1.6,7,2.59,1565.7,-41.8,41.2,1.05,279,1.2
surge,1.4,0.8,7.0,1.6,10,2.59,2267.7,-52.7,41.2,1.05,279,1.2
surge,1.4,0.8,7.0,1.6,15,2.59,3433.5,-56.3,41.2,1.05,279,1.2
surge,1.4,0.8,7.0,1.6,20,2.59,4606.3,-62.3,41.2,1.04,279,1.2
surge,1.4,1.0,7.0,2.0,3,2.09,527.2,-27.3,41.2,0.91,279,1.2
surge,1.4,1.0,7.0,2.0,5,2.11,930.5,-34.6,41.2,0.96,279,1.2
surge,1.4,1.0,7.0,2.0,7,2.12,1332.5,-41.8,41.2,0.98,279,1.2
surge,1.4,1.0,7.0,2.0,10,2.12,1934.4,-52.9,41.2,0.99,279,1.2
surge,1.4,1.0,7.0,2.0,15,2.12,2931.3,-63.3,41.2,1.0,279,1.2
surge,1.4,1.0,7.0,2.0,20,2.12,3921.1,-65.7,41.2,1.02,279,1.2
surge,1.4,1.2,7.0,2.4,3,1.81,447.5,-28.9,41.6,0.83,279,1.3
surge,1.4,1.2,7.0,2.4,5,1.81,787.0,-40.3,41.6,0.89,279,1.3
surge,1.4,1.2,7.0,2.4,7,1.82,1129.7,-41.8,41.6,0.92,279,1.3
surge,1.4,1.2,7.0,2.4,10,1.82,1643.8,-52.9,41.6,0.94,279,1.3
surge,1.4,1.2,7.0,2.4,15,1.82,2494.8,-67.0,41.6,0.98,279,1.3
surge,1.4,1.2,7.0,2.4,20,1.82,3333.3,-75.5,41.6,1.0,279,1.3
surge,1.4,1.4,7.0,2.8,3,1.62,371.2,-32.0,42.3,0.75,279,1.3
surge,1.4,1.4,7.0,2.8,5,1.62,667.8,-44.7,42.3,0.83,279,1.3
surge,1.4,1.4,7.0,2.8,7,1.62,965.0,-49.1,42.3,0.87,279,1.3
surge,1.4,1.4,7.0,2.8,10,1.62,1402.3,-52.9,42.3,0.91,279,1.3
surge,1.4,1.4,7.0,2.8,15,1.62,2125.6,-67.0,42.3,0.97,279,1.3
surge,1.4,1.4,7.0,2.8,20,1.62,2832.3,-77.7,42.3,1.02,279,1.3
meanrevert,0.6,0.6,3.6,1.8,3,3.5,1880.6,-32.5,67.7,1.16,838,1.0
meanrevert,0.6,0.6,3.6,1.8,5,3.5,3246.5,-50.8,67.7,1.07,838,1.0
meanrevert,0.6,0.6,3.6,1.8,7,3.51,4611.7,-48.3,67.7,1.11,838,1.0
meanrevert,0.6,0.6,3.6,1.8,10,3.5,6658.3,-48.2,67.7,1.11,838,1.0
meanrevert,0.6,0.6,3.6,1.8,15,3.51,10074.5,-51.9,67.7,1.09,838,1.0
meanrevert,0.6,0.6,3.6,1.8,20,3.52,13488.6,-58.1,67.7,1.02,838,1.0
meanrevert,0.6,0.8,3.6,2.4,3,2.7,1635.4,-32.5,67.7,1.09,838,1.0
meanrevert,0.6,0.8,3.6,2.4,5,2.7,2837.9,-53.5,67.7,1.01,838,1.0
meanrevert,0.6,0.8,3.6,2.4,7,2.7,4040.0,-54.8,67.7,1.04,838,1.0
meanrevert,0.6,0.8,3.6,2.4,10,2.7,5839.6,-52.8,67.7,1.07,838,1.0
meanrevert,0.6,0.8,3.6,2.4,15,2.7,8848.7,-63.8,67.7,1.06,838,1.0
meanrevert,0.6,0.8,3.6,2.4,20,2.71,11856.5,-61.4,67.7,1.02,838,1.0
meanrevert,0.6,1.0,3.6,3.0,3,2.24,1420.0,-32.5,68.1,1.03,836,1.0
meanrevert,0.6,1.0,3.6,3.0,5,2.24,2478.2,-53.5,68.1,0.98,836,1.0
meanrevert,0.6,1.0,3.6,3.0,7,2.24,3537.0,-63.3,68.1,0.96,836,1.0
meanrevert,0.6,1.0,3.6,3.0,10,2.24,5121.5,-60.6,68.1,1.02,836,1.0
meanrevert,0.6,1.0,3.6,3.0,15,2.24,7758.2,-70.8,68.1,1.03,836,1.0
meanrevert,0.6,1.0,3.6,3.0,20,2.24,10410.7,-76.6,68.1,1.02,836,1.0
meanrevert,0.6,1.2,3.6,3.6,3,1.91,1193.0,-32.5,68.3,0.96,833,1.0
meanrevert,0.6,1.2,3.6,3.6,5,1.91,2102.2,-53.5,68.3,0.95,833,1.0
meanrevert,0.6,1.2,3.6,3.6,7,1.91,3010.4,-74.0,68.3,0.86,833,1.0
meanrevert,0.6,1.2,3.6,3.6,10,1.91,4371.0,-71.7,68.3,0.94,833,1.0
meanrevert,0.6,1.2,3.6,3.6,15,1.91,6621.2,-74.7,68.3,1.02,833,1.0
meanrevert,0.6,1.2,3.6,3.6,20,1.91,8871.3,-87.3,68.3,1.0,833,1.0
meanrevert,0.6,1.4,3.6,4.2,3,1.66,966.2,-32.5,68.5,0.89,831,1.0
meanrevert,0.6,1.4,3.6,4.2,5,1.66,1723.5,-53.5,68.5,0.92,831,1.0
meanrevert,0.6,1.4,3.6,4.2,7,1.65,2479.3,-74.0,68.5,0.87,831,1.0
meanrevert,0.6,1.4,3.6,4.2,10,1.66,3617.0,-83.2,68.5,0.82,831,1.0
meanrevert,0.6,1.4,3.6,4.2,15,1.66,5495.0,-80.8,68.5,0.95,831,1.0
meanrevert,0.6,1.4,3.6,4.2,20,1.66,7358.8,-89.5,68.5,1.01,831,1.0
meanrevert,0.8,0.6,4.8,1.8,3,4.0,2575.2,-32.2,63.9,1.35,834,1.0
meanrevert,0.8,0.6,4.8,1.8,5,4.01,4404.2,-36.2,63.9,1.33,834,1.0
meanrevert,0.8,0.6,4.8,1.8,7,4.01,6232.4,-34.9,63.9,1.31,834,1.0
meanrevert,0.8,0.6,4.8,1.8,10,4.02,8977.7,-35.9,63.9,1.28,834,1.0
meanrevert,0.8,0.6,4.8,1.8,15,4.03,13545.8,-41.6,63.9,1.18,834,1.0
meanrevert,0.8,0.6,4.8,1.8,20,4.04,18113.3,-55.3,63.9,1.01,834,1.0
meanrevert,0.8,0.8,4.8,2.4,3,3.13,2326.1,-32.2,64.3,1.29,831,1.0
meanrevert,0.8,0.8,4.8,2.4,5,3.14,3989.3,-40.2,64.3,1.25,831,1.0
meanrevert,0.8,0.8,4.8,2.4,7,3.14,5650.8,-38.6,64.3,1.25,831,1.0
meanrevert,0.8,0.8,4.8,2.4,10,3.14,8147.8,-42.8,64.3,1.22,831,1.0
meanrevert,0.8,0.8,4.8,2.4,15,3.15,12300.6,-41.8,64.3,1.15,831,1.0
meanrevert,0.8,0.8,4.8,2.4,20,3.16,16450.8,-55.3,64.3,1.0,831,1.0
meanrevert,0.8,1.0,4.8,3.0,3,2.59,2090.3,-32.2,64.7,1.23,829,1.0
meanrevert,0.8,1.0,4.8,3.0,5,2.6,3596.0,-45.3,64.7,1.15,829,1.0
meanrevert,0.8,1.0,4.8,3.0,7,2.6,5101.1,-43.2,64.7,1.18,829,1.0
meanrevert,0.8,1.0,4.8,3.0,10,2.6,7361.4,-50.5,64.7,1.16,829,1.0
meanrevert,0.8,1.0,4.8,3.0,15,2.61,11123.1,-48.9,64.7,1.11,829,1.0
meanrevert,0.8,1.0,4.8,3.0,20,2.61,14878.2,-57.6,64.7,1.0,829,1.0
meanrevert,0.8,1.2,4.8,3.6,3,2.22,1853.7,-32.2,65.0,1.17,824,1.0
meanrevert,0.8,1.2,4.8,3.6,5,2.23,3202.4,-51.7,65.0,1.06,824,1.0
meanrevert,0.8,1.2,4.8,3.6,7,2.23,4549.6,-49.1,65.0,1.11,824,1.0
meanrevert,0.8,1.2,4.8,3.6,10,2.23,6569.0,-54.1,65.0,1.11,824,1.0
meanrevert,0.8,1.2,4.8,3.6,15,2.23,9943.7,-58.0,65.0,1.08,824,1.0
meanrevert,0.8,1.2,4.8,3.6,20,2.24,13302.9,-64.5,65.0,1.0,824,1.0
meanrevert,0.8,1.4,4.8,4.2,3,1.95,1625.8,-32.2,65.4,1.1,823,1.0
meanrevert,0.8,1.4,4.8,4.2,5,1.95,2821.6,-53.1,65.4,1.01,823,1.0
meanrevert,0.8,1.4,4.8,4.2,7,1.95,4019.3,-56.9,65.4,1.03,823,1.0
meanrevert,0.8,1.4,4.8,4.2,10,1.96,5806.2,-57.0,65.4,1.06,823,1.0
meanrevert,0.8,1.4,4.8,4.2,15,1.96,8805.0,-69.7,65.4,1.05,823,1.0
meanrevert,0.8,1.4,4.8,4.2,20,1.96,11789.2,-70.3,65.4,1.01,823,1.0
meanrevert,1.0,0.6,6.0,1.8,3,4.08,2990.8,-31.8,58.6,1.42,827,1.0
meanrevert,1.0,0.6,6.0,1.8,5,4.08,5097.2,-35.7,58.6,1.39,827,1.0
meanrevert,1.0,0.6,6.0,1.8,7,4.07,7202.4,-34.4,58.6,1.35,827,1.0
meanrevert,1.0,0.6,6.0,1.8,10,4.08,10363.1,-35.2,58.6,1.31,827,1.0
meanrevert,1.0,0.6,6.0,1.8,15,4.08,15627.6,-46.7,58.6,1.19,827,1.0
meanrevert,1.0,0.6,6.0,1.8,20,4.09,20888.1,-57.9,58.6,1.01,827,1.0
meanrevert,1.0,0.8,6.0,2.4,3,3.2,2705.3,-31.8,59.1,1.36,821,1.1
meanrevert,1.0,0.8,6.0,2.4,5,3.19,4622.3,-40.1,59.1,1.29,821,1.1
meanrevert,1.0,0.8,6.0,2.4,7,3.19,6536.4,-38.6,59.1,1.29,821,1.1
meanrevert,1.0,0.8,6.0,2.4,10,3.19,9413.9,-42.0,59.1,1.24,821,1.1
meanrevert,1.0,0.8,6.0,2.4,15,3.19,14203.6,-47.2,59.1,1.16,821,1.1
meanrevert,1.0,0.8,6.0,2.4,20,3.2,18988.8,-58.6,59.1,1.0,821,1.1
meanrevert,1.0,1.0,6.0,3.0,3,2.67,2448.2,-31.8,59.6,1.3,817,1.1
meanrevert,1.0,1.0,6.0,3.0,5,2.66,4193.0,-46.5,59.6,1.18,817,1.1
meanrevert,1.0,1.0,6.0,3.0,7,2.66,5936.9,-44.3,59.6,1.21,817,1.1
meanrevert,1.0,1.0,6.0,3.0,10,2.65,8550.6,-50.4,59.6,1.17,817,1.1
meanrevert,1.0,1.0,6.0,3.0,15,2.66,12913.3,-50.2,59.6,1.12,817,1.1
meanrevert,1.0,1.0,6.0,3.0,20,2.66,17273.1,-61.7,59.6,1.01,817,1.1
meanrevert,1.0,1.2,6.0,3.6,3,2.27,2156.5,-31.8,59.9,1.23,812,1.1
meanrevert,1.0,1.2,6.0,3.6,5,2.26,3707.0,-52.7,59.9,1.07,812,1.1
meanrevert,1.0,1.2,6.0,3.6,7,2.26,5259.1,-52.3,59.9,1.11,812,1.1
meanrevert,1.0,1.2,6.0,3.6,10,2.26,7576.7,-55.0,59.9,1.12,812,1.1
meanrevert,1.0,1.2,6.0,3.6,15,2.26,11458.6,-63.5,59.9,1.08,812,1.1
meanrevert,1.0,1.2,6.0,3.6,20,2.26,15335.0,-67.3,59.9,1.02,812,1.1
meanrevert,1.0,1.4,6.0,4.2,3,2.01,1917.1,-31.8,60.4,1.17,808,1.1
meanrevert,1.0,1.4,6.0,4.2,5,2.0,3302.9,-52.7,60.4,1.04,808,1.1
meanrevert,1.0,1.4,6.0,4.2,7,2.0,4699.7,-61.9,60.4,1.0,808,1.1
meanrevert,1.0,1.4,6.0,4.2,10,2.0,6779.5,-59.5,60.4,1.06,808,1.1
meanrevert,1.0,1.4,6.0,4.2,15,1.99,10238.2,-75.6,60.4,1.06,808,1.1
meanrevert,1.0,1.4,6.0,4.2,20,1.99,13714.0,-83.7,60.4,0.99,808,1.1
meanrevert,1.2,0.6,7.2,1.8,3,4.09,3319.2,-31.5,54.1,1.49,819,1.1
meanrevert,1.2,0.6,7.2,1.8,5,4.09,5644.0,-33.4,54.1,1.47,819,1.1
meanrevert,1.2,0.6,7.2,1.8,7,4.08,7969.7,-32.2,54.1,1.41,819,1.1
meanrevert,1.2,0.6,7.2,1.8,10,4.09,11457.0,-33.5,54.1,1.36,819,1.1
meanrevert,1.2,0.6,7.2,1.8,15,4.09,17268.7,-46.7,54.1,1.2,819,1.1
meanrevert,1.2,0.6,7.2,1.8,20,4.1,23075.4,-57.9,54.1,1.0,819,1.1
meanrevert,1.2,0.8,7.2,2.4,3,3.25,3045.9,-31.5,54.9,1.43,813,1.1
meanrevert,1.2,0.8,7.2,2.4,5,3.25,5189.7,-38.0,54.9,1.36,813,1.1
meanrevert,1.2,0.8,7.2,2.4,7,3.24,7331.5,-36.5,54.9,1.33,813,1.1
meanrevert,1.2,0.8,7.2,2.4,10,3.24,10549.3,-35.3,54.9,1.3,813,1.1
meanrevert,1.2,0.8,7.2,2.4,15,3.25,15906.4,-47.2,54.9,1.18,813,1.1
meanrevert,1.2,0.8,7.2,2.4,20,3.25,21257.9,-58.6,54.9,0.99,813,1.1
meanrevert,1.2,1.0,7.2,3.0,3,2.71,2766.1,-31.5,55.4,1.38,808,1.1
meanrevert,1.2,1.0,7.2,3.0,5,2.71,4728.7,-41.8,55.4,1.28,808,1.1
meanrevert,1.2,1.0,7.2,3.0,7,2.7,6685.3,-40.1,55.4,1.27,808,1.1
meanrevert,1.2,1.0,7.2,3.0,10,2.7,9627.6,-43.2,55.4,1.23,808,1.1
meanrevert,1.2,1.0,7.2,3.0,15,2.71,14526.2,-50.2,55.4,1.15,808,1.1
meanrevert,1.2,1.0,7.2,3.0,20,2.71,19410.7,-61.7,55.4,0.99,808,1.1
meanrevert,1.2,1.2,7.2,3.6,3,2.35,2503.2,-31.5,56.1,1.31,804,1.1
meanrevert,1.2,1.2,7.2,3.6,5,2.34,4286.2,-50.6,56.1,1.13,804,1.1
meanrevert,1.2,1.2,7.2,3.6,7,2.34,6072.1,-47.5,56.1,1.18,804,1.1
meanrevert,1.2,1.2,7.2,3.6,10,2.33,8743.5,-51.2,56.1,1.16,804,1.1
meanrevert,1.2,1.2,7.2,3.6,15,2.34,13203.0,-53.4,56.1,1.12,804,1.1
meanrevert,1.2,1.2,7.2,3.6,20,2.34,17665.1,-65.2,56.1,1.01,804,1.1
meanrevert,1.2,1.4,7.2,4.2,3,2.1,2271.1,-31.5,56.9,1.25,798,1.1
meanrevert,1.2,1.4,7.2,4.2,5,2.09,3902.5,-52.3,56.9,1.08,798,1.1
meanrevert,1.2,1.4,7.2,4.2,7,2.09,5537.5,-56.3,56.9,1.08,798,1.1
meanrevert,1.2,1.4,7.2,4.2,10,2.09,7969.0,-55.9,56.9,1.1,798,1.1
meanrevert,1.2,1.4,7.2,4.2,15,2.09,12054.3,-66.9,56.9,1.08,798,1.1
meanrevert,1.2,1.4,7.2,4.2,20,2.09,16114.9,-68.6,56.9,1.03,798,1.1
meanrevert,1.4,0.6,8.4,1.8,3,4.14,3603.7,-31.2,50.2,1.53,814,1.1
meanrevert,1.4,0.6,8.4,1.8,5,4.12,6117.3,-36.8,50.2,1.45,814,1.1
meanrevert,1.4,0.6,8.4,1.8,7,4.11,8629.8,-35.5,50.2,1.4,814,1.1
meanrevert,1.4,0.6,8.4,1.8,10,4.12,12401.3,-40.0,50.2,1.35,814,1.1
meanrevert,1.4,0.6,8.4,1.8,15,4.12,18680.8,-56.4,50.2,1.2,814,1.1
meanrevert,1.4,0.6,8.4,1.8,20,4.13,24951.7,-70.4,50.2,0.99,814,1.1
meanrevert,1.4,0.8,8.4,2.4,3,3.32,3321.1,-31.2,51.2,1.48,805,1.1
meanrevert,1.4,0.8,8.4,2.4,5,3.3,5648.1,-43.6,51.2,1.31,805,1.1
meanrevert,1.4,0.8,8.4,2.4,7,3.29,7970.9,-41.8,51.2,1.31,805,1.1
meanrevert,1.4,0.8,8.4,2.4,10,3.29,11463.0,-44.0,51.2,1.27,805,1.1
meanrevert,1.4,0.8,8.4,2.4,15,3.29,17265.7,-60.9,51.2,1.16,805,1.1
meanrevert,1.4,0.8,8.4,2.4,20,3.3,23069.7,-74.5,51.2,1.0,805,1.1
meanrevert,1.4,1.0,8.4,3.0,3,2.76,3016.4,-31.2,51.7,1.42,801,1.1
meanrevert,1.4,1.0,8.4,3.0,5,2.74,5138.8,-50.9,51.7,1.18,801,1.1
meanrevert,1.4,1.0,8.4,3.0,7,2.74,7266.0,-47.7,51.7,1.22,801,1.1
meanrevert,1.4,1.0,8.4,3.0,10,2.73,10451.2,-51.3,51.7,1.19,801,1.1
meanrevert,1.4,1.0,8.4,3.0,15,2.74,15750.1,-66.6,51.7,1.13,801,1.1
meanrevert,1.4,1.0,8.4,3.0,20,2.74,21035.0,-79.5,51.7,1.01,801,1.1
meanrevert,1.4,1.2,8.4,3.6,3,2.39,2742.8,-32.1,52.3,1.36,797,1.2
meanrevert,1.4,1.2,8.4,3.6,5,2.38,4681.6,-53.3,52.3,1.12,797,1.2
meanrevert,1.4,1.2,8.4,3.6,7,2.37,6619.4,-63.5,52.3,1.04,797,1.2
meanrevert,1.4,1.2,8.4,3.6,10,2.37,9523.7,-60.0,52.3,1.09,797,1.2
meanrevert,1.4,1.2,8.4,3.6,15,2.37,14373.7,-71.8,52.3,1.07,797,1.2
meanrevert,1.4,1.2,8.4,3.6,20,2.37,19196.4,-83.8,52.3,1.02,797,1.2
meanrevert,1.4,1.4,8.4,4.2,3,2.14,2501.0,-32.9,53.3,1.3,788,1.2
meanrevert,1.4,1.4,8.4,4.2,5,2.13,4277.0,-54.3,53.3,1.1,788,1.2
meanrevert,1.4,1.4,8.4,4.2,7,2.13,6051.2,-74.8,53.3,0.89,788,1.2
meanrevert,1.4,1.4,8.4,4.2,10,2.12,8722.0,-73.4,53.3,0.96,788,1.2
meanrevert,1.4,1.4,8.4,4.2,15,2.12,13156.2,-74.7,53.3,1.03,788,1.2
meanrevert,1.4,1.4,8.4,4.2,20,2.12,17581.1,-85.8,53.3,0.98,788,1.2
meanrevert_tight,0.6,0.6,3.6,1.26,3,4.68,1018.3,-29.8,67.7,0.98,439,1.0
meanrevert_tight,0.6,0.6,3.6,1.26,5,4.65,1809.5,-34.8,67.7,1.01,439,1.0
meanrevert_tight,0.6,0.6,3.6,1.26,7,4.66,2601.3,-48.0,67.7,1.0,439,1.0
meanrevert_tight,0.6,0.6,3.6,1.26,10,4.7,3788.4,-49.3,67.7,1.03,439,1.0
meanrevert_tight,0.6,0.6,3.6,1.26,15,4.73,5765.2,-47.2,67.7,1.04,439,1.0
meanrevert_tight,0.6,0.6,3.6,1.26,20,4.74,7745.5,-58.1,67.7,0.96,439,1.0
meanrevert_tight,0.6,0.8,3.6,1.68,3,3.65,928.3,-32.8,67.7,0.94,439,1.0
meanrevert_tight,0.6,0.8,3.6,1.68,5,3.62,1659.7,-35.2,67.7,0.98,439,1.0
meanrevert_tight,0.6,0.8,3.6,1.68,7,3.63,2391.4,-48.5,67.7,0.98,439,1.0
meanrevert_tight,0.6,0.8,3.6,1.68,10,3.66,3489.5,-52.3,67.7,1.01,439,1.0
meanrevert_tight,0.6,0.8,3.6,1.68,15,3.68,5316.1,-50.0,67.7,1.03,439,1.0
meanrevert_tight,0.6,0.8,3.6,1.68,20,3.69,7147.6,-58.1,67.7,0.96,439,1.0
meanrevert_tight,0.6,1.0,3.6,2.1,3,2.99,838.0,-36.4,67.7,0.89,439,1.0
meanrevert_tight,0.6,1.0,3.6,2.1,5,2.96,1509.7,-36.6,67.7,0.95,439,1.0
meanrevert_tight,0.6,1.0,3.6,2.1,7,2.97,2181.7,-49.0,67.7,0.96,439,1.0
meanrevert_tight,0.6,1.0,3.6,2.1,10,2.99,3190.0,-55.6,67.7,0.98,439,1.0
meanrevert_tight,0.6,1.0,3.6,2.1,15,3.01,4866.9,-53.1,67.7,1.01,439,1.0
meanrevert_tight,0.6,1.0,3.6,2.1,20,3.02,6545.9,-58.1,67.7,0.96,439,1.0
meanrevert_tight,0.6,1.2,3.6,2.52,3,2.56,756.7,-39.9,67.9,0.86,439,1.0
meanrevert_tight,0.6,1.2,3.6,2.52,5,2.54,1374.1,-40.5,67.9,0.92,439,1.0
meanrevert_tight,0.6,1.2,3.6,2.52,7,2.54,1993.2,-49.4,67.9,0.95,439,1.0
meanrevert_tight,0.6,1.2,3.6,2.52,10,2.56,2920.6,-59.3,67.9,0.96,439,1.0
meanrevert_tight,0.6,1.2,3.6,2.52,15,2.57,4463.3,-56.4,67.9,1.0,439,1.0
meanrevert_tight,0.6,1.2,3.6,2.52,20,2.58,6005.0,-58.1,67.9,0.96,439,1.0
meanrevert_tight,0.6,1.4,3.6,2.94,3,2.22,666.6,-45.0,67.9,0.81,439,1.0
meanrevert_tight,0.6,1.4,3.6,2.94,5,2.2,1223.1,-41.9,67.9,0.89,439,1.0
meanrevert_tight,0.6,1.4,3.6,2.94,7,2.2,1781.5,-49.9,67.9,0.93,439,1.0
meanrevert_tight,0.6,1.4,3.6,2.94,10,2.21,2623.1,-63.3,67.9,0.94,439,1.0
meanrevert_tight,0.6,1.4,3.6,2.94,15,2.23,4016.6,-60.1,67.9,0.99,439,1.0
meanrevert_tight,0.6,1.4,3.6,2.94,20,2.23,5406.8,-58.9,67.9,0.97,439,1.0
meanrevert_tight,0.8,0.6,4.8,1.26,3,5.32,1399.9,-22.5,63.9,1.17,438,1.0
meanrevert_tight,0.8,0.6,4.8,1.26,5,5.35,2445.8,-33.6,63.9,1.15,438,1.0
meanrevert_tight,0.8,0.6,4.8,1.26,7,5.39,3491.6,-37.3,63.9,1.16,438,1.0
meanrevert_tight,0.8,0.6,4.8,1.26,10,5.43,5059.4,-35.6,63.9,1.18,438,1.0
meanrevert_tight,0.8,0.6,4.8,1.26,15,5.46,7673.9,-41.6,63.9,1.1,438,1.0
meanrevert_tight,0.8,0.6,4.8,1.26,20,5.48,10286.4,-55.3,63.9,0.95,438,1.0
meanrevert_tight,0.8,0.8,4.8,1.68,3,4.22,1312.5,-23.4,64.3,1.13,437,1.0
meanrevert_tight,0.8,0.8,4.8,1.68,5,4.23,2300.4,-34.0,64.3,1.12,437,1.0
meanrevert_tight,0.8,0.8,4.8,1.68,7,4.27,3288.1,-39.4,64.3,1.13,437,1.0
meanrevert_tight,0.8,0.8,4.8,1.68,10,4.3,4768.6,-37.5,64.3,1.15,437,1.0
meanrevert_tight,0.8,0.8,4.8,1.68,15,4.32,7237.1,-41.6,64.3,1.09,437,1.0
meanrevert_tight,0.8,0.8,4.8,1.68,20,4.34,9705.1,-55.3,64.3,0.95,437,1.0
meanrevert_tight,0.8,1.0,4.8,2.1,3,3.47,1213.5,-25.6,64.3,1.09,437,1.0
meanrevert_tight,0.8,1.0,4.8,2.1,5,3.46,2136.2,-34.5,64.3,1.09,437,1.0
meanrevert_tight,0.8,1.0,4.8,2.1,7,3.49,3058.2,-41.6,64.3,1.09,437,1.0
meanrevert_tight,0.8,1.0,4.8,2.1,10,3.52,4440.1,-39.6,64.3,1.13,437,1.0
meanrevert_tight,0.8,1.0,4.8,2.1,15,3.53,6743.0,-41.6,64.3,1.07,437,1.0
meanrevert_tight,0.8,1.0,4.8,2.1,20,3.55,9047.3,-55.3,64.3,0.94,437,1.0
meanrevert_tight,0.8,1.2,4.8,2.52,3,2.97,1125.8,-27.5,64.5,1.05,437,1.0
meanrevert_tight,0.8,1.2,4.8,2.52,5,2.96,1989.9,-34.9,64.5,1.06,437,1.0
meanrevert_tight,0.8,1.2,4.8,2.52,7,2.98,2853.9,-44.1,64.5,1.06,437,1.0
meanrevert_tight,0.8,1.2,4.8,2.52,10,3.01,4148.2,-41.9,64.5,1.1,437,1.0
meanrevert_tight,0.8,1.2,4.8,2.52,15,3.02,6304.7,-41.6,64.5,1.06,437,1.0
meanrevert_tight,0.8,1.2,4.8,2.52,20,3.03,8463.4,-55.3,64.5,0.94,437,1.0
meanrevert_tight,0.8,1.4,4.8,2.94,3,2.57,1027.4,-30.3,64.5,1.0,437,1.0
meanrevert_tight,0.8,1.4,4.8,2.94,5,2.56,1824.6,-35.3,64.5,1.03,437,1.0
meanrevert_tight,0.8,1.4,4.8,2.94,7,2.58,2625.4,-46.7,64.5,1.02,437,1.0
meanrevert_tight,0.8,1.4,4.8,2.94,10,2.6,3821.4,-44.3,64.5,1.07,437,1.0
meanrevert_tight,0.8,1.4,4.8,2.94,15,2.61,5814.0,-42.7,64.5,1.04,437,1.0
meanrevert_tight,0.8,1.4,4.8,2.94,20,2.62,7808.9,-55.3,64.5,0.94,437,1.0
meanrevert_tight,1.0,0.6,6.0,1.26,3,5.63,1687.3,-20.1,59.5,1.31,437,1.0
meanrevert_tight,1.0,0.6,6.0,1.26,5,5.66,2924.3,-33.3,59.5,1.24,437,1.0
meanrevert_tight,1.0,0.6,6.0,1.26,7,5.69,4161.1,-33.3,59.5,1.26,437,1.0
meanrevert_tight,1.0,0.6,6.0,1.26,10,5.72,6015.4,-31.9,59.5,1.25,437,1.0
meanrevert_tight,1.0,0.6,6.0,1.26,15,5.72,9107.3,-38.7,59.5,1.12,437,1.0
meanrevert_tight,1.0,0.6,6.0,1.26,20,5.74,12200.9,-52.4,59.5,0.95,437,1.0
meanrevert_tight,1.0,0.8,6.0,1.68,3,4.43,1589.9,-20.2,59.9,1.27,436,1.0
meanrevert_tight,1.0,0.8,6.0,1.68,5,4.46,2762.1,-33.5,59.9,1.22,436,1.0
meanrevert_tight,1.0,0.8,6.0,1.68,7,4.49,3934.2,-33.1,59.9,1.25,436,1.0
meanrevert_tight,1.0,0.8,6.0,1.68,10,4.52,5690.9,-31.9,59.9,1.23,436,1.0
meanrevert_tight,1.0,0.8,6.0,1.68,15,4.52,8618.3,-38.7,59.9,1.11,436,1.0
meanrevert_tight,1.0,0.8,6.0,1.68,20,4.53,11552.1,-52.4,59.9,0.94,436,1.0
meanrevert_tight,1.0,1.0,6.0,2.1,3,3.62,1479.1,-21.6,59.9,1.21,436,1.0
meanrevert_tight,1.0,1.0,6.0,2.1,5,3.64,2577.9,-33.8,59.9,1.18,436,1.0
meanrevert_tight,1.0,1.0,6.0,2.1,7,3.67,3676.3,-34.9,59.9,1.21,436,1.0
meanrevert_tight,1.0,1.0,6.0,2.1,10,3.7,5321.9,-33.5,59.9,1.21,436,1.0
meanrevert_tight,1.0,1.0,6.0,2.1,15,3.7,8064.4,-38.7,59.9,1.1,436,1.0
meanrevert_tight,1.0,1.0,6.0,2.1,20,3.71,10813.8,-52.4,59.9,0.94,436,1.0
meanrevert_tight,1.0,1.2,6.0,2.52,3,3.11,1384.6,-23.9,60.2,1.17,435,1.1
meanrevert_tight,1.0,1.2,6.0,2.52,5,3.13,2421.4,-34.0,60.2,1.15,435,1.1
meanrevert_tight,1.0,1.2,6.0,2.52,7,3.16,3457.2,-36.9,60.2,1.17,435,1.1
meanrevert_tight,1.0,1.2,6.0,2.52,10,3.18,5009.1,-35.3,60.2,1.18,435,1.1
meanrevert_tight,1.0,1.2,6.0,2.52,15,3.18,7595.0,-38.7,60.2,1.08,435,1.1
meanrevert_tight,1.0,1.2,6.0,2.52,20,3.19,10186.2,-52.4,60.2,0.94,435,1.1
meanrevert_tight,1.0,1.4,6.0,2.94,3,2.7,1274.4,-24.9,60.2,1.12,435,1.1
meanrevert_tight,1.0,1.4,6.0,2.94,5,2.71,2238.6,-34.2,60.2,1.12,435,1.1
meanrevert_tight,1.0,1.4,6.0,2.94,7,2.73,3201.8,-39.0,60.2,1.13,435,1.1
meanrevert_tight,1.0,1.4,6.0,2.94,10,2.75,4644.1,-37.3,60.2,1.15,435,1.1
meanrevert_tight,1.0,1.4,6.0,2.94,15,2.76,7045.1,-38.7,60.2,1.07,435,1.1
meanrevert_tight,1.0,1.4,6.0,2.94,20,2.76,9444.5,-52.4,60.2,0.94,435,1.1
meanrevert_tight,1.2,0.6,7.2,1.26,3,5.59,1864.1,-20.1,54.4,1.36,436,1.1
meanrevert_tight,1.2,0.6,7.2,1.26,5,5.58,3219.1,-33.3,54.4,1.26,436,1.1
meanrevert_tight,1.2,0.6,7.2,1.26,7,5.6,4573.4,-32.7,54.4,1.28,436,1.1
meanrevert_tight,1.2,0.6,7.2,1.26,10,5.6,6605.0,-31.4,54.4,1.26,436,1.1
meanrevert_tight,1.2,0.6,7.2,1.26,15,5.6,9993.1,-35.7,54.4,1.12,436,1.1
meanrevert_tight,1.2,0.6,7.2,1.26,20,5.62,13379.6,-49.4,54.4,0.94,436,1.1
meanrevert_tight,1.2,0.8,7.2,1.68,3,4.42,1757.3,-21.8,54.8,1.31,434,1.1
meanrevert_tight,1.2,0.8,7.2,1.68,5,4.41,3041.3,-33.5,54.8,1.24,434,1.1
meanrevert_tight,1.2,0.8,7.2,1.68,7,4.43,4324.5,-32.8,54.8,1.27,434,1.1
meanrevert_tight,1.2,0.8,7.2,1.68,10,4.45,6248.8,-31.5,54.8,1.25,434,1.1
meanrevert_tight,1.2,0.8,7.2,1.68,15,4.45,9457.0,-35.7,54.8,1.11,434,1.1
meanrevert_tight,1.2,0.8,7.2,1.68,20,4.46,12668.3,-49.4,54.8,0.93,434,1.1
meanrevert_tight,1.2,1.0,7.2,2.1,3,3.69,1660.8,-22.0,55.3,1.27,434,1.1
meanrevert_tight,1.2,1.0,7.2,2.1,5,3.68,2880.6,-33.8,55.3,1.21,434,1.1
meanrevert_tight,1.2,1.0,7.2,2.1,7,3.7,4099.9,-35.0,55.3,1.22,434,1.1
meanrevert_tight,1.2,1.0,7.2,2.1,10,3.71,5928.3,-33.5,55.3,1.22,434,1.1
meanrevert_tight,1.2,1.0,7.2,2.1,15,3.71,8974.2,-35.7,55.3,1.1,434,1.1
meanrevert_tight,1.2,1.0,7.2,2.1,20,3.72,12027.4,-49.4,55.3,0.93,434,1.1
meanrevert_tight,1.2,1.2,7.2,2.52,3,3.21,1570.5,-23.3,55.9,1.23,433,1.1
meanrevert_tight,1.2,1.2,7.2,2.52,5,3.2,2730.7,-34.0,55.9,1.18,433,1.1
meanrevert_tight,1.2,1.2,7.2,2.52,7,3.21,3891.0,-37.5,55.9,1.18,433,1.1
meanrevert_tight,1.2,1.2,7.2,2.52,10,3.22,5629.9,-35.8,55.9,1.19,433,1.1
meanrevert_tight,1.2,1.2,7.2,2.52,15,3.22,8526.1,-35.7,55.9,1.09,433,1.1
meanrevert_tight,1.2,1.2,7.2,2.52,20,3.22,11429.9,-49.4,55.9,0.94,433,1.1
meanrevert_tight,1.2,1.4,7.2,2.94,3,2.79,1448.5,-23.7,55.9,1.18,433,1.1
meanrevert_tight,1.2,1.4,7.2,2.94,5,2.77,2527.0,-34.2,55.9,1.14,433,1.1
meanrevert_tight,1.2,1.4,7.2,2.94,7,2.78,3608.8,-40.3,55.9,1.13,433,1.1
meanrevert_tight,1.2,1.4,7.2,2.94,10,2.79,5226.4,-38.4,55.9,1.15,433,1.1
meanrevert_tight,1.2,1.4,7.2,2.94,15,2.79,7913.6,-37.4,55.9,1.07,433,1.1
meanrevert_tight,1.2,1.4,7.2,2.94,20,2.79,10613.5,-49.4,55.9,0.94,433,1.1
meanrevert_tight,1.4,0.6,8.4,1.26,3,5.64,2032.8,-20.1,50.5,1.44,434,1.1
meanrevert_tight,1.4,0.6,8.4,1.26,5,5.62,3500.2,-33.3,50.5,1.31,434,1.1
meanrevert_tight,1.4,0.6,8.4,1.26,7,5.62,4967.3,-32.1,50.5,1.33,434,1.1
meanrevert_tight,1.4,0.6,8.4,1.26,10,5.62,7167.3,-30.9,50.5,1.29,434,1.1
meanrevert_tight,1.4,0.6,8.4,1.26,15,5.63,10837.1,-32.7,50.5,1.13,434,1.1
meanrevert_tight,1.4,0.6,8.4,1.26,20,5.65,14504.1,-46.4,50.5,0.93,434,1.1
meanrevert_tight,1.4,0.8,8.4,1.68,3,4.45,1917.6,-20.2,50.9,1.4,432,1.1
meanrevert_tight,1.4,0.8,8.4,1.68,5,4.44,3308.4,-33.5,50.9,1.29,432,1.1
meanrevert_tight,1.4,0.8,8.4,1.68,7,4.45,4698.5,-32.2,50.9,1.31,432,1.1
meanrevert_tight,1.4,0.8,8.4,1.68,10,4.46,6783.3,-31.0,50.9,1.28,432,1.1
meanrevert_tight,1.4,0.8,8.4,1.68,15,4.47,10258.4,-34.2,50.9,1.12,432,1.1
meanrevert_tight,1.4,0.8,8.4,1.68,20,4.48,13737.0,-48.4,50.9,0.92,432,1.1
meanrevert_tight,1.4,1.0,8.4,2.1,3,3.82,1849.9,-20.4,52.0,1.36,431,1.1
meanrevert_tight,1.4,1.0,8.4,2.1,5,3.8,3195.2,-33.8,52.0,1.26,431,1.1
meanrevert_tight,1.4,1.0,8.4,2.1,7,3.8,4539.9,-34.8,52.0,1.27,431,1.1
meanrevert_tight,1.4,1.0,8.4,2.1,10,3.81,6557.3,-33.3,52.0,1.25,431,1.1
meanrevert_tight,1.4,1.0,8.4,2.1,15,3.81,9917.2,-37.1,52.0,1.11,431,1.1
meanrevert_tight,1.4,1.0,8.4,2.1,20,3.82,13283.4,-51.6,52.0,0.93,431,1.1
meanrevert_tight,1.4,1.2,8.4,2.52,3,3.37,1775.7,-22.0,52.9,1.31,429,1.1
meanrevert_tight,1.4,1.2,8.4,2.52,5,3.34,3071.4,-34.0,52.9,1.24,429,1.1
meanrevert_tight,1.4,1.2,8.4,2.52,7,3.35,4367.4,-37.6,52.9,1.22,429,1.1
meanrevert_tight,1.4,1.2,8.4,2.52,10,3.36,6311.6,-35.9,52.9,1.22,429,1.1
meanrevert_tight,1.4,1.2,8.4,2.52,15,3.36,9547.5,-40.1,52.9,1.1,429,1.1
meanrevert_tight,1.4,1.2,8.4,2.52,20,3.36,12788.9,-54.8,52.9,0.93,429,1.1
meanrevert_tight,1.4,1.4,8.4,2.94,3,2.92,1646.5,-23.6,52.9,1.26,429,1.1
meanrevert_tight,1.4,1.4,8.4,2.94,5,2.9,2856.5,-34.2,52.9,1.2,429,1.1
meanrevert_tight,1.4,1.4,8.4,2.94,7,2.9,4068.5,-41.0,52.9,1.17,429,1.1
meanrevert_tight,1.4,1.4,8.4,2.94,10,2.91,5883.4,-39.0,52.9,1.18,429,1.1
meanrevert_tight,1.4,1.4,8.4,2.94,15,2.91,8902.6,-43.1,52.9,1.09,429,1.1
meanrevert_tight,1.4,1.4,8.4,2.94,20,2.91,11923.4,-57.8,52.9,0.93,429,1.1
meanrevert_hybrid,0.6,0.6,3.6,1.8,3,3.43,1929.3,-32.5,67.2,1.17,870,1.0
meanrevert_hybrid,0.6,0.6,3.6,1.8,5,3.44,3327.6,-47.3,67.2,1.1,870,1.0
meanrevert_hybrid,0.6,0.6,3.6,1.8,7,3.44,4725.0,-45.1,67.2,1.14,870,1.0
meanrevert_hybrid,0.6,0.6,3.6,1.8,10,3.44,6821.1,-48.2,67.2,1.12,870,1.0
meanrevert_hybrid,0.6,0.6,3.6,1.8,15,3.44,10318.7,-51.9,67.2,1.09,870,1.0
meanrevert_hybrid,0.6,0.6,3.6,1.8,20,3.45,13814.2,-58.1,67.2,1.02,870,1.0
meanrevert_hybrid,0.6,0.8,3.6,2.4,3,2.65,1671.4,-32.5,67.2,1.09,870,1.0
meanrevert_hybrid,0.6,0.8,3.6,2.4,5,2.65,2898.3,-53.5,67.2,1.01,870,1.0
meanrevert_hybrid,0.6,0.8,3.6,2.4,7,2.65,4124.1,-51.4,67.2,1.06,870,1.0
meanrevert_hybrid,0.6,0.8,3.6,2.4,10,2.65,5959.8,-51.0,67.2,1.08,870,1.0
meanrevert_hybrid,0.6,0.8,3.6,2.4,15,2.65,9029.9,-63.8,67.2,1.06,870,1.0
meanrevert_hybrid,0.6,0.8,3.6,2.4,20,2.65,12098.1,-61.4,67.2,1.02,870,1.0
meanrevert_hybrid,0.6,1.0,3.6,3.0,3,2.19,1443.6,-32.5,67.6,1.03,868,1.0
meanrevert_hybrid,0.6,1.0,3.6,3.0,5,2.19,2517.2,-53.5,67.6,0.98,868,1.0
meanrevert_hybrid,0.6,1.0,3.6,3.0,7,2.2,3591.0,-59.8,67.6,0.99,868,1.0
meanrevert_hybrid,0.6,1.0,3.6,3.0,10,2.2,5197.8,-57.4,67.6,1.04,868,1.0
meanrevert_hybrid,0.6,1.0,3.6,3.0,15,2.19,7876.4,-70.8,67.6,1.04,868,1.0
meanrevert_hybrid,0.6,1.0,3.6,3.0,20,2.19,10568.3,-76.6,67.6,1.02,868,1.0
meanrevert_hybrid,0.6,1.2,3.6,3.6,3,1.87,1203.8,-32.5,67.9,0.95,865,1.0
meanrevert_hybrid,0.6,1.2,3.6,3.6,5,1.87,2119.5,-53.5,67.9,0.95,865,1.0
meanrevert_hybrid,0.6,1.2,3.6,3.6,7,1.87,3036.9,-71.5,67.9,0.89,865,1.0
meanrevert_hybrid,0.6,1.2,3.6,3.6,10,1.87,4405.6,-68.3,67.9,0.98,865,1.0
meanrevert_hybrid,0.6,1.2,3.6,3.6,15,1.87,6673.7,-74.7,67.9,1.04,865,1.0
meanrevert_hybrid,0.6,1.2,3.6,3.6,20,1.87,8943.4,-87.3,67.9,1.0,865,1.0
meanrevert_hybrid,0.6,1.4,3.6,4.2,3,1.64,970.9,-34.3,68.1,0.89,862,1.0
meanrevert_hybrid,0.6,1.4,3.6,4.2,5,1.63,1730.6,-53.5,68.1,0.93,862,1.0
meanrevert_hybrid,0.6,1.4,3.6,4.2,7,1.63,2489.9,-74.0,68.1,0.88,862,1.0
meanrevert_hybrid,0.6,1.4,3.6,4.2,10,1.63,3629.9,-80.6,68.1,0.87,862,1.0
meanrevert_hybrid,0.6,1.4,3.6,4.2,15,1.63,5511.0,-78.7,68.1,1.0,862,1.0
meanrevert_hybrid,0.6,1.4,3.6,4.2,20,1.63,7384.8,-89.5,68.1,1.04,862,1.0
meanrevert_hybrid,0.8,0.6,4.8,1.8,3,3.9,2626.5,-32.2,63.3,1.34,866,1.0
meanrevert_hybrid,0.8,0.6,4.8,1.8,5,3.9,4489.5,-35.6,63.3,1.33,866,1.0
meanrevert_hybrid,0.8,0.6,4.8,1.8,7,3.9,6352.7,-34.3,63.3,1.31,866,1.0
meanrevert_hybrid,0.8,0.6,4.8,1.8,10,3.91,9149.5,-35.9,63.3,1.28,866,1.0
meanrevert_hybrid,0.8,0.6,4.8,1.8,15,3.92,13803.5,-41.6,63.3,1.18,866,1.0
meanrevert_hybrid,0.8,0.6,4.8,1.8,20,3.93,18456.9,-55.3,63.3,1.01,866,1.0
meanrevert_hybrid,0.8,0.8,4.8,2.4,3,3.05,2362.0,-32.2,63.6,1.28,863,1.0
meanrevert_hybrid,0.8,0.8,4.8,2.4,5,3.05,4048.8,-40.1,63.6,1.24,863,1.0
meanrevert_hybrid,0.8,0.8,4.8,2.4,7,3.05,5735.6,-38.5,63.6,1.24,863,1.0
meanrevert_hybrid,0.8,0.8,4.8,2.4,10,3.06,8268.6,-42.8,63.6,1.22,863,1.0
meanrevert_hybrid,0.8,0.8,4.8,2.4,15,3.06,12481.8,-41.8,63.6,1.15,863,1.0
meanrevert_hybrid,0.8,0.8,4.8,2.4,20,3.07,16692.4,-55.3,63.6,1.01,863,1.0
meanrevert_hybrid,0.8,1.0,4.8,3.0,3,2.53,2110.7,-32.2,64.0,1.22,861,1.0
meanrevert_hybrid,0.8,1.0,4.8,3.0,5,2.53,3629.7,-46.1,64.0,1.14,861,1.0
meanrevert_hybrid,0.8,1.0,4.8,3.0,7,2.53,5149.0,-43.9,64.0,1.17,861,1.0
meanrevert_hybrid,0.8,1.0,4.8,3.0,10,2.52,7431.2,-50.5,64.0,1.15,861,1.0
meanrevert_hybrid,0.8,1.0,4.8,3.0,15,2.53,11227.8,-48.9,64.0,1.11,861,1.0
meanrevert_hybrid,0.8,1.0,4.8,3.0,20,2.54,15017.8,-57.6,64.0,1.0,861,1.0
meanrevert_hybrid,0.8,1.2,4.8,3.6,3,2.18,1870.5,-32.2,64.5,1.15,856,1.0
meanrevert_hybrid,0.8,1.2,4.8,3.6,5,2.18,3230.3,-53.1,64.5,1.04,856,1.0
meanrevert_hybrid,0.8,1.2,4.8,3.6,7,2.18,4589.2,-51.2,64.5,1.09,856,1.0
meanrevert_hybrid,0.8,1.2,4.8,3.6,10,2.17,6629.8,-54.1,64.5,1.1,856,1.0
meanrevert_hybrid,0.8,1.2,4.8,3.6,15,2.18,10034.9,-58.0,64.5,1.08,856,1.0
meanrevert_hybrid,0.8,1.2,4.8,3.6,20,2.18,13424.5,-64.5,64.5,1.01,856,1.0
meanrevert_hybrid,0.8,1.4,4.8,4.2,3,1.92,1635.6,-32.2,64.9,1.09,854,1.0
meanrevert_hybrid,0.8,1.4,4.8,4.2,5,1.91,2837.6,-53.1,64.9,1.01,854,1.0
meanrevert_hybrid,0.8,1.4,4.8,4.2,7,1.91,4040.6,-57.0,64.9,1.02,854,1.0
meanrevert_hybrid,0.8,1.4,4.8,4.2,10,1.91,5838.0,-57.0,64.9,1.06,854,1.0
meanrevert_hybrid,0.8,1.4,4.8,4.2,15,1.91,8857.3,-69.7,64.9,1.06,854,1.0
meanrevert_hybrid,0.8,1.4,4.8,4.2,20,1.92,11859.0,-70.3,64.9,1.02,854,1.0
meanrevert_hybrid,1.0,0.6,6.0,1.8,3,3.99,3057.6,-31.8,58.1,1.42,859,1.0
meanrevert_hybrid,1.0,0.6,6.0,1.8,5,3.98,5208.2,-34.5,58.1,1.4,859,1.0
meanrevert_hybrid,1.0,0.6,6.0,1.8,7,3.98,7358.3,-33.3,58.1,1.36,859,1.0
meanrevert_hybrid,1.0,0.6,6.0,1.8,10,3.98,10585.9,-35.2,58.1,1.31,859,1.0
meanrevert_hybrid,1.0,0.6,6.0,1.8,15,3.99,15961.8,-46.7,58.1,1.19,859,1.0
meanrevert_hybrid,1.0,0.6,6.0,1.8,20,3.99,21333.7,-57.9,58.1,1.01,859,1.0
meanrevert_hybrid,1.0,0.8,6.0,2.4,3,3.13,2755.6,-31.8,58.5,1.36,853,1.1
meanrevert_hybrid,1.0,0.8,6.0,2.4,5,3.12,4705.6,-39.3,58.5,1.3,853,1.1
meanrevert_hybrid,1.0,0.8,6.0,2.4,7,3.12,6655.0,-37.7,58.5,1.29,853,1.1
meanrevert_hybrid,1.0,0.8,6.0,2.4,10,3.11,9582.7,-42.0,58.5,1.24,853,1.1
meanrevert_hybrid,1.0,0.8,6.0,2.4,15,3.12,14456.8,-47.2,58.5,1.16,853,1.1
meanrevert_hybrid,1.0,0.8,6.0,2.4,20,3.12,19326.4,-58.6,58.5,1.01,853,1.1
meanrevert_hybrid,1.0,1.0,6.0,3.0,3,2.61,2482.0,-31.8,59.0,1.3,849,1.1
meanrevert_hybrid,1.0,1.0,6.0,3.0,5,2.59,4249.0,-46.3,59.0,1.18,849,1.1
meanrevert_hybrid,1.0,1.0,6.0,3.0,7,2.59,6016.2,-44.0,59.0,1.2,849,1.1
meanrevert_hybrid,1.0,1.0,6.0,3.0,10,2.59,8665.4,-50.4,59.0,1.17,849,1.1
meanrevert_hybrid,1.0,1.0,6.0,3.0,15,2.59,13085.5,-50.2,59.0,1.13,849,1.1
meanrevert_hybrid,1.0,1.0,6.0,3.0,20,2.59,17502.7,-61.7,59.0,1.01,849,1.1
meanrevert_hybrid,1.0,1.2,6.0,3.6,3,2.24,2194.1,-31.8,59.4,1.23,843,1.1
meanrevert_hybrid,1.0,1.2,6.0,3.6,5,2.23,3769.2,-52.7,59.4,1.07,843,1.1
meanrevert_hybrid,1.0,1.2,6.0,3.6,7,2.22,5345.3,-53.3,59.4,1.1,843,1.1
meanrevert_hybrid,1.0,1.2,6.0,3.6,10,2.22,7705.5,-55.0,59.4,1.12,843,1.1
meanrevert_hybrid,1.0,1.2,6.0,3.6,15,2.22,11650.4,-63.5,59.4,1.09,843,1.1
meanrevert_hybrid,1.0,1.2,6.0,3.6,20,2.22,15590.8,-67.3,59.4,1.02,843,1.1
meanrevert_hybrid,1.0,1.4,6.0,4.2,3,1.97,1931.7,-31.8,59.9,1.16,838,1.1
meanrevert_hybrid,1.0,1.4,6.0,4.2,5,1.96,3327.7,-52.7,59.9,1.04,838,1.1
meanrevert_hybrid,1.0,1.4,6.0,4.2,7,1.96,4734.1,-59.3,59.9,1.03,838,1.1
meanrevert_hybrid,1.0,1.4,6.0,4.2,10,1.96,6825.5,-58.7,59.9,1.07,838,1.1
meanrevert_hybrid,1.0,1.4,6.0,4.2,15,1.95,10314.7,-75.6,59.9,1.06,838,1.1
meanrevert_hybrid,1.0,1.4,6.0,4.2,20,1.95,13816.0,-83.7,59.9,0.99,838,1.1
meanrevert_hybrid,1.2,0.6,7.2,1.8,3,4.01,3397.4,-31.5,53.6,1.5,851,1.1
meanrevert_hybrid,1.2,0.6,7.2,1.8,5,4.0,5774.7,-31.8,53.6,1.48,851,1.1
meanrevert_hybrid,1.2,0.6,7.2,1.8,7,3.99,8153.0,-31.2,53.6,1.42,851,1.1
meanrevert_hybrid,1.2,0.6,7.2,1.8,10,4.0,11718.8,-33.5,53.6,1.37,851,1.1
meanrevert_hybrid,1.2,0.6,7.2,1.8,15,4.01,17661.4,-46.7,53.6,1.21,851,1.1
meanrevert_hybrid,1.2,0.6,7.2,1.8,20,4.01,23599.0,-57.9,53.6,1.0,851,1.1
meanrevert_hybrid,1.2,0.8,7.2,2.4,3,3.19,3107.1,-31.5,54.3,1.43,845,1.1
meanrevert_hybrid,1.2,0.8,7.2,2.4,5,3.18,5291.0,-36.5,54.3,1.38,845,1.1
meanrevert_hybrid,1.2,0.8,7.2,2.4,7,3.17,7474.8,-35.1,54.3,1.34,845,1.1
meanrevert_hybrid,1.2,0.8,7.2,2.4,10,3.17,10754.1,-35.1,54.3,1.31,845,1.1
meanrevert_hybrid,1.2,0.8,7.2,2.4,15,3.18,16213.6,-47.2,54.3,1.18,845,1.1
meanrevert_hybrid,1.2,0.8,7.2,2.4,20,3.18,21667.5,-58.6,54.3,1.0,845,1.1
meanrevert_hybrid,1.2,1.0,7.2,3.0,3,2.66,2810.0,-31.5,54.9,1.37,840,1.1
meanrevert_hybrid,1.2,1.0,7.2,3.0,5,2.65,4801.5,-40.7,54.9,1.28,840,1.1
meanrevert_hybrid,1.2,1.0,7.2,3.0,7,2.64,6788.5,-39.0,54.9,1.27,840,1.1
meanrevert_hybrid,1.2,1.0,7.2,3.0,10,2.64,9775.4,-43.2,54.9,1.24,840,1.1
meanrevert_hybrid,1.2,1.0,7.2,3.0,15,2.64,14747.9,-50.2,54.9,1.15,840,1.1
meanrevert_hybrid,1.2,1.0,7.2,3.0,20,2.65,19706.3,-61.7,54.9,1.0,840,1.1
meanrevert_hybrid,1.2,1.2,7.2,3.6,3,2.32,2551.5,-31.5,55.7,1.31,835,1.1
meanrevert_hybrid,1.2,1.2,7.2,3.6,5,2.3,4366.4,-50.2,55.7,1.14,835,1.1
meanrevert_hybrid,1.2,1.2,7.2,3.6,7,2.3,6183.1,-47.3,55.7,1.18,835,1.1
meanrevert_hybrid,1.2,1.2,7.2,3.6,10,2.29,8907.4,-51.2,55.7,1.16,835,1.1
meanrevert_hybrid,1.2,1.2,7.2,3.6,15,2.3,13448.9,-53.4,55.7,1.12,835,1.1
meanrevert_hybrid,1.2,1.2,7.2,3.6,20,2.3,17992.9,-65.2,55.7,1.01,835,1.1
meanrevert_hybrid,1.2,1.4,7.2,4.2,3,2.06,2293.6,-31.5,56.4,1.25,828,1.1
meanrevert_hybrid,1.2,1.4,7.2,4.2,5,2.05,3940.4,-52.3,56.4,1.08,828,1.1
meanrevert_hybrid,1.2,1.4,7.2,4.2,7,2.05,5589.5,-52.3,56.4,1.11,828,1.1
meanrevert_hybrid,1.2,1.4,7.2,4.2,10,2.04,8043.8,-55.9,56.4,1.12,828,1.1
meanrevert_hybrid,1.2,1.4,7.2,4.2,15,2.04,12171.3,-66.9,56.4,1.08,828,1.1
meanrevert_hybrid,1.2,1.4,7.2,4.2,20,2.04,16270.9,-68.6,56.4,1.03,828,1.1
meanrevert_hybrid,1.4,0.6,8.4,1.8,3,4.0,3644.2,-31.2,49.4,1.54,846,1.1
meanrevert_hybrid,1.4,0.6,8.4,1.8,5,3.98,6184.8,-34.2,49.4,1.48,846,1.1
meanrevert_hybrid,1.4,0.6,8.4,1.8,7,3.97,8724.9,-33.0,49.4,1.42,846,1.1
meanrevert_hybrid,1.4,0.6,8.4,1.8,10,3.98,12537.1,-40.0,49.4,1.36,846,1.1
meanrevert_hybrid,1.4,0.6,8.4,1.8,15,3.98,18884.5,-56.4,49.4,1.2,846,1.1
meanrevert_hybrid,1.4,0.6,8.4,1.8,20,3.99,25223.3,-70.4,49.4,1.0,846,1.1
meanrevert_hybrid,1.4,0.8,8.4,2.4,3,3.2,3341.0,-31.2,50.3,1.47,837,1.1
meanrevert_hybrid,1.4,0.8,8.4,2.4,5,3.18,5679.9,-40.8,50.3,1.35,837,1.1
meanrevert_hybrid,1.4,0.8,8.4,2.4,7,3.17,8017.7,-39.1,50.3,1.33,837,1.1
meanrevert_hybrid,1.4,0.8,8.4,2.4,10,3.18,11529.8,-44.0,50.3,1.29,837,1.1
meanrevert_hybrid,1.4,0.8,8.4,2.4,15,3.18,17365.9,-60.9,50.3,1.16,837,1.1
meanrevert_hybrid,1.4,0.8,8.4,2.4,20,3.18,23203.3,-74.5,50.3,1.0,837,1.1
meanrevert_hybrid,1.4,1.0,8.4,3.0,3,2.66,3015.4,-31.2,50.8,1.41,833,1.1
meanrevert_hybrid,1.4,1.0,8.4,3.0,5,2.64,5137.5,-48.0,50.8,1.21,833,1.1
meanrevert_hybrid,1.4,1.0,8.4,3.0,7,2.64,7263.0,-45.2,50.8,1.24,833,1.1
meanrevert_hybrid,1.4,1.0,8.4,3.0,10,2.63,10449.0,-51.3,50.8,1.2,833,1.1
meanrevert_hybrid,1.4,1.0,8.4,3.0,15,2.64,15746.8,-66.6,50.8,1.13,833,1.1
meanrevert_hybrid,1.4,1.0,8.4,3.0,20,2.63,21030.6,-79.5,50.8,1.01,833,1.1
meanrevert_hybrid,1.4,1.2,8.4,3.6,3,2.31,2726.2,-32.1,51.4,1.35,828,1.2
meanrevert_hybrid,1.4,1.2,8.4,3.6,5,2.3,4653.3,-53.3,51.4,1.12,828,1.2
meanrevert_hybrid,1.4,1.2,8.4,3.6,7,2.29,6579.7,-60.9,51.4,1.07,828,1.2
meanrevert_hybrid,1.4,1.2,8.4,3.6,10,2.28,9471.2,-57.4,51.4,1.11,828,1.2
meanrevert_hybrid,1.4,1.2,8.4,3.6,15,2.28,14295.5,-71.8,51.4,1.07,828,1.2
meanrevert_hybrid,1.4,1.2,8.4,3.6,20,2.28,19092.2,-83.8,51.4,1.02,828,1.2
meanrevert_hybrid,1.4,1.4,8.4,4.2,3,2.06,2472.0,-32.9,52.4,1.29,818,1.2
meanrevert_hybrid,1.4,1.4,8.4,4.2,5,2.06,4233.5,-54.3,52.4,1.09,818,1.2
meanrevert_hybrid,1.4,1.4,8.4,4.2,7,2.05,5992.2,-67.0,52.4,0.99,818,1.2
meanrevert_hybrid,1.4,1.4,8.4,4.2,10,2.05,8623.0,-63.9,52.4,1.06,818,1.2
meanrevert_hybrid,1.4,1.4,8.4,4.2,15,2.04,13012.2,-74.7,52.4,1.06,818,1.2
meanrevert_hybrid,1.4,1.4,8.4,4.2,20,2.04,17389.1,-85.8,52.4,0.97,818,1.2
meanrevert_adaptive,0.6,0.6,3.6,1.8,3,3.5,1880.6,-32.5,67.7,1.16,838,1.0
meanrevert_adaptive,0.6,0.6,3.6,1.8,5,3.5,3246.5,-50.8,67.7,1.07,838,1.0
meanrevert_adaptive,0.6,0.6,3.6,1.8,7,3.51,4611.7,-48.3,67.7,1.11,838,1.0
meanrevert_adaptive,0.6,0.6,3.6,1.8,10,3.5,6658.3,-48.2,67.7,1.11,838,1.0
meanrevert_adaptive,0.6,0.6,3.6,1.8,15,3.51,10074.5,-51.9,67.7,1.09,838,1.0
meanrevert_adaptive,0.6,0.6,3.6,1.8,20,3.52,13488.6,-58.1,67.7,1.02,838,1.0
meanrevert_adaptive,0.6,0.8,3.6,2.4,3,2.7,1635.4,-32.5,67.7,1.09,838,1.0
meanrevert_adaptive,0.6,0.8,3.6,2.4,5,2.7,2837.9,-53.5,67.7,1.01,838,1.0
meanrevert_adaptive,0.6,0.8,3.6,2.4,7,2.7,4040.0,-54.8,67.7,1.04,838,1.0
meanrevert_adaptive,0.6,0.8,3.6,2.4,10,2.7,5839.6,-52.8,67.7,1.07,838,1.0
meanrevert_adaptive,0.6,0.8,3.6,2.4,15,2.7,8848.7,-63.8,67.7,1.06,838,1.0
meanrevert_adaptive,0.6,0.8,3.6,2.4,20,2.71,11856.5,-61.4,67.7,1.02,838,1.0
meanrevert_adaptive,0.6,1.0,3.6,3.0,3,2.24,1420.0,-32.5,68.1,1.03,836,1.0
meanrevert_adaptive,0.6,1.0,3.6,3.0,5,2.24,2478.2,-53.5,68.1,0.98,836,1.0
meanrevert_adaptive,0.6,1.0,3.6,3.0,7,2.24,3537.0,-63.3,68.1,0.96,836,1.0
meanrevert_adaptive,0.6,1.0,3.6,3.0,10,2.24,5121.5,-60.6,68.1,1.02,836,1.0
meanrevert_adaptive,0.6,1.0,3.6,3.0,15,2.24,7758.2,-70.8,68.1,1.03,836,1.0
meanrevert_adaptive,0.6,1.0,3.6,3.0,20,2.24,10410.7,-76.6,68.1,1.02,836,1.0
meanrevert_adaptive,0.6,1.2,3.6,3.6,3,1.91,1193.0,-32.5,68.3,0.96,833,1.0
meanrevert_adaptive,0.6,1.2,3.6,3.6,5,1.91,2102.2,-53.5,68.3,0.95,833,1.0
meanrevert_adaptive,0.6,1.2,3.6,3.6,7,1.91,3010.4,-74.0,68.3,0.86,833,1.0
meanrevert_adaptive,0.6,1.2,3.6,3.6,10,1.91,4371.0,-71.7,68.3,0.94,833,1.0
meanrevert_adaptive,0.6,1.2,3.6,3.6,15,1.91,6621.2,-74.7,68.3,1.02,833,1.0
meanrevert_adaptive,0.6,1.2,3.6,3.6,20,1.91,8871.3,-87.3,68.3,1.0,833,1.0
meanrevert_adaptive,0.6,1.4,3.6,4.2,3,1.66,966.2,-32.5,68.5,0.89,831,1.0
meanrevert_adaptive,0.6,1.4,3.6,4.2,5,1.66,1723.5,-53.5,68.5,0.92,831,1.0
meanrevert_adaptive,0.6,1.4,3.6,4.2,7,1.65,2479.3,-74.0,68.5,0.87,831,1.0
meanrevert_adaptive,0.6,1.4,3.6,4.2,10,1.66,3617.0,-83.2,68.5,0.82,831,1.0
meanrevert_adaptive,0.6,1.4,3.6,4.2,15,1.66,5495.0,-80.8,68.5,0.95,831,1.0
meanrevert_adaptive,0.6,1.4,3.6,4.2,20,1.66,7358.8,-89.5,68.5,1.01,831,1.0
meanrevert_adaptive,0.8,0.6,4.8,1.8,3,4.0,2575.2,-32.2,63.9,1.35,834,1.0
meanrevert_adaptive,0.8,0.6,4.8,1.8,5,4.01,4404.2,-36.2,63.9,1.33,834,1.0
meanrevert_adaptive,0.8,0.6,4.8,1.8,7,4.01,6232.4,-34.9,63.9,1.31,834,1.0
meanrevert_adaptive,0.8,0.6,4.8,1.8,10,4.02,8977.7,-35.9,63.9,1.28,834,1.0
meanrevert_adaptive,0.8,0.6,4.8,1.8,15,4.03,13545.8,-41.6,63.9,1.18,834,1.0
meanrevert_adaptive,0.8,0.6,4.8,1.8,20,4.04,18113.3,-55.3,63.9,1.01,834,1.0
meanrevert_adaptive,0.8,0.8,4.8,2.4,3,3.13,2326.1,-32.2,64.3,1.29,831,1.0
meanrevert_adaptive,0.8,0.8,4.8,2.4,5,3.14,3989.3,-40.2,64.3,1.25,831,1.0
meanrevert_adaptive,0.8,0.8,4.8,2.4,7,3.14,5650.8,-38.6,64.3,1.25,831,1.0
meanrevert_adaptive,0.8,0.8,4.8,2.4,10,3.14,8147.8,-42.8,64.3,1.22,831,1.0
meanrevert_adaptive,0.8,0.8,4.8,2.4,15,3.15,12300.6,-41.8,64.3,1.15,831,1.0
meanrevert_adaptive,0.8,0.8,4.8,2.4,20,3.16,16450.8,-55.3,64.3,1.0,831,1.0
meanrevert_adaptive,0.8,1.0,4.8,3.0,3,2.59,2090.3,-32.2,64.7,1.23,829,1.0
meanrevert_adaptive,0.8,1.0,4.8,3.0,5,2.6,3596.0,-45.3,64.7,1.15,829,1.0
meanrevert_adaptive,0.8,1.0,4.8,3.0,7,2.6,5101.1,-43.2,64.7,1.18,829,1.0
meanrevert_adaptive,0.8,1.0,4.8,3.0,10,2.6,7361.4,-50.5,64.7,1.16,829,1.0
meanrevert_adaptive,0.8,1.0,4.8,3.0,15,2.61,11123.1,-48.9,64.7,1.11,829,1.0
meanrevert_adaptive,0.8,1.0,4.8,3.0,20,2.61,14878.2,-57.6,64.7,1.0,829,1.0
meanrevert_adaptive,0.8,1.2,4.8,3.6,3,2.22,1853.7,-32.2,65.0,1.17,824,1.0
meanrevert_adaptive,0.8,1.2,4.8,3.6,5,2.23,3202.4,-51.7,65.0,1.06,824,1.0
meanrevert_adaptive,0.8,1.2,4.8,3.6,7,2.23,4549.6,-49.1,65.0,1.11,824,1.0
meanrevert_adaptive,0.8,1.2,4.8,3.6,10,2.23,6569.0,-54.1,65.0,1.11,824,1.0
meanrevert_adaptive,0.8,1.2,4.8,3.6,15,2.23,9943.7,-58.0,65.0,1.08,824,1.0
meanrevert_adaptive,0.8,1.2,4.8,3.6,20,2.24,13302.9,-64.5,65.0,1.0,824,1.0
meanrevert_adaptive,0.8,1.4,4.8,4.2,3,1.95,1625.8,-32.2,65.4,1.1,823,1.0
meanrevert_adaptive,0.8,1.4,4.8,4.2,5,1.95,2821.6,-53.1,65.4,1.01,823,1.0
meanrevert_adaptive,0.8,1.4,4.8,4.2,7,1.95,4019.3,-56.9,65.4,1.03,823,1.0
meanrevert_adaptive,0.8,1.4,4.8,4.2,10,1.96,5806.2,-57.0,65.4,1.06,823,1.0
meanrevert_adaptive,0.8,1.4,4.8,4.2,15,1.96,8805.0,-69.7,65.4,1.05,823,1.0
meanrevert_adaptive,0.8,1.4,4.8,4.2,20,1.96,11789.2,-70.3,65.4,1.01,823,1.0
meanrevert_adaptive,1.0,0.6,6.0,1.8,3,4.08,2990.8,-31.8,58.6,1.42,827,1.0
meanrevert_adaptive,1.0,0.6,6.0,1.8,5,4.08,5097.2,-35.7,58.6,1.39,827,1.0
meanrevert_adaptive,1.0,0.6,6.0,1.8,7,4.07,7202.4,-34.4,58.6,1.35,827,1.0
meanrevert_adaptive,1.0,0.6,6.0,1.8,10,4.08,10363.1,-35.2,58.6,1.31,827,1.0
meanrevert_adaptive,1.0,0.6,6.0,1.8,15,4.08,15627.6,-46.7,58.6,1.19,827,1.0
meanrevert_adaptive,1.0,0.6,6.0,1.8,20,4.09,20888.1,-57.9,58.6,1.01,827,1.0
meanrevert_adaptive,1.0,0.8,6.0,2.4,3,3.2,2705.3,-31.8,59.1,1.36,821,1.1
meanrevert_adaptive,1.0,0.8,6.0,2.4,5,3.19,4622.3,-40.1,59.1,1.29,821,1.1
meanrevert_adaptive,1.0,0.8,6.0,2.4,7,3.19,6536.4,-38.6,59.1,1.29,821,1.1
meanrevert_adaptive,1.0,0.8,6.0,2.4,10,3.19,9413.9,-42.0,59.1,1.24,821,1.1
meanrevert_adaptive,1.0,0.8,6.0,2.4,15,3.19,14203.6,-47.2,59.1,1.16,821,1.1
meanrevert_adaptive,1.0,0.8,6.0,2.4,20,3.2,18988.8,-58.6,59.1,1.0,821,1.1
meanrevert_adaptive,1.0,1.0,6.0,3.0,3,2.67,2448.2,-31.8,59.6,1.3,817,1.1
meanrevert_adaptive,1.0,1.0,6.0,3.0,5,2.66,4193.0,-46.5,59.6,1.18,817,1.1
meanrevert_adaptive,1.0,1.0,6.0,3.0,7,2.66,5936.9,-44.3,59.6,1.21,817,1.1
meanrevert_adaptive,1.0,1.0,6.0,3.0,10,2.65,8550.6,-50.4,59.6,1.17,817,1.1
meanrevert_adaptive,1.0,1.0,6.0,3.0,15,2.66,12913.3,-50.2,59.6,1.12,817,1.1
meanrevert_adaptive,1.0,1.0,6.0,3.0,20,2.66,17273.1,-61.7,59.6,1.01,817,1.1
meanrevert_adaptive,1.0,1.2,6.0,3.6,3,2.27,2156.5,-31.8,59.9,1.23,812,1.1
meanrevert_adaptive,1.0,1.2,6.0,3.6,5,2.26,3707.0,-52.7,59.9,1.07,812,1.1
meanrevert_adaptive,1.0,1.2,6.0,3.6,7,2.26,5259.1,-52.3,59.9,1.11,812,1.1
meanrevert_adaptive,1.0,1.2,6.0,3.6,10,2.26,7576.7,-55.0,59.9,1.12,812,1.1
meanrevert_adaptive,1.0,1.2,6.0,3.6,15,2.26,11458.6,-63.5,59.9,1.08,812,1.1
meanrevert_adaptive,1.0,1.2,6.0,3.6,20,2.26,15335.0,-67.3,59.9,1.02,812,1.1
meanrevert_adaptive,1.0,1.4,6.0,4.2,3,2.01,1917.1,-31.8,60.4,1.17,808,1.1
meanrevert_adaptive,1.0,1.4,6.0,4.2,5,2.0,3302.9,-52.7,60.4,1.04,808,1.1
meanrevert_adaptive,1.0,1.4,6.0,4.2,7,2.0,4699.7,-61.9,60.4,1.0,808,1.1
meanrevert_adaptive,1.0,1.4,6.0,4.2,10,2.0,6779.5,-59.5,60.4,1.06,808,1.1
meanrevert_adaptive,1.0,1.4,6.0,4.2,15,1.99,10238.2,-75.6,60.4,1.06,808,1.1
meanrevert_adaptive,1.0,1.4,6.0,4.2,20,1.99,13714.0,-83.7,60.4,0.99,808,1.1
meanrevert_adaptive,1.2,0.6,7.2,1.8,3,4.09,3319.2,-31.5,54.1,1.49,819,1.1
meanrevert_adaptive,1.2,0.6,7.2,1.8,5,4.09,5644.0,-33.4,54.1,1.47,819,1.1
meanrevert_adaptive,1.2,0.6,7.2,1.8,7,4.08,7969.7,-32.2,54.1,1.41,819,1.1
meanrevert_adaptive,1.2,0.6,7.2,1.8,10,4.09,11457.0,-33.5,54.1,1.36,819,1.1
meanrevert_adaptive,1.2,0.6,7.2,1.8,15,4.09,17268.7,-46.7,54.1,1.2,819,1.1
meanrevert_adaptive,1.2,0.6,7.2,1.8,20,4.1,23075.4,-57.9,54.1,1.0,819,1.1
meanrevert_adaptive,1.2,0.8,7.2,2.4,3,3.25,3045.9,-31.5,54.9,1.43,813,1.1
meanrevert_adaptive,1.2,0.8,7.2,2.4,5,3.25,5189.7,-38.0,54.9,1.36,813,1.1
meanrevert_adaptive,1.2,0.8,7.2,2.4,7,3.24,7331.5,-36.5,54.9,1.33,813,1.1
meanrevert_adaptive,1.2,0.8,7.2,2.4,10,3.24,10549.3,-35.3,54.9,1.3,813,1.1
meanrevert_adaptive,1.2,0.8,7.2,2.4,15,3.25,15906.4,-47.2,54.9,1.18,813,1.1
meanrevert_adaptive,1.2,0.8,7.2,2.4,20,3.25,21257.9,-58.6,54.9,0.99,813,1.1
meanrevert_adaptive,1.2,1.0,7.2,3.0,3,2.71,2766.1,-31.5,55.4,1.38,808,1.1
meanrevert_adaptive,1.2,1.0,7.2,3.0,5,2.71,4728.7,-41.8,55.4,1.28,808,1.1
meanrevert_adaptive,1.2,1.0,7.2,3.0,7,2.7,6685.3,-40.1,55.4,1.27,808,1.1
meanrevert_adaptive,1.2,1.0,7.2,3.0,10,2.7,9627.6,-43.2,55.4,1.23,808,1.1
meanrevert_adaptive,1.2,1.0,7.2,3.0,15,2.71,14526.2,-50.2,55.4,1.15,808,1.1
meanrevert_adaptive,1.2,1.0,7.2,3.0,20,2.71,19410.7,-61.7,55.4,0.99,808,1.1
meanrevert_adaptive,1.2,1.2,7.2,3.6,3,2.35,2503.2,-31.5,56.1,1.31,804,1.1
meanrevert_adaptive,1.2,1.2,7.2,3.6,5,2.34,4286.2,-50.6,56.1,1.13,804,1.1
meanrevert_adaptive,1.2,1.2,7.2,3.6,7,2.34,6072.1,-47.5,56.1,1.18,804,1.1
meanrevert_adaptive,1.2,1.2,7.2,3.6,10,2.33,8743.5,-51.2,56.1,1.16,804,1.1
meanrevert_adaptive,1.2,1.2,7.2,3.6,15,2.34,13203.0,-53.4,56.1,1.12,804,1.1
meanrevert_adaptive,1.2,1.2,7.2,3.6,20,2.34,17665.1,-65.2,56.1,1.01,804,1.1
meanrevert_adaptive,1.2,1.4,7.2,4.2,3,2.1,2271.1,-31.5,56.9,1.25,798,1.1
meanrevert_adaptive,1.2,1.4,7.2,4.2,5,2.09,3902.5,-52.3,56.9,1.08,798,1.1
meanrevert_adaptive,1.2,1.4,7.2,4.2,7,2.09,5537.5,-56.3,56.9,1.08,798,1.1
meanrevert_adaptive,1.2,1.4,7.2,4.2,10,2.09,7969.0,-55.9,56.9,1.1,798,1.1
meanrevert_adaptive,1.2,1.4,7.2,4.2,15,2.09,12054.3,-66.9,56.9,1.08,798,1.1
meanrevert_adaptive,1.2,1.4,7.2,4.2,20,2.09,16114.9,-68.6,56.9,1.03,798,1.1
meanrevert_adaptive,1.4,0.6,8.4,1.8,3,4.14,3603.7,-31.2,50.2,1.53,814,1.1
meanrevert_adaptive,1.4,0.6,8.4,1.8,5,4.12,6117.3,-36.8,50.2,1.45,814,1.1
meanrevert_adaptive,1.4,0.6,8.4,1.8,7,4.11,8629.8,-35.5,50.2,1.4,814,1.1
meanrevert_adaptive,1.4,0.6,8.4,1.8,10,4.12,12401.3,-40.0,50.2,1.35,814,1.1
meanrevert_adaptive,1.4,0.6,8.4,1.8,15,4.12,18680.8,-56.4,50.2,1.2,814,1.1
meanrevert_adaptive,1.4,0.6,8.4,1.8,20,4.13,24951.7,-70.4,50.2,0.99,814,1.1
meanrevert_adaptive,1.4,0.8,8.4,2.4,3,3.32,3321.1,-31.2,51.2,1.48,805,1.1
meanrevert_adaptive,1.4,0.8,8.4,2.4,5,3.3,5648.1,-43.6,51.2,1.31,805,1.1
meanrevert_adaptive,1.4,0.8,8.4,2.4,7,3.29,7970.9,-41.8,51.2,1.31,805,1.1
meanrevert_adaptive,1.4,0.8,8.4,2.4,10,3.29,11463.0,-44.0,51.2,1.27,805,1.1
meanrevert_adaptive,1.4,0.8,8.4,2.4,15,3.29,17265.7,-60.9,51.2,1.16,805,1.1
meanrevert_adaptive,1.4,0.8,8.4,2.4,20,3.3,23069.7,-74.5,51.2,1.0,805,1.1
meanrevert_adaptive,1.4,1.0,8.4,3.0,3,2.76,3016.4,-31.2,51.7,1.42,801,1.1
meanrevert_adaptive,1.4,1.0,8.4,3.0,5,2.74,5138.8,-50.9,51.7,1.18,801,1.1
meanrevert_adaptive,1.4,1.0,8.4,3.0,7,2.74,7266.0,-47.7,51.7,1.22,801,1.1
meanrevert_adaptive,1.4,1.0,8.4,3.0,10,2.73,10451.2,-51.3,51.7,1.19,801,1.1
meanrevert_adaptive,1.4,1.0,8.4,3.0,15,2.74,15750.1,-66.6,51.7,1.13,801,1.1
meanrevert_adaptive,1.4,1.0,8.4,3.0,20,2.74,21035.0,-79.5,51.7,1.01,801,1.1
meanrevert_adaptive,1.4,1.2,8.4,3.6,3,2.39,2742.8,-32.1,52.3,1.36,797,1.2
meanrevert_adaptive,1.4,1.2,8.4,3.6,5,2.38,4681.6,-53.3,52.3,1.12,797,1.2
meanrevert_adaptive,1.4,1.2,8.4,3.6,7,2.37,6619.4,-63.5,52.3,1.04,797,1.2
meanrevert_adaptive,1.4,1.2,8.4,3.6,10,2.37,9523.7,-60.0,52.3,1.09,797,1.2
meanrevert_adaptive,1.4,1.2,8.4,3.6,15,2.37,14373.7,-71.8,52.3,1.07,797,1.2
meanrevert_adaptive,1.4,1.2,8.4,3.6,20,2.37,19196.4,-83.8,52.3,1.02,797,1.2
meanrevert_adaptive,1.4,1.4,8.4,4.2,3,2.14,2501.0,-32.9,53.3,1.3,788,1.2
meanrevert_adaptive,1.4,1.4,8.4,4.2,5,2.13,4277.0,-54.3,53.3,1.1,788,1.2
meanrevert_adaptive,1.4,1.4,8.4,4.2,7,2.13,6051.2,-74.8,53.3,0.89,788,1.2
meanrevert_adaptive,1.4,1.4,8.4,4.2,10,2.12,8722.0,-73.4,53.3,0.96,788,1.2
meanrevert_adaptive,1.4,1.4,8.4,4.2,15,2.12,13156.2,-74.7,53.3,1.03,788,1.2
meanrevert_adaptive,1.4,1.4,8.4,4.2,20,2.12,17581.1,-85.8,53.3,0.98,788,1.2
weakshort,0.6,0.6,3.0,1.5,3,3.67,370.2,-19.8,69.6,0.93,257,1.0
weakshort,0.6,0.6,3.0,1.5,5,3.71,729.2,-30.8,69.6,0.94,257,1.0
weakshort,0.6,0.6,3.0,1.5,7,3.72,1089.1,-40.5,69.6,0.94,257,1.0
weakshort,0.6,0.6,3.0,1.5,10,3.72,1627.1,-53.0,69.6,0.94,257,1.0
weakshort,0.6,0.6,3.0,1.5,15,3.66,2522.6,-69.9,69.6,0.96,257,1.0
weakshort,0.6,0.6,3.0,1.5,20,3.62,3426.1,-79.4,69.6,0.98,257,1.0
weakshort,0.6,0.8,3.0,2.0,3,2.84,310.5,-22.3,69.6,0.85,257,1.0
weakshort,0.6,0.8,3.0,2.0,5,2.86,629.7,-31.3,69.6,0.89,257,1.0
weakshort,0.6,0.8,3.0,2.0,7,2.88,950.4,-41.1,69.6,0.9,257,1.0
weakshort,0.6,0.8,3.0,2.0,10,2.88,1428.9,-53.7,69.6,0.92,257,1.0
weakshort,0.6,0.8,3.0,2.0,15,2.85,2224.5,-70.6,69.6,0.96,257,1.0
weakshort,0.6,0.8,3.0,2.0,20,2.8,3016.5,-83.7,69.6,0.98,257,1.0
weakshort,0.6,1.0,3.0,2.5,3,2.33,251.5,-24.9,69.6,0.77,257,1.1
weakshort,0.6,1.0,3.0,2.5,5,2.33,530.2,-31.9,69.6,0.84,257,1.1
weakshort,0.6,1.0,3.0,2.5,7,2.34,810.0,-41.8,69.6,0.85,257,1.1
weakshort,0.6,1.0,3.0,2.5,10,2.34,1228.4,-54.4,69.6,0.89,257,1.1
weakshort,0.6,1.0,3.0,2.5,15,2.33,1921.4,-71.3,69.6,0.95,257,1.1
weakshort,0.6,1.0,3.0,2.5,20,2.31,2614.7,-84.2,69.6,1.0,257,1.1
weakshort,0.6,1.2,3.0,3.0,3,2.01,202.8,-25.9,70.0,0.7,257,1.1
weakshort,0.6,1.2,3.0,3.0,5,2.01,445.8,-32.4,70.0,0.78,257,1.1
weakshort,0.6,1.2,3.0,3.0,7,2.01,689.3,-42.4,70.0,0.82,257,1.1
weakshort,0.6,1.2,3.0,3.0,10,2.02,1057.4,-55.2,70.0,0.86,257,1.1
weakshort,0.6,1.2,3.0,3.0,15,2.02,1664.1,-71.9,70.0,0.95,257,1.1
weakshort,0.6,1.2,3.0,3.0,20,2.0,2260.2,-84.7,70.0,1.02,257,1.1
weakshort,0.6,1.4,3.0,3.5,3,1.73,154.1,-26.9,70.0,0.62,257,1.1
weakshort,0.6,1.4,3.0,3.5,5,1.73,344.9,-37.6,70.0,0.71,257,1.1
weakshort,0.6,1.4,3.0,3.5,7,1.73,547.5,-43.0,70.0,0.77,257,1.1
weakshort,0.6,1.4,3.0,3.5,10,1.74,852.8,-55.9,70.0,0.83,257,1.1
weakshort,0.6,1.4,3.0,3.5,15,1.74,1356.9,-72.6,70.0,0.95,257,1.1
weakshort,0.6,1.4,3.0,3.5,20,1.73,1854.3,-85.2,70.0,1.05,257,1.1
weakshort,0.8,0.6,4.0,1.5,3,4.01,519.5,-19.1,64.2,1.12,257,1.1
weakshort,0.8,0.6,4.0,1.5,5,4.01,979.4,-29.8,64.2,1.07,257,1.1
weakshort,0.8,0.6,4.0,1.5,7,4.03,1437.9,-39.3,64.2,1.04,257,1.1
weakshort,0.8,0.6,4.0,1.5,10,4.02,2124.3,-51.6,64.2,1.01,257,1.1
weakshort,0.8,0.6,4.0,1.5,15,3.97,3266.9,-68.6,64.2,0.99,257,1.1
weakshort,0.8,0.6,4.0,1.5,20,3.94,4417.4,-80.6,64.2,0.97,257,1.1
weakshort,0.8,0.8,4.0,2.0,3,3.14,458.6,-19.4,64.6,1.05,257,1.1
weakshort,0.8,0.8,4.0,2.0,5,3.15,877.5,-30.3,64.6,1.02,257,1.1
weakshort,0.8,0.8,4.0,2.0,7,3.17,1295.1,-39.9,64.6,1.0,257,1.1
weakshort,0.8,0.8,4.0,2.0,10,3.18,1920.3,-52.4,64.6,0.99,257,1.1
weakshort,0.8,0.8,4.0,2.0,15,3.16,2960.0,-69.3,64.6,0.98,257,1.1
weakshort,0.8,0.8,4.0,2.0,20,3.11,3994.1,-82.8,64.6,0.98,257,1.1
weakshort,0.8,1.0,4.0,2.5,3,2.55,389.8,-19.8,64.6,0.96,257,1.1
weakshort,0.8,1.0,4.0,2.5,5,2.57,760.4,-30.9,64.6,0.97,257,1.1
weakshort,0.8,1.0,4.0,2.5,7,2.58,1132.5,-40.6,64.6,0.96,257,1.1
weakshort,0.8,1.0,4.0,2.5,10,2.59,1688.2,-53.1,64.6,0.96,257,1.1
weakshort,0.8,1.0,4.0,2.5,15,2.58,2607.2,-70.0,64.6,0.98,257,1.1
weakshort,0.8,1.0,4.0,2.5,20,2.57,3523.1,-83.3,64.6,0.99,257,1.1
weakshort,0.8,1.2,4.0,3.0,3,2.25,350.9,-21.7,65.8,0.91,257,1.1
weakshort,0.8,1.2,4.0,3.0,5,2.27,695.0,-31.4,65.8,0.94,257,1.1
weakshort,0.8,1.2,4.0,3.0,7,2.28,1042.7,-41.2,65.8,0.93,257,1.1
weakshort,0.8,1.2,4.0,3.0,10,2.28,1559.0,-53.9,65.8,0.94,257,1.1
weakshort,0.8,1.2,4.0,3.0,15,2.28,2410.3,-70.7,65.8,0.97,257,1.1
weakshort,0.8,1.2,4.0,3.0,20,2.26,3263.4,-83.9,65.8,1.0,257,1.1
weakshort,0.8,1.4,4.0,3.5,3,1.94,282.5,-25.6,65.8,0.82,257,1.1
weakshort,0.8,1.4,4.0,3.5,5,1.96,581.1,-31.9,65.8,0.87,257,1.1
weakshort,0.8,1.4,4.0,3.5,7,1.96,881.4,-41.8,65.8,0.88,257,1.1
weakshort,0.8,1.4,4.0,3.5,10,1.97,1329.3,-54.6,65.8,0.91,257,1.1
weakshort,0.8,1.4,4.0,3.5,15,1.97,2068.9,-71.4,65.8,0.97,257,1.1
weakshort,0.8,1.4,4.0,3.5,20,1.96,2788.8,-84.4,65.8,1.02,257,1.1
weakshort,1.0,0.6,5.0,1.5,3,4.14,636.9,-20.7,59.1,1.25,257,1.1
weakshort,1.0,0.6,5.0,1.5,5,4.13,1175.2,-32.1,59.1,1.15,257,1.1
weakshort,1.0,0.6,5.0,1.5,7,4.14,1712.4,-42.1,59.1,1.1,257,1.1
weakshort,1.0,0.6,5.0,1.5,10,4.14,2516.6,-54.8,59.1,1.06,257,1.1
weakshort,1.0,0.6,5.0,1.5,15,4.09,3853.0,-71.6,59.1,1.01,257,1.1
weakshort,1.0,0.6,5.0,1.5,20,4.05,5196.2,-84.3,59.1,0.96,257,1.1
weakshort,1.0,0.8,5.0,2.0,3,3.28,578.1,-21.2,59.9,1.19,257,1.1
weakshort,1.0,0.8,5.0,2.0,5,3.28,1077.3,-32.9,59.9,1.11,257,1.1
weakshort,1.0,0.8,5.0,2.0,7,3.28,1575.7,-43.0,59.9,1.07,257,1.1
weakshort,1.0,0.8,5.0,2.0,10,3.28,2320.5,-55.8,59.9,1.04,257,1.1
weakshort,1.0,0.8,5.0,2.0,15,3.25,3555.4,-72.6,59.9,1.0,257,1.1
weakshort,1.0,0.8,5.0,2.0,20,3.21,4800.3,-85.0,59.9,0.97,257,1.1
weakshort,1.0,1.0,5.0,2.5,3,2.73,510.3,-21.8,60.3,1.11,257,1.1
weakshort,1.0,1.0,5.0,2.5,5,2.73,964.5,-33.7,60.3,1.06,257,1.1
weakshort,1.0,1.0,5.0,2.5,7,2.72,1416.7,-43.9,60.3,1.03,257,1.1
weakshort,1.0,1.0,5.0,2.5,10,2.73,2093.6,-56.8,60.3,1.01,257,1.1
weakshort,1.0,1.0,5.0,2.5,15,2.72,3216.2,-73.5,60.3,1.0,257,1.1
weakshort,1.0,1.0,5.0,2.5,20,2.68,4326.2,-85.9,60.3,0.99,257,1.1
weakshort,1.0,1.2,5.0,3.0,3,2.41,467.8,-22.3,61.5,1.07,257,1.1
weakshort,1.0,1.2,5.0,3.0,5,2.41,892.9,-34.4,61.5,1.03,257,1.1
weakshort,1.0,1.2,5.0,3.0,7,2.4,1316.4,-44.8,61.5,1.0,257,1.1
weakshort,1.0,1.2,5.0,3.0,10,2.4,1951.8,-57.8,61.5,0.99,257,1.1
weakshort,1.0,1.2,5.0,3.0,15,2.38,3002.6,-74.5,61.5,0.99,257,1.1
weakshort,1.0,1.2,5.0,3.0,20,2.36,4038.6,-86.6,61.5,0.99,257,1.1
weakshort,1.0,1.4,5.0,3.5,3,2.1,404.4,-22.8,61.9,0.98,257,1.2
weakshort,1.0,1.4,5.0,3.5,5,2.11,786.3,-35.2,61.9,0.98,257,1.2
weakshort,1.0,1.4,5.0,3.5,7,2.11,1168.1,-45.7,61.9,0.96,257,1.2
weakshort,1.0,1.4,5.0,3.5,10,2.11,1735.6,-58.8,61.9,0.96,257,1.2
weakshort,1.0,1.4,5.0,3.5,15,2.1,2674.3,-75.4,61.9,0.99,257,1.2
weakshort,1.0,1.4,5.0,3.5,20,2.09,3608.3,-87.2,61.9,1.01,257,1.2
weakshort,1.2,0.6,6.0,1.5,3,3.89,691.5,-20.3,53.3,1.3,257,1.1
weakshort,1.2,0.6,6.0,1.5,5,3.87,1268.5,-31.6,53.3,1.19,257,1.1
weakshort,1.2,0.6,6.0,1.5,7,3.86,1843.3,-41.5,53.3,1.15,257,1.1
weakshort,1.2,0.6,6.0,1.5,10,3.85,2703.4,-54.2,53.3,1.09,257,1.1
weakshort,1.2,0.6,6.0,1.5,15,3.82,4142.1,-70.8,53.3,1.03,257,1.1
weakshort,1.2,0.6,6.0,1.5,20,3.82,5579.5,-69.1,53.3,1.09,257,1.1
weakshort,1.2,0.8,6.0,2.0,3,3.08,624.4,-20.9,54.1,1.24,257,1.1
weakshort,1.2,0.8,6.0,2.0,5,3.07,1156.0,-32.4,54.1,1.15,257,1.1
weakshort,1.2,0.8,6.0,2.0,7,3.06,1687.0,-42.4,54.1,1.11,257,1.1
weakshort,1.2,0.8,6.0,2.0,10,3.05,2479.6,-55.2,54.1,1.07,257,1.1
weakshort,1.2,0.8,6.0,2.0,15,3.02,3808.1,-71.7,54.1,1.02,257,1.1
weakshort,1.2,0.8,6.0,2.0,20,3.03,5136.9,-70.0,54.1,1.08,257,1.1
weakshort,1.2,1.0,6.0,2.5,3,2.56,545.7,-21.4,54.5,1.15,257,1.2
weakshort,1.2,1.0,6.0,2.5,5,2.55,1025.4,-33.2,54.5,1.08,257,1.2
weakshort,1.2,1.0,6.0,2.5,7,2.54,1505.0,-43.3,54.5,1.05,257,1.2
weakshort,1.2,1.0,6.0,2.5,10,2.54,2222.4,-56.2,54.5,1.03,257,1.2
weakshort,1.2,1.0,6.0,2.5,15,2.51,3405.9,-73.0,54.5,1.0,257,1.2
weakshort,1.2,1.0,6.0,2.5,20,2.51,4622.3,-79.4,54.5,1.01,257,1.2
weakshort,1.2,1.2,6.0,3.0,3,2.26,496.4,-22.0,55.6,1.09,257,1.2
weakshort,1.2,1.2,6.0,3.0,5,2.25,940.6,-33.9,55.6,1.05,257,1.2
weakshort,1.2,1.2,6.0,3.0,7,2.23,1386.9,-44.3,55.6,1.02,257,1.2
weakshort,1.2,1.2,6.0,3.0,10,2.22,2054.1,-57.3,55.6,1.01,257,1.2
weakshort,1.2,1.2,6.0,3.0,15,2.2,3156.2,-73.9,55.6,1.0,257,1.2
weakshort,1.2,1.2,6.0,3.0,20,2.2,4301.4,-78.8,55.6,1.02,257,1.2
weakshort,1.2,1.4,6.0,3.5,3,1.99,438.2,-22.5,56.4,1.02,257,1.2
weakshort,1.2,1.4,6.0,3.5,5,2.0,843.1,-34.7,56.4,1.01,257,1.2
weakshort,1.2,1.4,6.0,3.5,7,2.0,1249.5,-45.2,56.4,0.99,257,1.2
weakshort,1.2,1.4,6.0,3.5,10,1.99,1856.1,-58.3,56.4,0.99,257,1.2
weakshort,1.2,1.4,6.0,3.5,15,1.98,2855.9,-74.9,56.4,0.99,257,1.2
weakshort,1.2,1.4,6.0,3.5,20,1.96,3863.3,-86.1,56.4,0.98,257,1.2
weakshort,1.4,0.6,7.0,1.5,3,3.7,742.1,-20.0,48.8,1.36,256,1.1
weakshort,1.4,0.6,7.0,1.5,5,3.71,1357.0,-31.1,48.8,1.26,256,1.1
weakshort,1.4,0.6,7.0,1.5,7,3.72,1966.1,-40.9,48.8,1.2,256,1.1
weakshort,1.4,0.6,7.0,1.5,10,3.7,2878.3,-53.5,48.8,1.12,256,1.1
weakshort,1.4,0.6,7.0,1.5,15,3.7,4408.1,-57.5,48.8,1.15,256,1.1
weakshort,1.4,0.6,7.0,1.5,20,3.71,5933.6,-56.0,48.8,1.19,256,1.1
weakshort,1.4,0.8,7.0,2.0,3,2.91,655.9,-20.6,49.2,1.28,256,1.2
weakshort,1.4,0.8,7.0,2.0,5,2.91,1212.6,-31.9,49.2,1.18,256,1.2
weakshort,1.4,0.8,7.0,2.0,7,2.93,1764.3,-41.9,49.2,1.14,256,1.2
weakshort,1.4,0.8,7.0,2.0,10,2.92,2589.5,-54.6,49.2,1.09,256,1.2
weakshort,1.4,0.8,7.0,2.0,15,2.91,3980.5,-64.8,49.2,1.07,256,1.2
weakshort,1.4,0.8,7.0,2.0,20,2.91,5360.5,-63.2,49.2,1.12,256,1.2
weakshort,1.4,1.0,7.0,2.5,3,2.54,603.6,-21.5,50.4,1.22,256,1.2
weakshort,1.4,1.0,7.0,2.5,5,2.53,1121.4,-33.1,50.4,1.13,256,1.2
weakshort,1.4,1.0,7.0,2.5,7,2.53,1641.7,-43.1,50.4,1.1,256,1.2
weakshort,1.4,1.0,7.0,2.5,10,2.53,2413.6,-55.6,50.4,1.06,256,1.2
weakshort,1.4,1.0,7.0,2.5,15,2.5,3700.8,-71.9,50.4,1.02,256,1.2
weakshort,1.4,1.0,7.0,2.5,20,2.51,5009.5,-72.5,50.4,1.05,256,1.2
weakshort,1.4,1.2,7.0,3.0,3,2.21,541.2,-22.4,51.2,1.15,256,1.3
weakshort,1.4,1.2,7.0,3.0,5,2.21,1015.5,-34.4,51.2,1.08,256,1.3
weakshort,1.4,1.2,7.0,3.0,7,2.2,1497.3,-44.6,51.2,1.06,256,1.3
weakshort,1.4,1.2,7.0,3.0,10,2.2,2206.7,-57.3,51.2,1.04,256,1.3
weakshort,1.4,1.2,7.0,3.0,15,2.18,3395.2,-71.2,51.2,1.02,256,1.3
weakshort,1.4,1.2,7.0,3.0,20,2.18,4605.4,-71.9,51.2,1.05,256,1.3
weakshort,1.4,1.4,7.0,3.5,3,2.01,510.7,-22.2,52.7,1.12,256,1.3
weakshort,1.4,1.4,7.0,3.5,5,2.02,965.8,-34.2,52.7,1.07,256,1.3
weakshort,1.4,1.4,7.0,3.5,7,2.03,1426.1,-44.6,52.7,1.06,256,1.3
weakshort,1.4,1.4,7.0,3.5,10,2.03,2104.5,-57.7,52.7,1.03,256,1.3
weakshort,1.4,1.4,7.0,3.5,15,2.01,3227.7,-74.1,52.7,1.01,256,1.3
weakshort,1.4,1.4,7.0,3.5,20,2.02,4397.2,-77.2,52.7,1.03,256,1.3
sniper,0.6,0.6,9.0,3.0,3,2.53,10.9,-14.4,50.0,0.23,28,1.2
sniper,0.6,0.6,9.0,3.0,5,2.51,18.6,-23.9,50.0,0.25,28,1.2
sniper,0.6,0.6,9.0,3.0,7,2.5,26.8,-33.3,50.0,0.27,28,1.2
sniper,0.6,0.6,9.0,3.0,10,2.47,39.7,-47.4,50.0,0.31,28,1.2
sniper,0.6,0.6,9.0,3.0,15,2.43,63.5,-70.5,50.0,0.36,28,1.2
sniper,0.6,0.6,9.0,3.0,20,2.39,90.1,-93.3,50.0,0.4,28,1.2
sniper,0.6,0.8,9.0,4.0,3,1.93,8.6,-14.5,50.0,0.19,28,1.2
sniper,0.6,0.8,9.0,4.0,5,1.91,14.5,-24.1,50.0,0.22,28,1.2
sniper,0.6,0.8,9.0,4.0,7,1.9,20.6,-33.6,50.0,0.24,28,1.2
sniper,0.6,0.8,9.0,4.0,10,1.88,30.1,-47.7,50.0,0.28,28,1.2
sniper,0.6,0.8,9.0,4.0,15,1.85,46.8,-70.8,50.0,0.35,28,1.2
sniper,0.6,0.8,9.0,4.0,20,1.82,64.4,-93.4,50.0,0.39,28,1.2
sniper,0.6,1.0,9.0,5.0,3,1.81,8.5,-14.6,53.6,0.19,28,1.4
sniper,0.6,1.0,9.0,5.0,5,1.8,14.4,-24.3,53.6,0.22,28,1.4
sniper,0.6,1.0,9.0,5.0,7,1.79,20.5,-33.8,53.6,0.24,28,1.4
sniper,0.6,1.0,9.0,5.0,10,1.78,29.8,-47.9,53.6,0.28,28,1.4
sniper,0.6,1.0,9.0,5.0,15,1.75,46.0,-71.0,53.6,0.35,28,1.4
sniper,0.6,1.0,9.0,5.0,20,1.73,62.9,-93.4,53.6,0.39,28,1.4
sniper,0.6,1.2,9.0,6.0,3,1.52,6.4,-14.8,53.6,0.16,28,1.4
sniper,0.6,1.2,9.0,6.0,5,1.51,10.7,-24.5,53.6,0.18,28,1.4
sniper,0.6,1.2,9.0,6.0,7,1.5,15.0,-34.0,53.6,0.21,28,1.4
sniper,0.6,1.2,9.0,6.0,10,1.49,21.4,-48.2,53.6,0.25,28,1.4
sniper,0.6,1.2,9.0,6.0,15,1.46,31.9,-71.2,53.6,0.33,28,1.4
sniper,0.6,1.2,9.0,6.0,20,1.44,41.9,-93.5,53.6,0.39,28,1.4
sniper,0.6,1.4,9.0,7.0,3,1.3,4.4,-14.9,53.6,0.12,28,1.5
sniper,0.6,1.4,9.0,7.0,5,1.3,7.1,-24.7,53.6,0.15,28,1.5
sniper,0.6,1.4,9.0,7.0,7,1.29,9.8,-34.3,53.6,0.18,28,1.5
sniper,0.6,1.4,9.0,7.0,10,1.27,13.5,-48.5,53.6,0.23,28,1.5
sniper,0.6,1.4,9.0,7.0,15,1.25,19.0,-71.4,53.6,0.31,28,1.5
sniper,0.6,1.4,9.0,7.0,20,1.23,23.5,-93.6,53.6,0.39,28,1.5
sniper,0.8,0.6,12.0,3.0,3,2.59,12.6,-15.5,42.9,0.26,28,1.5
sniper,0.8,0.6,12.0,3.0,5,2.57,21.7,-25.5,42.9,0.28,28,1.5
sniper,0.8,0.6,12.0,3.0,7,2.55,31.2,-35.3,42.9,0.3,28,1.5
sniper,0.8,0.6,12.0,3.0,10,2.51,46.6,-49.5,42.9,0.33,28,1.5
sniper,0.8,0.6,12.0,3.0,15,2.46,74.9,-72.3,42.9,0.38,28,1.5
sniper,0.8,0.6,12.0,3.0,20,2.4,106.8,-93.8,42.9,0.4,28,1.5
sniper,0.8,0.8,12.0,4.0,3,1.99,10.1,-15.6,42.9,0.22,28,1.5
sniper,0.8,0.8,12.0,4.0,5,1.97,17.2,-25.7,42.9,0.24,28,1.5
sniper,0.8,0.8,12.0,4.0,7,1.96,24.4,-35.5,42.9,0.26,28,1.5
sniper,0.8,0.8,12.0,4.0,10,1.93,35.8,-49.8,42.9,0.3,28,1.5
sniper,0.8,0.8,12.0,4.0,15,1.89,55.8,-72.5,42.9,0.36,28,1.5
sniper,0.8,0.8,12.0,4.0,20,1.85,76.9,-93.9,42.9,0.4,28,1.5
sniper,0.8,1.0,12.0,5.0,3,1.74,8.7,-15.7,46.4,0.19,28,1.6
sniper,0.8,1.0,12.0,5.0,5,1.73,14.6,-25.8,46.4,0.22,28,1.6
sniper,0.8,1.0,12.0,5.0,7,1.72,20.6,-35.7,46.4,0.24,28,1.6
sniper,0.8,1.0,12.0,5.0,10,1.7,29.7,-50.1,46.4,0.28,28,1.6
sniper,0.8,1.0,12.0,5.0,15,1.67,45.3,-72.7,46.4,0.35,28,1.6
sniper,0.8,1.0,12.0,5.0,20,1.64,61.1,-93.9,46.4,0.39,28,1.6
sniper,0.8,1.2,12.0,6.0,3,1.54,7.1,-15.8,46.4,0.17,28,1.9
sniper,0.8,1.2,12.0,6.0,5,1.53,11.8,-26.0,46.4,0.19,28,1.9
sniper,0.8,1.2,12.0,6.0,7,1.52,16.5,-36.0,46.4,0.22,28,1.9
sniper,0.8,1.2,12.0,6.0,10,1.5,23.5,-50.3,46.4,0.26,28,1.9
sniper,0.8,1.2,12.0,6.0,15,1.47,34.8,-72.9,46.4,0.33,28,1.9
sniper,0.8,1.2,12.0,6.0,20,1.44,45.4,-94.0,46.4,0.39,28,1.9
sniper,0.8,1.4,12.0,7.0,3,1.33,5.0,-16.0,46.4,0.13,28,1.9
sniper,0.8,1.4,12.0,7.0,5,1.32,8.2,-26.2,46.4,0.16,28,1.9
sniper,0.8,1.4,12.0,7.0,7,1.31,11.2,-36.2,46.4,0.19,28,1.9
sniper,0.8,1.4,12.0,7.0,10,1.3,15.4,-50.6,46.4,0.23,28,1.9
sniper,0.8,1.4,12.0,7.0,15,1.27,21.6,-73.2,46.4,0.32,28,1.9
sniper,0.8,1.4,12.0,7.0,20,1.24,26.5,-94.1,46.4,0.39,28,1.9
sniper,1.0,0.6,15.0,3.0,3,2.37,12.1,-15.5,35.7,0.25,28,1.6
sniper,1.0,0.6,15.0,3.0,5,2.36,20.6,-25.5,35.7,0.27,28,1.6
sniper,1.0,0.6,15.0,3.0,7,2.35,29.5,-35.3,35.7,0.29,28,1.6
sniper,1.0,0.6,15.0,3.0,10,2.33,43.6,-49.5,35.7,0.32,28,1.6
sniper,1.0,0.6,15.0,3.0,15,2.3,69.0,-72.3,35.7,0.37,28,1.6
sniper,1.0,0.6,15.0,3.0,20,2.26,96.7,-93.8,35.7,0.4,28,1.6
sniper,1.0,0.8,15.0,4.0,3,1.81,9.2,-15.6,35.7,0.2,28,1.6
sniper,1.0,0.8,15.0,4.0,5,1.8,15.5,-25.7,35.7,0.22,28,1.6
sniper,1.0,0.8,15.0,4.0,7,1.79,21.9,-35.5,35.7,0.25,28,1.6
sniper,1.0,0.8,15.0,4.0,10,1.78,31.7,-49.8,35.7,0.29,28,1.6
sniper,1.0,0.8,15.0,4.0,15,1.75,48.2,-72.5,35.7,0.35,28,1.6
sniper,1.0,0.8,15.0,4.0,20,1.72,64.9,-93.9,35.7,0.39,28,1.6
sniper,1.0,1.0,15.0,5.0,3,1.57,7.5,-15.7,39.3,0.17,28,1.8
sniper,1.0,1.0,15.0,5.0,5,1.57,12.4,-25.8,39.3,0.2,28,1.8
sniper,1.0,1.0,15.0,5.0,7,1.56,17.3,-35.7,39.3,0.22,28,1.8
sniper,1.0,1.0,15.0,5.0,10,1.54,24.6,-50.1,39.3,0.26,28,1.8
sniper,1.0,1.0,15.0,5.0,15,1.52,36.2,-72.7,39.3,0.33,28,1.8
sniper,1.0,1.0,15.0,5.0,20,1.5,47.0,-93.9,39.3,0.39,28,1.8
sniper,1.0,1.2,15.0,6.0,3,1.38,5.6,-15.8,39.3,0.14,28,2.0
sniper,1.0,1.2,15.0,6.0,5,1.37,9.1,-26.0,39.3,0.17,28,2.0
sniper,1.0,1.2,15.0,6.0,7,1.36,12.6,-36.0,39.3,0.19,28,2.0
sniper,1.0,1.2,15.0,6.0,10,1.35,17.3,-50.3,39.3,0.24,28,2.0
sniper,1.0,1.2,15.0,6.0,15,1.32,24.3,-72.9,39.3,0.32,28,2.0
sniper,1.0,1.2,15.0,6.0,20,1.29,29.9,-94.0,39.3,0.39,28,2.0
sniper,1.0,1.4,15.0,7.0,3,1.19,3.2,-16.0,39.3,0.1,28,2.1
sniper,1.0,1.4,15.0,7.0,5,1.18,5.1,-26.2,39.3,0.13,28,2.1
sniper,1.0,1.4,15.0,7.0,7,1.17,6.7,-36.2,39.3,0.16,28,2.1
sniper,1.0,1.4,15.0,7.0,10,1.15,8.6,-50.6,39.3,0.21,28,2.1
sniper,1.0,1.4,15.0,7.0,15,1.13,10.4,-73.2,39.3,0.3,28,2.1
sniper,1.0,1.4,15.0,7.0,20,1.1,10.6,-94.1,39.3,0.38,28,2.1
sniper,1.2,0.6,18.0,3.0,3,2.6,14.3,-15.5,35.7,0.28,28,1.9
sniper,1.2,0.6,18.0,3.0,5,2.59,24.5,-25.5,35.7,0.3,28,1.9
sniper,1.2,0.6,18.0,3.0,7,2.58,35.3,-35.3,35.7,0.32,28,1.9
sniper,1.2,0.6,18.0,3.0,10,2.56,52.6,-49.5,35.7,0.34,28,1.9
sniper,1.2,0.6,18.0,3.0,15,2.52,84.4,-72.3,35.7,0.38,28,1.9
sniper,1.2,0.6,18.0,3.0,20,2.47,119.8,-93.8,35.7,0.4,28,1.9
sniper,1.2,0.8,18.0,4.0,3,2.0,11.4,-15.6,35.7,0.24,28,1.9
sniper,1.2,0.8,18.0,4.0,5,1.98,19.3,-25.7,35.7,0.26,28,1.9
sniper,1.2,0.8,18.0,4.0,7,1.97,27.4,-35.5,35.7,0.28,28,1.9
sniper,1.2,0.8,18.0,4.0,10,1.95,40.0,-49.8,35.7,0.31,28,1.9
sniper,1.2,0.8,18.0,4.0,15,1.91,61.7,-72.5,35.7,0.36,28,1.9
sniper,1.2,0.8,18.0,4.0,20,1.88,84.2,-93.9,35.7,0.4,28,1.9
sniper,1.2,1.0,18.0,5.0,3,1.73,9.6,-15.7,39.3,0.21,28,2.0
sniper,1.2,1.0,18.0,5.0,5,1.72,16.1,-25.8,39.3,0.23,28,2.0
sniper,1.2,1.0,18.0,5.0,7,1.71,22.6,-35.7,39.3,0.25,28,2.0
sniper,1.2,1.0,18.0,5.0,10,1.7,32.4,-50.1,39.3,0.29,28,2.0
sniper,1.2,1.0,18.0,5.0,15,1.67,48.6,-72.7,39.3,0.35,28,2.0
sniper,1.2,1.0,18.0,5.0,20,1.64,64.2,-93.9,39.3,0.4,28,2.0
sniper,1.2,1.2,18.0,6.0,3,1.52,7.7,-15.8,39.3,0.18,28,2.2
sniper,1.2,1.2,18.0,6.0,5,1.51,12.7,-26.0,39.3,0.2,28,2.2
sniper,1.2,1.2,18.0,6.0,7,1.5,17.6,-36.0,39.3,0.22,28,2.2
sniper,1.2,1.2,18.0,6.0,10,1.48,24.7,-50.3,39.3,0.26,28,2.2
sniper,1.2,1.2,18.0,6.0,15,1.45,35.6,-72.9,39.3,0.33,28,2.2
sniper,1.2,1.2,18.0,6.0,20,1.42,45.1,-94.0,39.3,0.39,28,2.2
sniper,1.2,1.4,18.0,7.0,3,1.31,5.3,-16.0,39.3,0.14,28,2.3
sniper,1.2,1.4,18.0,7.0,5,1.3,8.5,-26.2,39.3,0.16,28,2.3
sniper,1.2,1.4,18.0,7.0,7,1.29,11.5,-36.2,39.3,0.19,28,2.3
sniper,1.2,1.4,18.0,7.0,10,1.27,15.4,-50.6,39.3,0.23,28,2.3
sniper,1.2,1.4,18.0,7.0,15,1.24,20.5,-73.2,39.3,0.31,28,2.3
sniper,1.2,1.4,18.0,7.0,20,1.2,23.5,-94.1,39.3,0.39,28,2.3
sniper,1.4,0.6,21.0,3.0,3,2.79,15.9,-15.5,35.7,0.3,28,2.0
sniper,1.4,0.6,21.0,3.0,5,2.79,27.4,-25.5,35.7,0.32,28,2.0
sniper,1.4,0.6,21.0,3.0,7,2.78,39.6,-35.3,35.7,0.34,28,2.0
sniper,1.4,0.6,21.0,3.0,10,2.76,59.3,-49.5,35.7,0.36,28,2.0
sniper,1.4,0.6,21.0,3.0,15,2.73,95.8,-72.3,35.7,0.4,28,2.0
sniper,1.4,0.6,21.0,3.0,20,2.69,137.0,-93.8,35.7,0.41,28,2.0
sniper,1.4,0.8,21.0,4.0,3,2.14,13.0,-15.6,35.7,0.26,28,2.0
sniper,1.4,0.8,21.0,4.0,5,2.13,22.0,-25.7,35.7,0.28,28,2.0
sniper,1.4,0.8,21.0,4.0,7,2.12,31.4,-35.5,35.7,0.3,28,2.0
sniper,1.4,0.8,21.0,4.0,10,2.1,46.1,-49.8,35.7,0.33,28,2.0
sniper,1.4,0.8,21.0,4.0,15,2.07,71.8,-72.5,35.7,0.37,28,2.0
sniper,1.4,0.8,21.0,4.0,20,2.03,98.6,-93.9,35.7,0.4,28,2.0
sniper,1.4,1.0,21.0,5.0,3,1.85,11.1,-15.7,39.3,0.23,28,2.2
sniper,1.4,1.0,21.0,5.0,5,1.85,18.7,-25.8,39.3,0.25,28,2.2
sniper,1.4,1.0,21.0,5.0,7,1.84,26.5,-35.7,39.3,0.27,28,2.2
sniper,1.4,1.0,21.0,5.0,10,1.83,38.2,-50.1,39.3,0.31,28,2.2
sniper,1.4,1.0,21.0,5.0,15,1.81,57.8,-72.7,39.3,0.36,28,2.2
sniper,1.4,1.0,21.0,5.0,20,1.78,77.1,-93.9,39.3,0.4,28,2.2
sniper,1.4,1.2,21.0,6.0,3,1.62,9.2,-15.8,39.3,0.2,28,2.4
sniper,1.4,1.2,21.0,6.0,5,1.62,15.3,-26.0,39.3,0.22,28,2.4
sniper,1.4,1.2,21.0,6.0,7,1.61,21.3,-36.0,39.3,0.25,28,2.4
sniper,1.4,1.2,21.0,6.0,10,1.59,30.1,-50.3,39.3,0.28,28,2.4
sniper,1.4,1.2,21.0,6.0,15,1.56,44.0,-72.9,39.3,0.35,28,2.4
sniper,1.4,1.2,21.0,6.0,20,1.53,56.5,-94.0,39.3,0.39,28,2.4
sniper,1.4,1.4,21.0,7.0,3,1.4,6.8,-16.0,39.3,0.16,28,2.5
sniper,1.4,1.4,21.0,7.0,5,1.39,11.0,-26.2,39.3,0.18,28,2.5
sniper,1.4,1.4,21.0,7.0,7,1.38,15.0,-36.2,39.3,0.21,28,2.5
sniper,1.4,1.4,21.0,7.0,10,1.36,20.4,-50.6,39.3,0.25,28,2.5
sniper,1.4,1.4,21.0,7.0,15,1.33,27.9,-73.2,39.3,0.33,28,2.5
sniper,1.4,1.4,21.0,7.0,20,1.29,33.2,-94.1,39.3,0.39,28,2.5
scalp,0.6,0.6,4.8,1.8,3,2.85,1730.5,-15.5,55.4,1.54,1285,1.1
scalp,0.6,0.6,4.8,1.8,5,2.83,3819.5,-20.5,55.4,1.58,1285,1.1
scalp,0.6,0.6,4.8,1.8,7,2.78,5910.2,-26.6,55.4,1.52,1285,1.1
scalp,0.6,0.6,4.8,1.8,10,2.79,9050.3,-26.4,55.4,1.49,1285,1.1
scalp,0.6,0.6,4.8,1.8,15,2.83,14275.3,-34.4,55.4,1.44,1285,1.1
scalp,0.6,0.6,4.8,1.8,20,2.84,19493.5,-34.0,55.4,1.42,1285,1.1
scalp,0.6,0.8,4.8,2.4,3,2.22,1274.9,-20.7,55.8,1.27,1284,1.1
scalp,0.6,0.8,4.8,2.4,5,2.27,3061.4,-22.6,55.8,1.41,1284,1.1
scalp,0.6,0.8,4.8,2.4,7,2.2,4851.8,-26.6,55.8,1.4,1284,1.1
scalp,0.6,0.8,4.8,2.4,10,2.19,7538.9,-27.4,55.8,1.37,1284,1.1
scalp,0.6,0.8,4.8,2.4,15,2.22,12006.9,-35.1,55.8,1.35,1284,1.1
scalp,0.6,0.8,4.8,2.4,20,2.24,16469.0,-36.4,55.8,1.34,1284,1.1
scalp,0.6,1.0,4.8,3.0,3,1.89,931.2,-27.5,57.0,1.07,1280,1.1
scalp,0.6,1.0,4.8,3.0,5,1.95,2489.2,-23.0,57.0,1.29,1280,1.1
scalp,0.6,1.0,4.8,3.0,7,1.92,4040.5,-26.6,57.0,1.29,1280,1.1
scalp,0.6,1.0,4.8,3.0,10,1.88,6378.1,-34.2,57.0,1.26,1280,1.1
scalp,0.6,1.0,4.8,3.0,15,1.89,10290.0,-35.4,57.0,1.27,1280,1.1
scalp,0.6,1.0,4.8,3.0,20,1.91,14180.5,-46.5,57.0,1.25,1280,1.1
scalp,0.6,1.2,4.8,3.6,3,1.67,632.9,-28.1,58.1,0.94,1271,1.1
scalp,0.6,1.2,4.8,3.6,5,1.71,1913.9,-23.5,58.1,1.15,1271,1.1
scalp,0.6,1.2,4.8,3.6,7,1.73,3236.1,-31.9,58.1,1.18,1271,1.1
scalp,0.6,1.2,4.8,3.6,10,1.68,5218.2,-38.1,58.1,1.18,1271,1.1
scalp,0.6,1.2,4.8,3.6,15,1.66,8561.9,-41.3,58.1,1.19,1271,1.1
scalp,0.6,1.2,4.8,3.6,20,1.67,11881.7,-47.2,58.1,1.21,1271,1.1
scalp,0.6,1.4,4.8,4.2,3,1.48,407.3,-28.3,58.6,0.8,1267,1.1
scalp,0.6,1.4,4.8,4.2,5,1.48,1287.1,-33.6,58.6,0.96,1267,1.1
scalp,0.6,1.4,4.8,4.2,7,1.52,2359.7,-32.4,58.6,1.07,1267,1.1
scalp,0.6,1.4,4.8,4.2,10,1.52,3952.1,-44.6,58.6,1.09,1267,1.1
scalp,0.6,1.4,4.8,4.2,15,1.48,6650.2,-54.8,58.6,1.14,1267,1.1
scalp,0.6,1.4,4.8,4.2,20,1.48,9395.4,-48.9,58.6,1.17,1267,1.1
scalp,0.8,0.6,6.4,1.8,3,3.18,2544.3,-13.2,50.2,1.91,1276,1.1
scalp,0.8,0.6,6.4,1.8,5,3.09,5178.4,-20.2,50.2,1.83,1276,1.1
scalp,0.8,0.6,6.4,1.8,7,3.06,7811.5,-20.7,50.2,1.73,1276,1.1
scalp,0.8,0.6,6.4,1.8,10,3.08,11761.9,-24.6,50.2,1.65,1276,1.1
scalp,0.8,0.6,6.4,1.8,15,3.11,18341.1,-26.2,50.2,1.61,1276,1.1
scalp,0.8,0.6,6.4,1.8,20,3.12,24910.5,-34.0,50.2,1.52,1276,1.1
scalp,0.8,0.8,6.4,2.4,3,2.48,2032.6,-13.2,50.6,1.69,1275,1.1
scalp,0.8,0.8,6.4,2.4,5,2.45,4323.5,-20.2,50.6,1.66,1275,1.1
scalp,0.8,0.8,6.4,2.4,7,2.42,6614.6,-26.2,50.6,1.57,1275,1.1
scalp,0.8,0.8,6.4,2.4,10,2.41,10059.1,-27.9,50.6,1.53,1275,1.1
scalp,0.8,0.8,6.4,2.4,15,2.44,15788.2,-33.4,50.6,1.46,1275,1.1
scalp,0.8,0.8,6.4,2.4,20,2.45,21501.1,-36.4,50.6,1.44,1275,1.1
scalp,0.8,1.0,6.4,3.0,3,2.08,1618.1,-16.5,51.7,1.47,1270,1.1
scalp,0.8,1.0,6.4,3.0,5,2.11,3631.5,-20.2,51.7,1.52,1270,1.1
scalp,0.8,1.0,6.4,3.0,7,2.06,5648.3,-26.2,51.7,1.48,1270,1.1
scalp,0.8,1.0,6.4,3.0,10,2.05,8675.1,-28.1,51.7,1.41,1270,1.1
scalp,0.8,1.0,6.4,3.0,15,2.06,13710.4,-34.3,51.7,1.38,1270,1.1
scalp,0.8,1.0,6.4,3.0,20,2.07,18731.5,-38.7,51.7,1.36,1270,1.1
scalp,0.8,1.2,6.4,3.6,3,1.81,1222.1,-21.5,52.8,1.24,1260,1.2
scalp,0.8,1.2,6.4,3.6,5,1.86,2977.7,-21.2,52.8,1.39,1260,1.2
scalp,0.8,1.2,6.4,3.6,7,1.83,4725.5,-26.2,52.8,1.37,1260,1.2
scalp,0.8,1.2,6.4,3.6,10,1.81,7343.3,-33.6,52.8,1.3,1260,1.2
scalp,0.8,1.2,6.4,3.6,15,1.8,11742.3,-39.3,52.8,1.29,1260,1.2
scalp,0.8,1.2,6.4,3.6,20,1.81,16116.5,-45.6,52.8,1.27,1260,1.2
scalp,0.8,1.4,6.4,4.2,3,1.6,826.6,-27.8,53.4,1.02,1255,1.2
scalp,0.8,1.4,6.4,4.2,5,1.64,2308.5,-21.5,53.4,1.25,1255,1.2
scalp,0.8,1.4,6.4,4.2,7,1.65,3784.9,-27.7,53.4,1.25,1255,1.2
scalp,0.8,1.4,6.4,4.2,10,1.62,6013.6,-35.4,53.4,1.23,1255,1.2
scalp,0.8,1.4,6.4,4.2,15,1.6,9724.3,-40.0,53.4,1.22,1255,1.2
scalp,0.8,1.4,6.4,4.2,20,1.61,13440.3,-46.2,53.4,1.22,1255,1.2
scalp,1.0,0.6,8.0,1.8,3,3.18,2843.2,-13.0,44.4,2.01,1268,1.2
scalp,1.0,0.6,8.0,1.8,5,3.08,5681.0,-19.9,44.4,1.88,1268,1.2
scalp,1.0,0.6,8.0,1.8,7,3.04,8512.6,-20.1,44.4,1.77,1268,1.2
scalp,1.0,0.6,8.0,1.8,10,3.05,12760.0,-22.5,44.4,1.69,1268,1.2
scalp,1.0,0.6,8.0,1.8,15,3.07,19838.2,-26.2,44.4,1.62,1268,1.2
scalp,1.0,0.6,8.0,1.8,20,3.08,26906.8,-34.0,44.4,1.53,1268,1.2
scalp,1.0,0.8,8.0,2.4,3,2.56,2381.5,-13.0,45.5,1.83,1265,1.2
scalp,1.0,0.8,8.0,2.4,5,2.53,4907.8,-19.9,45.5,1.73,1265,1.2
scalp,1.0,0.8,8.0,2.4,7,2.48,7432.6,-25.8,45.5,1.61,1265,1.2
scalp,1.0,0.8,8.0,2.4,10,2.46,11221.7,-26.8,45.5,1.55,1265,1.2
scalp,1.0,0.8,8.0,2.4,15,2.47,17529.0,-33.6,45.5,1.48,1265,1.2
scalp,1.0,0.8,8.0,2.4,20,2.48,23817.2,-36.4,45.5,1.44,1265,1.2
scalp,1.0,1.0,8.0,3.0,3,2.13,1901.8,-14.1,46.4,1.6,1259,1.2
scalp,1.0,1.0,8.0,3.0,5,2.16,4105.3,-19.9,46.4,1.58,1259,1.2
scalp,1.0,1.0,8.0,3.0,7,2.1,6314.0,-25.8,46.4,1.51,1259,1.2
scalp,1.0,1.0,8.0,3.0,10,2.07,9618.6,-29.5,46.4,1.42,1259,1.2
scalp,1.0,1.0,8.0,3.0,15,2.08,15120.7,-33.6,46.4,1.39,1259,1.2
scalp,1.0,1.0,8.0,3.0,20,2.09,20610.6,-44.4,46.4,1.33,1259,1.2
scalp,1.0,1.2,8.0,3.6,3,1.86,1487.2,-17.9,47.7,1.37,1247,1.3
scalp,1.0,1.2,8.0,3.6,5,1.91,3423.3,-20.9,47.7,1.46,1247,1.3
scalp,1.0,1.2,8.0,3.6,7,1.88,5347.3,-26.1,47.7,1.4,1247,1.3
scalp,1.0,1.2,8.0,3.6,10,1.84,8235.2,-35.9,47.7,1.33,1247,1.3
scalp,1.0,1.2,8.0,3.6,15,1.83,13058.8,-37.9,47.7,1.3,1247,1.3
scalp,1.0,1.2,8.0,3.6,20,1.83,17855.6,-44.5,47.7,1.28,1247,1.3
scalp,1.0,1.4,8.0,4.2,3,1.66,1077.7,-24.2,48.5,1.14,1242,1.3
scalp,1.0,1.4,8.0,4.2,5,1.69,2744.2,-21.2,48.5,1.33,1242,1.3
scalp,1.0,1.4,8.0,4.2,7,1.7,4388.6,-28.8,48.5,1.29,1242,1.3
scalp,1.0,1.4,8.0,4.2,10,1.66,6865.9,-39.3,48.5,1.26,1242,1.3
scalp,1.0,1.4,8.0,4.2,15,1.64,11004.2,-50.0,48.5,1.22,1242,1.3
scalp,1.0,1.4,8.0,4.2,20,1.64,15124.6,-44.6,48.5,1.23,1242,1.3
scalp,1.2,0.6,9.6,1.8,3,2.97,2864.9,-12.8,39.4,2.0,1254,1.2
scalp,1.2,0.6,9.6,1.8,5,2.89,5722.7,-19.6,39.4,1.88,1254,1.2
scalp,1.2,0.6,9.6,1.8,7,2.88,8574.0,-21.6,39.4,1.8,1254,1.2
scalp,1.2,0.6,9.6,1.8,10,2.89,12844.0,-21.9,39.4,1.73,1254,1.2
scalp,1.2,0.6,9.6,1.8,15,2.91,19951.9,-29.1,39.4,1.66,1254,1.2
scalp,1.2,0.6,9.6,1.8,20,2.91,27071.5,-37.8,39.4,1.55,1254,1.2
scalp,1.2,0.8,9.6,2.4,3,2.4,2385.9,-12.8,40.6,1.8,1250,1.2
scalp,1.2,0.8,9.6,2.4,5,2.36,4921.1,-19.6,40.6,1.74,1250,1.2
scalp,1.2,0.8,9.6,2.4,7,2.33,7453.8,-22.2,40.6,1.64,1250,1.2
scalp,1.2,0.8,9.6,2.4,10,2.34,11254.9,-28.1,40.6,1.59,1250,1.2
scalp,1.2,0.8,9.6,2.4,15,2.36,17562.2,-30.7,40.6,1.52,1250,1.2
scalp,1.2,0.8,9.6,2.4,20,2.36,23852.1,-39.7,40.6,1.46,1250,1.2
scalp,1.2,1.0,9.6,3.0,3,2.04,1898.6,-14.0,41.7,1.57,1242,1.3
scalp,1.2,1.0,9.6,3.0,5,2.03,4101.5,-19.6,41.7,1.57,1242,1.3
scalp,1.2,1.0,9.6,3.0,7,1.99,6318.3,-25.4,41.7,1.51,1242,1.3
scalp,1.2,1.0,9.6,3.0,10,1.98,9630.8,-30.3,41.7,1.46,1242,1.3
scalp,1.2,1.0,9.6,3.0,15,1.99,15134.2,-32.8,41.7,1.42,1242,1.3
scalp,1.2,1.0,9.6,3.0,20,2.0,20607.4,-40.4,41.7,1.38,1242,1.3
scalp,1.2,1.2,9.6,3.6,3,1.81,1486.4,-17.8,43.3,1.36,1230,1.3
scalp,1.2,1.2,9.6,3.6,5,1.82,3422.3,-20.6,43.3,1.44,1230,1.3
scalp,1.2,1.2,9.6,3.6,7,1.78,5353.9,-26.4,43.3,1.4,1230,1.3
scalp,1.2,1.2,9.6,3.6,10,1.76,8266.9,-34.2,43.3,1.35,1230,1.3
scalp,1.2,1.2,9.6,3.6,15,1.77,13089.9,-34.9,43.3,1.33,1230,1.3
scalp,1.2,1.2,9.6,3.6,20,1.77,17886.4,-43.7,43.3,1.29,1230,1.3
scalp,1.2,1.4,9.6,4.2,3,1.63,1108.5,-23.4,44.4,1.15,1222,1.4
scalp,1.2,1.4,9.6,4.2,5,1.63,2794.8,-21.6,44.4,1.32,1222,1.4
scalp,1.2,1.4,9.6,4.2,7,1.62,4457.4,-29.3,44.4,1.29,1222,1.4
scalp,1.2,1.4,9.6,4.2,10,1.59,6993.1,-39.9,44.4,1.27,1222,1.4
scalp,1.2,1.4,9.6,4.2,15,1.59,11214.4,-42.2,44.4,1.26,1222,1.4
scalp,1.2,1.4,9.6,4.2,20,1.6,15403.8,-43.7,44.4,1.26,1222,1.4
scalp,1.4,0.6,11.2,1.8,3,2.97,3087.8,-12.6,36.5,2.05,1243,1.3
scalp,1.4,0.6,11.2,1.8,5,2.9,6099.3,-19.2,36.5,1.93,1243,1.3
scalp,1.4,0.6,11.2,1.8,7,2.89,9106.0,-21.2,36.5,1.88,1243,1.3
scalp,1.4,0.6,11.2,1.8,10,2.91,13604.7,-24.1,36.5,1.81,1243,1.3
scalp,1.4,0.6,11.2,1.8,15,2.93,21108.1,-29.1,36.5,1.73,1243,1.3
scalp,1.4,0.6,11.2,1.8,20,2.93,28600.9,-34.0,36.5,1.62,1243,1.3
scalp,1.4,0.8,11.2,2.4,3,2.41,2589.0,-12.6,37.7,1.86,1239,1.3
scalp,1.4,0.8,11.2,2.4,5,2.35,5269.2,-19.3,37.7,1.79,1239,1.3
scalp,1.4,0.8,11.2,2.4,7,2.34,7942.7,-22.0,37.7,1.72,1239,1.3
scalp,1.4,0.8,11.2,2.4,10,2.35,11951.2,-22.8,37.7,1.68,1239,1.3
scalp,1.4,0.8,11.2,2.4,15,2.37,18606.8,-30.7,37.7,1.62,1239,1.3
scalp,1.4,0.8,11.2,2.4,20,2.37,25272.8,-39.7,37.7,1.53,1239,1.3
scalp,1.4,1.0,11.2,3.0,3,2.06,2086.9,-13.2,38.9,1.64,1230,1.3
scalp,1.4,1.0,11.2,3.0,5,2.01,4425.9,-19.3,38.9,1.61,1230,1.3
scalp,1.4,1.0,11.2,3.0,7,1.99,6768.5,-23.9,38.9,1.55,1230,1.3
scalp,1.4,1.0,11.2,3.0,10,1.99,10293.3,-29.0,38.9,1.53,1230,1.3
scalp,1.4,1.0,11.2,3.0,15,2.01,16122.0,-31.3,38.9,1.49,1230,1.3
scalp,1.4,1.0,11.2,3.0,20,2.01,21921.7,-40.4,38.9,1.44,1230,1.3
scalp,1.4,1.2,11.2,3.6,3,1.82,1623.9,-16.2,40.3,1.41,1218,1.4
scalp,1.4,1.2,11.2,3.6,5,1.8,3655.6,-21.2,40.3,1.46,1218,1.4
scalp,1.4,1.2,11.2,3.6,7,1.77,5694.0,-24.9,40.3,1.43,1218,1.4
scalp,1.4,1.2,11.2,3.6,10,1.76,8748.8,-30.2,40.3,1.4,1218,1.4
scalp,1.4,1.2,11.2,3.6,15,1.77,13819.9,-32.6,40.3,1.38,1218,1.4
scalp,1.4,1.2,11.2,3.6,20,1.77,18851.5,-41.8,40.3,1.36,1218,1.4
scalp,1.4,1.4,11.2,4.2,3,1.66,1263.4,-20.7,41.5,1.23,1211,1.4
scalp,1.4,1.4,11.2,4.2,5,1.63,3052.0,-21.6,41.5,1.35,1211,1.4
scalp,1.4,1.4,11.2,4.2,7,1.6,4849.2,-25.6,41.5,1.34,1211,1.4
scalp,1.4,1.4,11.2,4.2,10,1.59,7552.4,-32.8,41.5,1.32,1211,1.4
scalp,1.4,1.4,11.2,4.2,15,1.6,12046.4,-34.0,41.5,1.33,1211,1.4
scalp,1.4,1.4,11.2,4.2,20,1.61,16490.3,-43.2,41.5,1.31,1211,1.4
alpha,0.6,0.6,4.8,1.8,3,3.19,21.0,-14.4,58.3,0.31,12,1.0
alpha,0.6,0.6,4.8,1.8,5,3.2,36.5,-24.0,58.3,0.34,12,1.0
alpha,0.6,0.6,4.8,1.8,7,3.21,53.1,-33.6,58.3,0.37,12,1.0
alpha,0.6,0.6,4.8,1.8,10,3.22,80.3,-47.4,58.3,0.42,12,1.0
alpha,0.6,0.6,4.8,1.8,15,3.31,127.9,-57.5,58.3,0.5,12,1.0
alpha,0.6,0.6,4.8,1.8,20,3.3,172.2,-74.8,58.3,0.55,12,1.0
alpha,0.6,0.8,4.8,2.4,3,2.44,17.8,-14.4,58.3,0.28,12,1.0
alpha,0.6,0.8,4.8,2.4,5,2.44,30.3,-24.0,58.3,0.31,12,1.0
alpha,0.6,0.8,4.8,2.4,7,2.43,43.3,-33.6,58.3,0.34,12,1.0
alpha,0.6,0.8,4.8,2.4,10,2.41,63.5,-48.0,58.3,0.39,12,1.0
alpha,0.6,0.8,4.8,2.4,15,2.46,101.1,-64.3,58.3,0.48,12,1.0
alpha,0.6,0.8,4.8,2.4,20,2.46,135.3,-75.9,58.3,0.54,12,1.0
alpha,0.6,1.0,4.8,3.0,3,1.97,14.5,-14.4,58.3,0.24,12,1.0
alpha,0.6,1.0,4.8,3.0,5,1.96,24.3,-24.0,58.3,0.27,12,1.0
alpha,0.6,1.0,4.8,3.0,7,1.94,34.0,-33.6,58.3,0.31,12,1.0
alpha,0.6,1.0,4.8,3.0,10,1.91,48.2,-48.0,58.3,0.36,12,1.0
alpha,0.6,1.0,4.8,3.0,15,1.85,69.7,-71.9,58.3,0.45,12,1.0
alpha,0.6,1.0,4.8,3.0,20,1.84,90.8,-87.9,58.3,0.5,12,1.0
alpha,0.6,1.2,4.8,3.6,3,1.65,11.4,-14.4,58.3,0.21,12,1.0
alpha,0.6,1.2,4.8,3.6,5,1.63,18.5,-24.0,58.3,0.24,12,1.0
alpha,0.6,1.2,4.8,3.6,7,1.6,25.2,-33.6,58.3,0.27,12,1.0
alpha,0.6,1.2,4.8,3.6,10,1.56,34.0,-48.0,58.3,0.33,12,1.0
alpha,0.6,1.2,4.8,3.6,15,1.49,44.6,-71.9,58.3,0.43,12,1.0
alpha,0.6,1.2,4.8,3.6,20,1.41,48.9,-95.9,58.3,0.44,12,1.0
alpha,0.6,1.4,4.8,4.2,3,1.41,8.3,-14.4,58.3,0.17,12,1.0
alpha,0.6,1.4,4.8,4.2,5,1.39,13.0,-24.0,58.3,0.2,12,1.0
alpha,0.6,1.4,4.8,4.2,7,1.36,16.9,-33.6,58.3,0.24,12,1.0
alpha,0.6,1.4,4.8,4.2,10,1.31,20.9,-48.0,58.3,0.3,12,1.0
alpha,0.6,1.4,4.8,4.2,15,1.23,22.5,-71.9,58.3,0.4,12,1.0
alpha,0.6,1.4,4.8,4.2,20,1.14,17.2,-95.9,58.3,0.43,12,1.0
alpha,0.8,0.6,6.4,1.8,3,3.0,23.9,-19.0,50.0,0.34,12,1.1
alpha,0.8,0.6,6.4,1.8,5,2.96,41.5,-30.6,50.0,0.37,12,1.1
alpha,0.8,0.6,6.4,1.8,7,2.92,60.3,-41.5,50.0,0.39,12,1.1
alpha,0.8,0.6,6.4,1.8,10,2.93,92.1,-54.6,50.0,0.44,12,1.1
alpha,0.8,0.6,6.4,1.8,15,2.96,144.7,-64.0,50.0,0.51,12,1.1
alpha,0.8,0.6,6.4,1.8,20,2.95,195.2,-72.9,50.0,0.55,12,1.1
alpha,0.8,0.8,6.4,2.4,3,2.3,19.9,-19.4,50.0,0.3,12,1.1
alpha,0.8,0.8,6.4,2.4,5,2.26,33.8,-31.3,50.0,0.33,12,1.1
alpha,0.8,0.8,6.4,2.4,7,2.22,48.1,-42.3,50.0,0.36,12,1.1
alpha,0.8,0.8,6.4,2.4,10,2.17,70.0,-57.3,50.0,0.41,12,1.1
alpha,0.8,0.8,6.4,2.4,15,2.22,113.5,-71.9,50.0,0.49,12,1.1
alpha,0.8,0.8,6.4,2.4,20,2.19,149.4,-80.9,50.0,0.55,12,1.1
alpha,0.8,1.0,6.4,3.0,3,1.86,16.0,-19.9,50.0,0.26,12,1.1
alpha,0.8,1.0,6.4,3.0,5,1.82,26.5,-31.9,50.0,0.29,12,1.1
alpha,0.8,1.0,6.4,3.0,7,1.79,36.6,-43.1,50.0,0.32,12,1.1
alpha,0.8,1.0,6.4,3.0,10,1.73,50.8,-58.2,50.0,0.37,12,1.1
alpha,0.8,1.0,6.4,3.0,15,1.66,72.9,-79.2,50.0,0.46,12,1.1
alpha,0.8,1.0,6.4,3.0,20,1.63,92.9,-94.7,50.0,0.47,12,1.1
alpha,0.8,1.2,6.4,3.6,3,1.56,12.2,-20.3,50.0,0.21,12,1.1
alpha,0.8,1.2,6.4,3.6,5,1.52,19.5,-32.6,50.0,0.24,12,1.1
alpha,0.8,1.2,6.4,3.6,7,1.49,25.9,-43.8,50.0,0.28,12,1.1
alpha,0.8,1.2,6.4,3.6,10,1.43,33.7,-59.1,50.0,0.33,12,1.1
alpha,0.8,1.2,6.4,3.6,15,1.33,40.6,-80.5,50.0,0.43,12,1.1
alpha,0.8,1.2,6.4,3.6,20,1.25,40.2,-97.5,50.0,0.44,12,1.1
alpha,0.8,1.4,6.4,4.2,3,1.34,8.5,-20.8,50.0,0.17,12,1.2
alpha,0.8,1.4,6.4,4.2,5,1.3,12.8,-33.2,50.0,0.2,12,1.2
alpha,0.8,1.4,6.4,4.2,7,1.27,15.9,-44.6,50.0,0.23,12,1.2
alpha,0.8,1.4,6.4,4.2,10,1.21,18.2,-59.9,50.0,0.29,12,1.2
alpha,0.8,1.4,6.4,4.2,15,1.12,15.2,-81.1,50.0,0.4,12,1.2
alpha,0.8,1.4,6.4,4.2,20,1.03,4.4,-97.6,50.0,0.43,12,1.2
alpha,1.0,0.6,8.0,1.8,3,3.78,34.4,-19.0,50.0,0.44,12,1.1
alpha,1.0,0.6,8.0,1.8,5,3.72,61.2,-30.6,50.0,0.46,12,1.1
alpha,1.0,0.6,8.0,1.8,7,3.75,92.0,-40.1,50.0,0.49,12,1.1
alpha,1.0,0.6,8.0,1.8,10,3.8,137.8,-46.2,50.0,0.53,12,1.1
alpha,1.0,0.6,8.0,1.8,15,3.83,214.5,-54.7,50.0,0.57,12,1.1
alpha,1.0,0.6,8.0,1.8,20,3.81,287.0,-72.9,50.0,0.57,12,1.1
alpha,1.0,0.8,8.0,2.4,3,2.9,30.1,-19.4,50.0,0.4,12,1.1
alpha,1.0,0.8,8.0,2.4,5,2.84,52.5,-31.3,50.0,0.42,12,1.1
alpha,1.0,0.8,8.0,2.4,7,2.8,76.7,-42.1,50.0,0.45,12,1.1
alpha,1.0,0.8,8.0,2.4,10,2.89,118.4,-50.3,50.0,0.5,12,1.1
alpha,1.0,0.8,8.0,2.4,15,2.84,178.9,-58.7,50.0,0.55,12,1.1
alpha,1.0,0.8,8.0,2.4,20,2.86,241.9,-72.9,50.0,0.57,12,1.1
alpha,1.0,1.0,8.0,3.0,3,2.34,25.8,-19.9,50.0,0.36,12,1.1
alpha,1.0,1.0,8.0,3.0,5,2.29,44.1,-31.9,50.0,0.38,12,1.1
alpha,1.0,1.0,8.0,3.0,7,2.24,62.9,-43.1,50.0,0.41,12,1.1
alpha,1.0,1.0,8.0,3.0,10,2.25,94.8,-55.4,50.0,0.46,12,1.1
alpha,1.0,1.0,8.0,3.0,15,2.26,146.0,-65.6,50.0,0.52,12,1.1
alpha,1.0,1.0,8.0,3.0,20,2.19,187.3,-74.1,50.0,0.57,12,1.1
alpha,1.0,1.2,8.0,3.6,3,1.97,21.7,-20.3,50.0,0.32,12,1.1
alpha,1.0,1.2,8.0,3.6,5,1.92,36.1,-32.6,50.0,0.34,12,1.1
alpha,1.0,1.2,8.0,3.6,7,1.87,50.1,-43.8,50.0,0.37,12,1.1
alpha,1.0,1.2,8.0,3.6,10,1.81,70.7,-58.6,50.0,0.41,12,1.1
alpha,1.0,1.2,8.0,3.6,15,1.8,107.4,-74.3,50.0,0.49,12,1.1
alpha,1.0,1.2,8.0,3.6,20,1.78,139.5,-85.2,50.0,0.56,12,1.1
alpha,1.0,1.4,8.0,4.2,3,1.69,17.6,-20.8,50.0,0.28,12,1.2
alpha,1.0,1.4,8.0,4.2,5,1.64,28.5,-33.2,50.0,0.3,12,1.2
alpha,1.0,1.4,8.0,4.2,7,1.59,38.2,-44.6,50.0,0.33,12,1.2
alpha,1.0,1.4,8.0,4.2,10,1.52,49.9,-59.9,50.0,0.37,12,1.2
alpha,1.0,1.4,8.0,4.2,15,1.43,64.0,-80.3,50.0,0.46,12,1.2
alpha,1.0,1.4,8.0,4.2,20,1.34,65.7,-97.4,50.0,0.44,12,1.2
alpha,1.2,0.6,9.6,1.8,3,4.55,45.7,-19.0,50.0,0.54,12,1.2
alpha,1.2,0.6,9.6,1.8,5,4.5,83.3,-30.5,50.0,0.55,12,1.2
alpha,1.2,0.6,9.6,1.8,7,4.62,124.1,-35.3,50.0,0.59,12,1.2
alpha,1.2,0.6,9.6,1.8,10,4.65,184.2,-39.9,50.0,0.61,12,1.2
alpha,1.2,0.6,9.6,1.8,15,4.66,281.7,-54.7,50.0,0.62,12,1.2
alpha,1.2,0.6,9.6,1.8,20,4.65,379.8,-72.9,50.0,0.59,12,1.2
alpha,1.2,0.8,9.6,2.4,3,3.49,40.9,-19.4,50.0,0.5,12,1.2
alpha,1.2,0.8,9.6,2.4,5,3.42,73.2,-31.3,50.0,0.51,12,1.2
alpha,1.2,0.8,9.6,2.4,7,3.51,110.4,-37.9,50.0,0.55,12,1.2
alpha,1.2,0.8,9.6,2.4,10,3.5,161.9,-43.5,50.0,0.58,12,1.2
alpha,1.2,0.8,9.6,2.4,15,3.53,249.5,-54.7,50.0,0.61,12,1.2
alpha,1.2,0.8,9.6,2.4,20,3.5,331.3,-72.9,50.0,0.59,12,1.2
alpha,1.2,1.0,9.6,3.0,3,2.82,36.3,-19.9,50.0,0.46,12,1.2
alpha,1.2,1.0,9.6,3.0,5,2.76,63.7,-31.9,50.0,0.48,12,1.2
alpha,1.2,1.0,9.6,3.0,7,2.79,95.3,-40.9,50.0,0.51,12,1.2
alpha,1.2,1.0,9.6,3.0,10,2.81,141.2,-47.3,50.0,0.54,12,1.2
alpha,1.2,1.0,9.6,3.0,15,2.79,213.8,-54.7,50.0,0.59,12,1.2
alpha,1.2,1.0,9.6,3.0,20,2.78,285.3,-72.9,50.0,0.59,12,1.2
alpha,1.2,1.2,9.6,3.6,3,2.37,31.8,-20.3,50.0,0.42,12,1.2
alpha,1.2,1.2,9.6,3.6,5,2.31,54.6,-32.6,50.0,0.44,12,1.2
alpha,1.2,1.2,9.6,3.6,7,2.27,78.9,-43.3,50.0,0.46,12,1.2
alpha,1.2,1.2,9.6,3.6,10,2.33,121.0,-51.4,50.0,0.51,12,1.2
alpha,1.2,1.2,9.6,3.6,15,2.26,175.7,-61.2,50.0,0.56,12,1.2
alpha,1.2,1.2,9.6,3.6,20,2.21,224.7,-72.9,50.0,0.59,12,1.2
alpha,1.2,1.4,9.6,4.2,3,2.04,27.5,-20.8,50.0,0.38,12,1.3
alpha,1.2,1.4,9.6,4.2,5,1.98,46.0,-33.2,50.0,0.4,12,1.3
alpha,1.2,1.4,9.6,4.2,7,1.92,63.9,-44.6,50.0,0.42,12,1.3
alpha,1.2,1.4,9.6,4.2,10,1.91,94.0,-56.8,50.0,0.46,12,1.3
alpha,1.2,1.4,9.6,4.2,15,1.91,142.8,-68.3,50.0,0.54,12,1.3
alpha,1.2,1.4,9.6,4.2,20,1.83,173.1,-79.4,50.0,0.59,12,1.3
alpha,1.4,0.6,11.2,1.8,3,5.32,57.7,-19.0,50.0,0.62,12,1.2
alpha,1.4,0.6,11.2,1.8,5,5.41,106.9,-27.7,50.0,0.65,12,1.2
alpha,1.4,0.6,11.2,1.8,7,5.43,155.5,-31.6,50.0,0.67,12,1.2
alpha,1.4,0.6,11.2,1.8,10,5.49,229.2,-36.5,50.0,0.68,12,1.2
alpha,1.4,0.6,11.2,1.8,15,5.5,351.7,-54.7,50.0,0.67,12,1.2
alpha,1.4,0.6,11.2,1.8,20,5.39,465.3,-72.9,50.0,0.61,12,1.2
alpha,1.4,0.8,11.2,2.4,3,4.08,52.5,-19.4,50.0,0.59,12,1.2
alpha,1.4,0.8,11.2,2.4,5,4.11,96.9,-29.5,50.0,0.61,12,1.2
alpha,1.4,0.8,11.2,2.4,7,4.15,141.4,-33.8,50.0,0.64,12,1.2
alpha,1.4,0.8,11.2,2.4,10,4.19,209.2,-37.8,50.0,0.66,12,1.2
alpha,1.4,0.8,11.2,2.4,15,4.17,317.0,-54.7,50.0,0.65,12,1.2
alpha,1.4,0.8,11.2,2.4,20,4.15,424.0,-72.9,50.0,0.61,12,1.2
alpha,1.4,1.0,11.2,3.0,3,3.3,47.5,-19.9,50.0,0.55,12,1.2
alpha,1.4,1.0,11.2,3.0,5,3.27,86.0,-31.4,50.0,0.56,12,1.2
alpha,1.4,1.0,11.2,3.0,7,3.34,127.6,-36.2,50.0,0.6,12,1.2
alpha,1.4,1.0,11.2,3.0,10,3.33,186.5,-41.1,50.0,0.62,12,1.2
alpha,1.4,1.0,11.2,3.0,15,3.33,283.1,-54.7,50.0,0.64,12,1.2
alpha,1.4,1.0,11.2,3.0,20,3.29,372.5,-72.9,50.0,0.62,12,1.2
alpha,1.4,1.2,11.2,3.6,3,2.77,42.7,-20.3,50.0,0.51,12,1.2
alpha,1.4,1.2,11.2,3.6,5,2.7,75.4,-32.4,50.0,0.52,12,1.2
alpha,1.4,1.2,11.2,3.6,7,2.78,113.7,-38.8,50.0,0.56,12,1.2
alpha,1.4,1.2,11.2,3.6,10,2.74,163.5,-44.8,50.0,0.59,12,1.2
alpha,1.4,1.2,11.2,3.6,15,2.74,247.6,-54.7,50.0,0.62,12,1.2
alpha,1.4,1.2,11.2,3.6,20,2.71,323.8,-72.9,50.0,0.62,12,1.2
alpha,1.4,1.4,11.2,4.2,3,2.38,38.0,-20.8,50.0,0.47,12,1.3
alpha,1.4,1.4,11.2,4.2,5,2.31,65.4,-33.2,50.0,0.48,12,1.3
alpha,1.4,1.4,11.2,4.2,7,2.33,97.1,-41.8,50.0,0.51,12,1.3
alpha,1.4,1.4,11.2,4.2,10,2.34,142.4,-48.7,50.0,0.55,12,1.3
alpha,1.4,1.4,11.2,4.2,15,2.26,205.1,-57.6,50.0,0.59,12,1.3
alpha,1.4,1.4,11.2,4.2,20,2.2,258.3,-72.9,50.0,0.62,12,1.3
