date,capital
2020-01-16,999140.0
2020-01-17,999140.0
2020-01-18,999140.0
2020-01-19,1001512.0
2020-01-20,1001512.0
2020-01-21,1001512.0
2020-01-22,1001512.0
2020-01-23,1001512.0
2020-01-24,1013182.0
2020-01-25,1013182.0
2020-01-26,1013182.0
2020-01-27,1028248.0
2020-01-28,1028248.0
2020-01-29,1028248.0
2020-01-30,1030307.0
2020-01-31,1026300.0
2020-02-01,1023192.0
2020-02-02,1014843.0
2020-02-03,1010575.0
2020-02-04,1002502.0
2020-02-05,999173.0
2020-02-06,995871.0
2020-02-07,991723.0
2020-02-08,990526.0
2020-02-09,991534.0
2020-02-10,989912.0
2020-02-11,985841.0
2020-02-12,982595.0
2020-02-13,1003791.0
2020-02-14,1034896.0
2020-02-15,1069686.0
2020-02-16,1111242.0
2020-02-17,1155253.0
2020-02-18,1187500.0
2020-02-19,1187500.0
2020-02-20,1241390.0
2020-02-21,1254489.0
2020-02-22,1254489.0
2020-02-23,1254140.0
2020-02-24,1250557.0
2020-02-25,1251620.0
2020-02-26,1251620.0
2020-02-27,1248138.0
2020-02-28,1264290.0
2020-02-29,1263939.0
2020-03-01,1259748.0
2020-03-02,1256016.0
2020-03-03,1256016.0
2020-03-04,1256438.0
2020-03-05,1273752.0
2020-03-06,1273752.0
2020-03-07,1273752.0
2020-03-08,1273752.0
2020-03-09,1269634.0
2020-03-10,1265633.0
2020-03-11,1265283.0
2020-03-12,1264935.0
2020-03-13,1264935.0
2020-03-14,1264935.0
2020-03-15,1265998.0
2020-03-16,1255011.0
2020-03-17,1254661.0
2020-03-18,1254661.0
2020-03-19,1304570.0
2020-03-20,1304570.0
2020-03-21,1304570.0
2020-03-22,1304570.0
2020-03-23,1304570.0
2020-03-24,1304570.0
2020-03-25,1304570.0
2020-03-26,1304570.0
2020-03-27,1304570.0
2020-03-28,1304570.0
2020-03-29,1304570.0
2020-03-30,1290852.0
2020-03-31,1290852.0
2020-04-01,1290852.0
2020-04-02,1290852.0
2020-04-03,1290852.0
2020-04-04,1290852.0
2020-04-05,1290852.0
2020-04-06,1290852.0
2020-04-07,1290852.0
2020-04-08,1290852.0
2020-04-09,1290503.0
2020-04-10,1290503.0
2020-04-11,1291567.0
2020-04-12,1291216.0
2020-04-13,1291216.0
2020-04-14,1291216.0
2020-04-15,1291216.0
2020-04-16,1291216.0
2020-04-17,1291216.0
2020-04-18,1291216.0
2020-04-19,1291216.0
2020-04-20,1291216.0
2020-04-21,1291216.0
2020-04-22,1291216.0
2020-04-23,1291216.0
2020-04-24,1291216.0
2020-04-25,1291216.0
2020-04-26,1291216.0
2020-04-27,1292286.0
2020-04-28,1291933.0
2020-04-29,1291581.0
2020-04-30,1287342.0
2020-05-01,1288413.0
2020-05-02,1288060.0
2020-05-03,1287708.0
2020-05-04,1287708.0
2020-05-05,1284686.0
2020-05-06,1299434.0
2020-05-07,1299434.0
2020-05-08,1299084.0
2020-05-09,1299084.0
2020-05-10,1313710.0
2020-05-11,1378283.0
2020-05-12,1378283.0
2020-05-13,1374163.0
2020-05-14,1374163.0
2020-05-15,1374163.0
2020-05-16,1374163.0
2020-05-17,1370160.0
2020-05-18,1370160.0
2020-05-19,1370160.0
2020-05-20,1443812.0
2020-05-21,1524169.0
2020-05-22,1503314.0
2020-05-23,1502953.0
2020-05-24,1502953.0
2020-05-25,1502953.0
2020-05-26,1521164.0
2020-05-27,1522261.0
2020-05-28,1542988.0
2020-05-29,1544092.0
2020-05-30,1545207.0
2020-05-31,1546331.0
2020-06-01,1545960.0
2020-06-02,1625238.0
2020-06-03,1603362.0
2020-06-04,1582435.0
2020-06-05,1582435.0
2020-06-06,1582435.0
2020-06-07,1648844.0
2020-06-08,1648844.0
2020-06-09,1648844.0
2020-06-10,1661057.0
2020-06-11,1658010.0
2020-06-12,1677634.0
2020-06-13,1672959.0
2020-06-14,1672959.0
2020-06-15,1672959.0
2020-06-16,1667943.0
2020-06-17,1667943.0
2020-06-18,1667943.0
2020-06-19,1691211.0
2020-06-20,1685677.0
2020-06-21,1680300.0
2020-06-22,1680300.0
2020-06-23,1705244.0
2020-06-24,1705244.0
2020-06-25,1699312.0
2020-06-26,1716843.0
2020-06-27,1712249.0
2020-06-28,1706649.0
2020-06-29,1702389.0
2020-06-30,1702389.0
2020-07-01,1702389.0
2020-07-02,1727242.0
2020-07-03,1727242.0
2020-07-04,1755908.0
2020-07-05,1749090.0
2020-07-06,1750278.0
2020-07-07,1781515.0
2020-07-08,1781515.0
2020-07-09,1775188.0
2020-07-10,1776395.0
2020-07-11,1810894.0
2020-07-12,1812109.0
2020-07-13,1805445.0
2020-07-14,1806682.0
2020-07-15,1806682.0
2020-07-16,1846783.0
2020-07-17,1840166.0
2020-07-18,1877413.0
2020-07-19,1876995.0
2020-07-20,1876578.0
2020-07-21,1877849.0
2020-07-22,1869960.0
2020-07-23,1871243.0
2020-07-24,1890755.0
2020-07-25,1908299.0
2020-07-26,1926460.0
2020-07-27,1947879.0
2020-07-28,1966916.0
2020-07-29,1960300.0
2020-07-30,1954696.0
2020-07-31,1949139.0
2020-08-01,1943631.0
2020-08-02,1945869.0
2020-08-03,1965588.0
2020-08-04,1959948.0
2020-08-05,1953807.0
2020-08-06,1948681.0
2020-08-07,1953812.0
2020-08-08,1948292.0
2020-08-09,1926375.0
2020-08-10,1945643.0
2020-08-11,1940042.0
2020-08-12,2025295.0
2020-08-13,2024877.0
2020-08-14,2112285.0
2020-08-15,2171004.0
2020-08-16,2171004.0
2020-08-17,2148690.0
2020-08-18,2148690.0
2020-08-19,2149962.0
2020-08-20,2149962.0
2020-08-21,2170755.0
2020-08-22,2192281.0
2020-08-23,2192281.0
2020-08-24,2192281.0
2020-08-25,2192281.0
2020-08-26,2192281.0
2020-08-27,2192281.0
2020-08-28,2199006.0
2020-08-29,2199006.0
2020-08-30,2195996.0
2020-08-31,2195996.0
2020-09-01,2198761.0
2020-09-02,2198761.0
2020-09-03,2201585.0
2020-09-04,2201585.0
2020-09-05,2201585.0
2020-09-06,2201585.0
2020-09-07,2241754.0
2020-09-08,2241327.0
2020-09-09,2241327.0
2020-09-10,2233438.0
2020-09-11,2233438.0
2020-09-12,2233438.0
2020-09-13,2233438.0
2020-09-14,2233438.0
2020-09-15,2225550.0
2020-09-16,2225550.0
2020-09-17,2225550.0
2020-09-18,2225550.0
2020-09-19,2225550.0
2020-09-20,2225550.0
2020-09-21,2225550.0
2020-09-22,2225550.0
2020-09-23,2225550.0
2020-09-24,2225124.0
2020-09-25,2225124.0
2020-09-26,2262366.0
2020-09-27,2262366.0
2020-09-28,2262366.0
2020-09-29,2262366.0
2020-09-30,2300033.0
2020-10-01,2300033.0
2020-10-02,2300033.0
2020-10-03,2292144.0
2020-10-04,2284255.0
2020-10-05,2276366.0
2020-10-06,2276366.0
2020-10-07,2276366.0
2020-10-08,2276366.0
2020-10-09,2276366.0
2020-10-10,2276366.0
2020-10-11,2276366.0
2020-10-12,2270535.0
2020-10-13,2270535.0
2020-10-14,2270535.0
2020-10-15,2277346.0
2020-10-16,2299787.0
2020-10-17,2293813.0
2020-10-18,2293813.0
2020-10-19,2293813.0
2020-10-20,2293813.0
2020-10-21,2287824.0
2020-10-22,2286786.0
2020-10-23,2283697.0
2020-10-24,2283697.0
2020-10-25,2266829.0
2020-10-26,2293643.0
2020-10-27,2316784.0
2020-10-28,2341154.0
2020-10-29,2341817.0
2020-10-30,2341817.0
2020-10-31,2338107.0
2020-11-01,2339403.0
2020-11-02,2345940.0
2020-11-03,2345940.0
2020-11-04,2345940.0
2020-11-05,2342623.0
2020-11-06,2342623.0
2020-11-07,2349344.0
2020-11-08,2349344.0
2020-11-09,2349344.0
2020-11-10,2349678.0
2020-11-11,2349678.0
2020-11-12,2350989.0
2020-11-13,2350557.0
2020-11-14,2350557.0
2020-11-15,2350557.0
2020-11-16,2350557.0
2020-11-17,2350557.0
2020-11-18,2350557.0
2020-11-19,2350557.0
2020-11-20,2350126.0
2020-11-21,2349696.0
2020-11-22,2349268.0
2020-11-23,2349268.0
2020-11-24,2348435.0
2020-11-25,2348010.0
2020-11-26,2349305.0
2020-11-27,2350612.0
2020-11-28,2350612.0
2020-11-29,2350612.0
2020-11-30,2350612.0
2020-12-01,2350612.0
2020-12-02,2350612.0
2020-12-03,2350612.0
2020-12-04,2350612.0
2020-12-05,2350612.0
2020-12-06,2350612.0
2020-12-07,2350612.0
2020-12-08,2350612.0
2020-12-09,2350612.0
2020-12-10,2350612.0
2020-12-11,2351931.0
2020-12-12,2351496.0
2020-12-13,2351496.0
2020-12-14,2351496.0
2020-12-15,2351496.0
2020-12-16,2351496.0
2020-12-17,2351496.0
2020-12-18,2352823.0
2020-12-19,2354163.0
2020-12-20,2355515.0
2020-12-21,2356880.0
2020-12-22,2356880.0
2020-12-23,2357738.0
2020-12-24,2357738.0
2020-12-25,2357738.0
2020-12-26,2357738.0
2020-12-27,2357738.0
2020-12-28,2357738.0
2020-12-29,2357738.0
2020-12-30,2357738.0
2020-12-31,2357738.0
2021-01-01,2357285.0
2021-01-02,2357285.0
2021-01-03,2357285.0
2021-01-04,2357285.0
2021-01-05,2358666.0
2021-01-06,2358211.0
2021-01-07,2357756.0
2021-01-08,2359142.0
2021-01-09,2358685.0
2021-01-10,2360079.0
2021-01-11,2361486.0
2021-01-12,2362905.0
2021-01-13,2362437.0
2021-01-14,2362437.0
2021-01-15,2339356.0
2021-01-16,2338889.0
2021-01-17,2338889.0
2021-01-18,2338424.0
2021-01-19,2429332.0
2021-01-20,2521141.0
2021-01-21,2613881.0
2021-01-22,2641904.0
2021-01-23,2711619.0
2021-01-24,2711619.0
2021-01-25,2704038.0
2021-01-26,2798577.0
2021-01-27,2892167.0
2021-01-28,2885604.0
2021-01-29,2943350.0
2021-01-30,3002546.0
2021-01-31,2994718.0
2021-02-01,3004130.0
2021-02-02,2992009.0
2021-02-03,2984276.0
2021-02-04,2990415.0
2021-02-05,2982711.0
2021-02-06,2976601.0
2021-02-07,2978139.0
2021-02-08,2979692.0
2021-02-09,2979180.0
2021-02-10,2978669.0
2021-02-11,2978160.0
2021-02-12,2977652.0
2021-02-13,2977146.0
2021-02-14,2978690.0
2021-02-15,2980248.0
2021-02-16,2981820.0
2021-02-17,2983407.0
2021-02-18,2983407.0
2021-02-19,2985008.0
2021-02-20,2986624.0
2021-02-21,2986091.0
2021-02-22,2987718.0
2021-02-23,2987718.0
2021-02-24,2989359.0
2021-02-25,2989359.0
2021-02-26,3017792.0
2021-02-27,3009963.0
2021-02-28,3041331.0
2021-03-01,3034971.0
2021-03-02,3067130.0
2021-03-03,3067130.0
2021-03-04,3058899.0
2021-03-05,3090157.0
2021-03-06,3090157.0
2021-03-07,3081716.0
2021-03-08,3113774.0
2021-03-09,3088120.0
2021-03-10,3087566.0
2021-03-11,3087015.0
2021-03-12,3141054.0
2021-03-13,3242447.0
2021-03-14,3216655.0
2021-03-15,3276825.0
2021-03-16,3375863.0
2021-03-17,3476078.0
2021-03-18,3512195.0
2021-03-19,3549359.0
2021-03-20,3652762.0
2021-03-21,3757131.0
2021-03-22,3729998.0
2021-03-23,3833120.0
2021-03-24,3823020.0
2021-03-25,3812920.0
2021-03-26,3785789.0
2021-03-27,3777479.0
2021-03-28,3749267.0
2021-03-29,3854153.0
2021-03-30,3959093.0
2021-03-31,4067018.0
2021-04-01,4061803.0
2021-04-02,4053571.0
2021-04-03,4045357.0
2021-04-04,4147857.0
2021-04-05,4120692.0
2021-04-06,4158478.0
2021-04-07,4196759.0
2021-04-08,4250265.0
2021-04-09,4239550.0
2021-04-10,4217954.0
2021-04-11,4256236.0
2021-04-12,4254490.0
2021-04-13,4227330.0
2021-04-14,4268105.0
2021-04-15,4266984.0
2021-04-16,4309574.0
2021-04-17,4284956.0
2021-04-18,4390023.0
2021-04-19,4495107.0
2021-04-20,4598229.0
2021-04-21,4590110.0
2021-04-22,4589182.0
2021-04-23,4627430.0
2021-04-24,4617330.0
2021-04-25,4616681.0
2021-04-26,4656328.0
2021-04-27,4695994.0
2021-04-28,4695994.0
2021-04-29,4685894.0
2021-04-30,4675135.0
2021-05-01,4677146.0
2021-05-02,4760134.0
2021-05-03,4798365.0
2021-05-04,4837265.0
2021-05-05,4879391.0
2021-05-06,4868623.0
2021-05-07,4868623.0
2021-05-08,4907523.0
2021-05-09,5013275.0
2021-05-10,5072794.0
2021-05-11,5113743.0
2021-05-12,5102967.0
2021-05-13,5145306.0
2021-05-14,5118762.0
2021-05-15,5118762.0
2021-05-16,5118762.0
2021-05-17,5158490.0
2021-05-18,5160571.0
2021-05-19,5154783.0
2021-05-20,5154090.0
2021-05-21,5156204.0
2021-05-22,5155506.0
2021-05-23,5154277.0
2021-05-24,5156397.0
2021-05-25,5158537.0
2021-05-26,5157831.0
2021-05-27,5157831.0
2021-05-28,5157831.0
2021-05-29,5149942.0
2021-05-30,5149942.0
2021-05-31,5149942.0
2021-06-01,5149942.0
2021-06-02,5149942.0
2021-06-03,5149942.0
2021-06-04,5149942.0
2021-06-05,5149942.0
2021-06-06,5142053.0
2021-06-07,5142053.0
2021-06-08,5142053.0
2021-06-09,5142053.0
2021-06-10,5142053.0
2021-06-11,5142053.0
2021-06-12,5142053.0
2021-06-13,5142053.0
2021-06-14,5179720.0
2021-06-15,5179720.0
2021-06-16,5179720.0
2021-06-17,5171831.0
2021-06-18,5210573.0
2021-06-19,5202684.0
2021-06-20,5194795.0
2021-06-21,5194795.0
2021-06-22,5194795.0
2021-06-23,5194795.0
2021-06-24,5196948.0
2021-06-25,5196238.0
2021-06-26,5196238.0
2021-06-27,5233904.0
2021-06-28,5233904.0
2021-06-29,5233904.0
2021-06-30,5271571.0
2021-07-01,5271571.0
2021-07-02,5309238.0
2021-07-03,5346904.0
2021-07-04,5346904.0
2021-07-05,5346904.0
2021-07-06,5349071.0
2021-07-07,5386023.0
2021-07-08,5386023.0
2021-07-09,5425869.0
2021-07-10,5425150.0
2021-07-11,5425150.0
2021-07-12,5424433.0
2021-07-13,5426620.0
2021-07-14,5463565.0
2021-07-15,5465766.0
2021-07-16,5467987.0
2021-07-17,5467987.0
2021-07-18,5467987.0
2021-07-19,5466558.0
2021-07-20,5465830.0
2021-07-21,5465830.0
2021-07-22,5468051.0
2021-07-23,5467318.0
2021-07-24,5469553.0
2021-07-25,5471809.0
2021-07-26,5474086.0
2021-07-27,5476384.0
2021-07-28,5475626.0
2021-07-29,5475626.0
2021-07-30,5464770.0
2021-07-31,5502917.0
2021-08-01,5547628.0
2021-08-02,5653069.0
2021-08-03,5642969.0
2021-08-04,5644428.0
2021-08-05,5644428.0
2021-08-06,5644428.0
2021-08-07,5615823.0
2021-08-08,5608516.0
2021-08-09,5717616.0
2021-08-10,5690299.0
2021-08-11,5661648.0
2021-08-12,5733118.0
2021-08-13,5722244.0
2021-08-14,5694927.0
2021-08-15,5715286.0
2021-08-16,5691090.0
2021-08-17,5796582.0
2021-08-18,5898922.0
2021-08-19,5871599.0
2021-08-20,5844277.0
2021-08-21,5948453.0
2021-08-22,6057597.0
2021-08-23,6030263.0
2021-08-24,6071570.0
2021-08-25,6177122.0
2021-08-26,6279443.0
2021-08-27,6386273.0
2021-08-28,6358929.0
2021-08-29,6468276.0
2021-08-30,6573858.0
2021-08-31,6679462.0
2021-09-01,6718362.0
2021-09-02,6823990.0
2021-09-03,6933509.0
2021-09-04,6986797.0
2021-09-05,7029650.0
2021-09-06,7034550.0
2021-09-07,7077487.0
2021-09-08,7116387.0
2021-09-09,7089011.0
2021-09-10,7091547.0
2021-09-11,7090711.0
2021-09-12,7090711.0
2021-09-13,7089876.0
2021-09-14,7089876.0
2021-09-15,7084532.0
2021-09-16,7087100.0
2021-09-17,7087100.0
2021-09-18,7087100.0
2021-09-19,7126000.0
2021-09-20,7169024.0
2021-09-21,7207924.0
2021-09-22,7249416.0
2021-09-23,7244143.0
2021-09-24,7243280.0
2021-09-25,7243280.0
2021-09-26,7235391.0
2021-09-27,7273058.0
2021-09-28,7273058.0
2021-09-29,7265169.0
2021-09-30,7257280.0
2021-10-01,7257280.0
2021-10-02,7257280.0
2021-10-03,7257280.0
2021-10-04,7246320.0
2021-10-05,7248944.0
2021-10-06,7358928.0
2021-10-07,7424275.0
2021-10-08,7396194.0
2021-10-09,7369649.0
2021-10-10,7471052.0
2021-10-11,7513312.0
2021-10-12,7505886.0
2021-10-13,7494229.0
2021-10-14,7466802.0
2021-10-15,7455157.0
2021-10-16,7560969.0
2021-10-17,7671068.0
2021-10-18,7643628.0
2021-10-19,7633528.0
2021-10-20,7622535.0
2021-10-21,7724091.0
2021-10-22,7726815.0
2021-10-23,7726815.0
2021-10-24,7765715.0
2021-10-25,7755615.0
2021-10-26,7745515.0
2021-10-27,7788734.0
2021-10-28,7830384.0
2021-10-29,7819377.0
2021-10-30,7817789.0
2021-10-31,7819513.0
2021-11-01,7862791.0
2021-11-02,7835337.0
2021-11-03,7846970.0
2021-11-04,7917609.0
2021-11-05,7890158.0
2021-11-06,7929058.0
2021-11-07,7901610.0
2021-11-08,7939609.0
2021-11-09,7927865.0
2021-11-10,7974047.0
2021-11-11,7976821.0
2021-11-12,7966721.0
2021-11-13,7956621.0
2021-11-14,8023643.0
2021-11-15,8062543.0
2021-11-16,8106074.0
2021-11-17,8117707.0
2021-11-18,8144974.0
2021-11-19,8144050.0
2021-11-20,8144050.0
2021-11-21,8143129.0
2021-11-22,8143129.0
2021-11-23,8143129.0
2021-11-24,8133029.0
2021-11-25,8133029.0
2021-11-26,8127949.0
2021-11-27,8130784.0
2021-11-28,8130784.0
2021-11-29,8133645.0
2021-11-30,8136533.0
2021-12-01,8136533.0
2021-12-02,8128644.0
2021-12-03,8128644.0
2021-12-04,8120755.0
2021-12-05,8112866.0
2021-12-06,8104440.0
2021-12-07,8103488.0
2021-12-08,8106393.0
2021-12-09,8109326.0
2021-12-10,8100469.0
2021-12-11,8092581.0
2021-12-12,8092581.0
2021-12-13,8090700.0
2021-12-14,8090700.0
2021-12-15,8082811.0
2021-12-16,8082811.0
2021-12-17,8082811.0
2021-12-18,8120478.0
2021-12-19,8120478.0
2021-12-20,8120478.0
2021-12-21,8112589.0
2021-12-22,8112589.0
2021-12-23,8112589.0
2021-12-24,8150255.0
2021-12-25,8150255.0
2021-12-26,8153189.0
2021-12-27,8189888.0
2021-12-28,8188923.0
2021-12-29,8229532.0
2021-12-30,8224613.0
2021-12-31,8262280.0
2022-01-01,8262280.0
2022-01-02,8262280.0
2022-01-03,8299946.0
2022-01-04,8336633.0
2022-01-05,8328744.0
2022-01-06,8331733.0
2022-01-07,8330747.0
2022-01-08,8329764.0
2022-01-09,8328784.0
2022-01-10,8327807.0
2022-01-11,8326833.0
2022-01-12,8326833.0
2022-01-13,8325863.0
2022-01-14,8325863.0
2022-01-15,8325863.0
2022-01-16,8325863.0
2022-01-17,8325863.0
2022-01-18,8325863.0
2022-01-19,8325863.0
2022-01-20,8325863.0
2022-01-21,8325863.0
2022-01-22,8325863.0
2022-01-23,8324895.0
2022-01-24,8323929.0
2022-01-25,8322967.0
2022-01-26,8322008.0
2022-01-27,8324934.0
2022-01-28,8324934.0
2022-01-29,8324934.0
2022-01-30,8324934.0
2022-01-31,8324934.0
2022-02-01,8317045.0
2022-02-02,8317045.0
2022-02-03,8317045.0
2022-02-04,8354712.0
2022-02-05,8354712.0
2022-02-06,8354712.0
2022-02-07,8392378.0
2022-02-08,8392378.0
2022-02-09,8392378.0
2022-02-10,8391413.0
2022-02-11,8363906.0
2022-02-12,8469964.0
2022-02-13,8507895.0
2022-02-14,8544597.0
2022-02-15,8581301.0
2022-02-16,8581301.0
2022-02-17,8581301.0
2022-02-18,8620201.0
2022-02-19,8610101.0
2022-02-20,8646808.0
2022-02-21,8649735.0
2022-02-22,8644265.0
2022-02-23,8635402.0
2022-02-24,8634431.0
2022-02-25,8671129.0
2022-02-26,8671129.0
2022-02-27,8673166.0
2022-02-28,8665277.0
2022-03-01,8702943.0
2022-03-02,8702943.0
2022-03-03,8741843.0
2022-03-04,8731743.0
2022-03-05,8723855.0
2022-03-06,8715966.0
2022-03-07,8718939.0
2022-03-08,8718939.0
2022-03-09,8718939.0
2022-03-10,8718939.0
2022-03-11,8718939.0
2022-03-12,8755624.0
2022-03-13,8755624.0
2022-03-14,8755624.0
2022-03-15,8755624.0
2022-03-16,8758616.0
2022-03-17,8758616.0
2022-03-18,8758616.0
2022-03-19,8758616.0
2022-03-20,8750727.0
2022-03-21,8749740.0
2022-03-22,8744861.0
2022-03-23,8735979.0
2022-03-24,8735979.0
2022-03-25,8734989.0
2022-03-26,8734002.0
2022-03-27,8737013.0
2022-03-28,8709475.0
2022-03-29,8708485.0
2022-03-30,8697398.0
2022-03-31,8687298.0
2022-04-01,8666624.0
2022-04-02,8639078.0
2022-04-03,8743554.0
2022-04-04,8849760.0
2022-04-05,8848743.0
2022-04-06,8954968.0
2022-04-07,9061223.0
2022-04-08,9061223.0
2022-04-09,9061223.0
2022-04-10,9098889.0
2022-04-11,9098889.0
2022-04-12,9091001.0
2022-04-13,9128667.0
2022-04-14,9127634.0
2022-04-15,9126604.0
2022-04-16,9126604.0
2022-04-17,9117688.0
2022-04-18,9108775.0
2022-04-19,9146442.0
2022-04-20,9145421.0
2022-04-21,9144403.0
2022-04-22,9136515.0
2022-04-23,9128626.0
2022-04-24,9166292.0
2022-04-25,9166292.0
2022-04-26,9166292.0
2022-04-27,9169396.0
2022-04-28,9164640.0
2022-04-29,9163607.0
2022-04-30,9162576.0
2022-05-01,9161549.0
2022-05-02,9164793.0
2022-05-03,9163760.0
2022-05-04,9166912.0
2022-05-05,9207761.0
2022-05-06,9206711.0
2022-05-07,9198290.0
2022-05-08,9198290.0
2022-05-09,9198290.0
2022-05-10,9197244.0
2022-05-11,9200436.0
2022-05-12,9199383.0
2022-05-13,9202065.0
2022-05-14,9205307.0
2022-05-15,9204237.0
2022-05-16,9207499.0
2022-05-17,9207499.0
2022-05-18,9207499.0
2022-05-19,9207499.0
2022-05-20,9207499.0
2022-05-21,9207499.0
2022-05-22,9207499.0
2022-05-23,9207499.0
2022-05-24,9207499.0
2022-05-25,9207499.0
2022-05-26,9207499.0
2022-05-27,9207499.0
2022-05-28,9207499.0
2022-05-29,9207499.0
2022-05-30,9207499.0
2022-05-31,9207499.0
2022-06-01,9207499.0
2022-06-02,9207499.0
2022-06-03,9210264.0
2022-06-04,9210264.0
2022-06-05,9210264.0
2022-06-06,9210264.0
2022-06-07,9209178.0
2022-06-08,9209178.0
2022-06-09,9209178.0
2022-06-10,9209178.0
2022-06-11,9212491.0
2022-06-12,9215834.0
2022-06-13,9215834.0
2022-06-14,9219208.0
2022-06-15,9222089.0
2022-06-16,9213054.0
2022-06-17,9211920.0
2022-06-18,9272419.0
2022-06-19,9271292.0
2022-06-20,9274729.0
2022-06-21,9369699.0
2022-06-22,9369699.0
2022-06-23,9369699.0
2022-06-24,9369699.0
2022-06-25,9369699.0
2022-06-26,9369699.0
2022-06-27,9369699.0
2022-06-28,9373066.0
2022-06-29,9373066.0
2022-06-30,9373066.0
2022-07-01,9373066.0
2022-07-02,9373066.0
2022-07-03,9372528.0
2022-07-04,9372528.0
2022-07-05,9372528.0
2022-07-06,9372528.0
2022-07-07,9372528.0
2022-07-08,9376030.0
2022-07-09,9376030.0
2022-07-10,9376030.0
2022-07-11,9376030.0
2022-07-12,9376030.0
2022-07-13,9376030.0
2022-07-14,9379564.0
2022-07-15,9383130.0
2022-07-16,9383130.0
2022-07-17,9381954.0
2022-07-18,9380781.0
2022-07-19,9379611.0
2022-07-20,9379611.0
2022-07-21,9383178.0
2022-07-22,9378889.0
2022-07-23,9420189.0
2022-07-24,9412301.0
2022-07-25,9404412.0
2022-07-26,9404412.0
2022-07-27,9442078.0
2022-07-28,9434189.0
2022-07-29,9434189.0
2022-07-30,9434189.0
2022-07-31,9429968.0
2022-08-01,9425780.0
2022-08-02,9421627.0
2022-08-03,9417508.0
2022-08-04,9413424.0
2022-08-05,9404280.0
2022-08-06,9440695.0
2022-08-07,9444512.0
2022-08-08,9440476.0
2022-08-09,9440476.0
2022-08-10,9440476.0
2022-08-11,9476871.0
2022-08-12,9476871.0
2022-08-13,9513271.0
2022-08-14,9513271.0
2022-08-15,9512008.0
2022-08-16,9512008.0
2022-08-17,9549675.0
2022-08-18,9587341.0
2022-08-19,9579452.0
2022-08-20,9615860.0
2022-08-21,9611812.0
2022-08-22,9610545.0
2022-08-23,9609281.0
2022-08-24,9605246.0
2022-08-25,9603975.0
2022-08-26,9599963.0
2022-08-27,9599963.0
2022-08-28,9592074.0
2022-08-29,9633654.0
2022-08-30,9671321.0
2022-08-31,9671321.0
2022-09-01,9663432.0
2022-09-02,9663432.0
2022-09-03,9663432.0
2022-09-04,9655543.0
2022-09-05,9655543.0
2022-09-06,9655543.0
2022-09-07,9655543.0
2022-09-08,9655543.0
2022-09-09,9659493.0
2022-09-10,9659493.0
2022-09-11,9659493.0
2022-09-12,9658190.0
2022-09-13,9662164.0
2022-09-14,9666175.0
2022-09-15,9658286.0
2022-09-16,9662334.0
2022-09-17,9654445.0
2022-09-18,9658531.0
2022-09-19,9658531.0
2022-09-20,9650642.0
2022-09-21,9649294.0
2022-09-22,9649294.0
2022-09-23,9652750.0
2022-09-24,9651406.0
2022-09-25,9651406.0
2022-09-26,9651406.0
2022-09-27,9651406.0
2022-09-28,9651406.0
2022-09-29,9651406.0
2022-09-30,9651406.0
2022-10-01,9655505.0
2022-10-02,9659641.0
2022-10-03,9659641.0
2022-10-04,9659641.0
2022-10-05,9659641.0
2022-10-06,9659641.0
2022-10-07,9651753.0
2022-10-08,9651753.0
2022-10-09,9655927.0
2022-10-10,9655927.0
2022-10-11,9655927.0
2022-10-12,9655927.0
2022-10-13,9654550.0
2022-10-14,9653177.0
2022-10-15,9651808.0
2022-10-16,9650443.0
2022-10-17,9650443.0
2022-10-18,9649151.0
2022-10-19,9647790.0
2022-10-20,9647790.0
2022-10-21,9647790.0
2022-10-22,9646438.0
2022-10-23,9645089.0
2022-10-24,9643745.0
2022-10-25,9643745.0
2022-10-26,9643745.0
2022-10-27,9641131.0
2022-10-28,9641131.0
2022-10-29,9631910.0
2022-10-30,9630581.0
2022-10-31,9629257.0
2022-11-01,9629257.0
2022-11-02,9663074.0
2022-11-03,9699486.0
2022-11-04,9735824.0
2022-11-05,9739877.0
2022-11-06,9743968.0
2022-11-07,9748096.0
2022-11-08,9744374.0
2022-11-09,9740691.0
2022-11-10,9737046.0
2022-11-11,9774713.0
2022-11-12,9778997.0
2022-11-13,9771108.0
2022-11-14,9771108.0
2022-11-15,9771108.0
2022-11-16,9771108.0
2022-11-17,9769695.0
2022-11-18,9769695.0
2022-11-19,9769695.0
2022-11-20,9769695.0
2022-11-21,9769695.0
2022-11-22,9769695.0
2022-11-23,9769695.0
2022-11-24,9769695.0
2022-11-25,9769695.0
2022-11-26,9769695.0
2022-11-27,9769695.0
2022-11-28,9769695.0
2022-11-29,9761806.0
2022-11-30,9799472.0
2022-12-01,9799472.0
2022-12-02,9799472.0
2022-12-03,9790175.0
2022-12-04,9790175.0
2022-12-05,9788770.0
2022-12-06,9788770.0
2022-12-07,9772992.0
2022-12-08,9777276.0
2022-12-09,9773712.0
2022-12-10,9773712.0
2022-12-11,9773712.0
2022-12-12,9803489.0
2022-12-13,9795600.0
2022-12-14,9795600.0
2022-12-15,9794174.0
2022-12-16,9798525.0
2022-12-17,9789201.0
2022-12-18,9785690.0
2022-12-19,9784245.0
2022-12-20,9774917.0
2022-12-21,9774917.0
2022-12-22,9773553.0
2022-12-23,9814252.0
2022-12-24,9818659.0
2022-12-25,9810770.0
2022-12-26,9810770.0
2022-12-27,9801427.0
2022-12-28,9801427.0
2022-12-29,9793538.0
2022-12-30,9823316.0
2022-12-31,9823316.0
2023-01-01,9815427.0
2023-01-02,9807538.0
2023-01-03,9819638.0
2023-01-04,9824073.0
2023-01-05,9824073.0
2023-01-06,9824073.0
2023-01-07,9822610.0
2023-01-08,9858818.0
2023-01-09,9895031.0
2023-01-10,9893581.0
2023-01-11,9892136.0
2023-01-12,9890695.0
2023-01-13,9889259.0
2023-01-14,9887826.0
2023-01-15,9886399.0
2023-01-16,9890754.0
2023-01-17,9868605.0
2023-01-18,9867155.0
2023-01-19,9974700.0
2023-01-20,9946696.0
2023-01-21,9946696.0
2023-01-22,9945007.0
2023-01-23,9918463.0
2023-01-24,9890464.0
2023-01-25,9998023.0
2023-01-26,9970014.0
2023-01-27,9946668.0
2023-01-28,10020241.0
2023-01-29,9992229.0
2023-01-30,10029665.0
2023-01-31,10073322.0
2023-02-01,10125985.0
2023-02-02,10120745.0
2023-02-03,10108859.0
2023-02-04,10085383.0
2023-02-05,10192985.0
2023-02-06,10192985.0
2023-02-07,10180892.0
2023-02-08,10288561.0
2023-02-09,10396610.0
2023-02-10,10504321.0
2023-02-11,10605930.0
2023-02-12,10604420.0
2023-02-13,10609024.0
2023-02-14,10597405.0
2023-02-15,10597405.0
2023-02-16,10583980.0
2023-02-17,10577364.0
2023-02-18,10549314.0
2023-02-19,10520935.0
2023-02-20,10515196.0
2023-02-21,10552595.0
2023-02-22,10665396.0
2023-02-23,10637328.0
2023-02-24,10745096.0
2023-02-25,10852907.0
2023-02-26,10960762.0
2023-02-27,11034661.0
2023-02-28,11147773.0
2023-03-01,11147773.0
2023-03-02,11149307.0
2023-03-03,11220754.0
2023-03-04,11259654.0
2023-03-05,11259654.0
2023-03-06,11259654.0
2023-03-07,11264520.0
2023-03-08,11264520.0
2023-03-09,11262915.0
2023-03-10,11261314.0
2023-03-11,11297386.0
2023-03-12,11287906.0
2023-03-13,11292758.0
2023-03-14,11297654.0
2023-03-15,11297654.0
2023-03-16,11294287.0
2023-03-17,11294287.0
2023-03-18,11303979.0
2023-03-19,11303979.0
2023-03-20,11346617.0
2023-03-21,11460134.0
2023-03-22,11480964.0
2023-03-23,11486550.0
2023-03-24,11497285.0
2023-03-25,11502991.0
2023-03-26,11502991.0
2023-03-27,11514624.0
2023-03-28,11514624.0
2023-03-29,11517416.0
2023-03-30,11517416.0
2023-03-31,11515335.0
2023-04-01,11515335.0
2023-04-02,11521073.0
2023-04-03,11521073.0
2023-04-04,11521073.0
2023-04-05,11521073.0
2023-04-06,11518964.0
2023-04-07,11518964.0
2023-04-08,11518964.0
2023-04-09,11518964.0
2023-04-10,11562806.0
2023-04-11,11668823.0
2023-04-12,11638556.0
2023-04-13,11752424.0
2023-04-14,11724224.0
2023-04-15,11791391.0
2023-04-16,11763181.0
2023-04-17,11773876.0
2023-04-18,11763776.0
2023-04-19,11812554.0
2023-04-20,11926639.0
2023-04-21,11970745.0
2023-04-22,11958927.0
2023-04-23,11958927.0
2023-04-24,11953455.0
2023-04-25,11953455.0
2023-04-26,11953455.0
2023-04-27,11954271.0
2023-04-28,11959462.0
2023-04-29,11957299.0
2023-04-30,11957299.0
2023-05-01,11952220.0
2023-05-02,11952220.0
2023-05-03,11952220.0
2023-05-04,11958184.0
2023-05-05,11954817.0
2023-05-06,11960909.0
2023-05-07,11963766.0
2023-05-08,11963766.0
2023-05-09,11962059.0
2023-05-10,11967266.0
2023-05-11,11965548.0
2023-05-12,12066958.0
2023-05-13,12072182.0
2023-05-14,12070458.0
2023-05-15,12075715.0
2023-05-16,12081020.0
2023-05-17,12069170.0
2023-05-18,12057325.0
2023-05-19,12052219.0
2023-05-20,12049931.0
2023-05-21,12049931.0
2023-05-22,12049931.0
2023-05-23,12039831.0
2023-05-24,12039831.0
2023-05-25,12017860.0
2023-05-26,11989587.0
2023-05-27,12097983.0
2023-05-28,12103305.0
2023-05-29,12108677.0
2023-05-30,12154021.0
2023-05-31,12191149.0
2023-06-01,12235199.0
2023-06-02,12304875.0
2023-06-03,12343775.0
2023-06-04,12350357.0
2023-06-05,12350357.0
2023-06-06,12350357.0
2023-06-07,12350357.0
2023-06-08,12348558.0
2023-06-09,12348558.0
2023-06-10,12345061.0
2023-06-11,12343278.0
2023-06-12,12341500.0
2023-06-13,12341500.0
2023-06-14,12338045.0
2023-06-15,12336283.0
2023-06-16,12336283.0
2023-06-17,12336283.0
2023-06-18,12334527.0
2023-06-19,12334527.0
2023-06-20,12334527.0
2023-06-21,12334527.0
2023-06-22,12334527.0
2023-06-23,12334527.0
2023-06-24,12332776.0
2023-06-25,12338491.0
2023-06-26,12377391.0
2023-06-27,12350705.0
2023-06-28,12459150.0
2023-06-29,12437734.0
2023-06-30,12411189.0
2023-07-01,12398559.0
2023-07-02,12388459.0
2023-07-03,12360164.0
2023-07-04,12468626.0
2023-07-05,12584115.0
2023-07-06,12572237.0
2023-07-07,12636460.0
2023-07-08,12626360.0
2023-07-09,12623795.0
2023-07-10,12662695.0
2023-07-11,12662695.0
2023-07-12,12652595.0
2023-07-13,12652595.0
2023-07-14,12652595.0
2023-07-15,12650050.0
2023-07-16,12650050.0
2023-07-17,12719695.0
2023-07-18,12802968.0
2023-07-19,12884348.0
2023-07-20,12911615.0
2023-07-21,12908248.0
2023-07-22,12908248.0
2023-07-23,12908248.0
2023-07-24,12913823.0
2023-07-25,12913823.0
2023-07-26,12903723.0
2023-07-27,12903723.0
2023-07-28,12973572.0
2023-07-29,12945172.0
2023-07-30,12993854.0
2023-07-31,13058176.0
2023-08-01,13097076.0
2023-08-02,13095237.0
2023-08-03,13139321.0
2023-08-04,13129221.0
2023-08-05,13129221.0
2023-08-06,13146447.0
2023-08-07,13282482.0
2023-08-08,13280619.0
2023-08-09,13286300.0
2023-08-10,13392576.0
2023-08-11,13382476.0
2023-08-12,13421376.0
2023-08-13,13460276.0
2023-08-14,13499176.0
2023-08-15,13538076.0
2023-08-16,13538076.0
2023-08-17,13538076.0
2023-08-18,13536184.0
2023-08-19,13536184.0
2023-08-20,13534064.0
2023-08-21,13532273.0
2023-08-22,13530459.0
2023-08-23,13528567.0
2023-08-24,13526450.0
2023-08-25,13526450.0
2023-08-26,13524094.0
2023-08-27,13516072.0
2023-08-28,13516072.0
2023-08-29,13516072.0
2023-08-30,13516072.0
2023-08-31,13516072.0
2023-09-01,13553739.0
2023-09-02,13543639.0
2023-09-03,13581306.0
2023-09-04,13579385.0
2023-09-05,13579385.0
2023-09-06,13577353.0
2023-09-07,13575376.0
2023-09-08,13573426.0
2023-09-09,13611092.0
2023-09-10,13617041.0
2023-09-11,13615155.0
2023-09-12,13652821.0
2023-09-13,13652821.0
2023-09-14,13652821.0
2023-09-15,13656001.0
2023-09-16,13661757.0
2023-09-17,13699423.0
2023-09-18,13743232.0
2023-09-19,13741205.0
2023-09-20,13739185.0
2023-09-21,13745347.0
2023-09-22,13751565.0
2023-09-23,13749513.0
2023-09-24,13747468.0
2023-09-25,13747468.0
2023-09-26,13739579.0
2023-09-27,13742258.0
2023-09-28,13740321.0
2023-09-29,13740321.0
2023-09-30,13740321.0
2023-10-01,13738280.0
2023-10-02,13738280.0
2023-10-03,13738280.0
2023-10-04,13783406.0
2023-10-05,13754807.0
2023-10-06,13754807.0
2023-10-07,13754807.0
2023-10-08,13761072.0
2023-10-09,13766240.0
2023-10-10,13766240.0
2023-10-11,13875667.0
2023-10-12,13847042.0
2023-10-13,13844969.0
2023-10-14,13837080.0
2023-10-15,13843404.0
2023-10-16,13843404.0
2023-10-17,13843404.0
2023-10-18,13843404.0
2023-10-19,13833304.0
2023-10-20,13823204.0
2023-10-21,13838606.0
2023-10-22,13874912.0
2023-10-23,13984476.0
2023-10-24,13949073.0
2023-10-25,14065832.0
2023-10-26,14034519.0
2023-10-27,14005366.0
2023-10-28,14114684.0
2023-10-29,14085739.0
2023-10-30,14057051.0
2023-10-31,14025780.0
2023-11-01,14135420.0
2023-11-02,14106726.0
2023-11-03,14223546.0
2023-11-04,14194838.0
2023-11-05,14166137.0
2023-11-06,14153465.0
2023-11-07,14263228.0
2023-11-08,14373052.0
2023-11-09,14482938.0
2023-11-10,14586060.0
2023-11-11,14552484.0
2023-11-12,14669785.0
2023-11-13,14779756.0
2023-11-14,14825569.0
2023-11-15,14896768.0
2023-11-16,14935668.0
2023-11-17,15053383.0
2023-11-18,15163612.0
2023-11-19,15210226.0
2023-11-20,15197782.0
2023-11-21,15305220.0
2023-11-22,15415559.0
2023-11-23,15403078.0
2023-11-24,15449797.0
2023-11-25,15439697.0
2023-11-26,15437564.0
2023-11-27,15476464.0
2023-11-28,15515364.0
2023-11-29,15554264.0
2023-11-30,15558864.0
2023-12-01,15669248.0
2023-12-02,15640308.0
2023-12-03,15620608.0
2023-12-04,15610508.0
2023-12-05,15578708.0
2023-12-06,15697082.0
2023-12-07,15804690.0
2023-12-08,15915233.0
2023-12-09,15886241.0
2023-12-10,15864296.0
2023-12-11,15845288.0
2023-12-12,15907016.0
2023-12-13,16017815.0
2023-12-14,16128685.0
2023-12-15,16117926.0
2023-12-16,16099274.0
2023-12-17,16210361.0
2023-12-18,16321522.0
2023-12-19,16432757.0
2023-12-20,16453813.0
2023-12-21,16424567.0
2023-12-22,16441573.0
2023-12-23,16465611.0
2023-12-24,16519733.0
2023-12-25,16507027.0
2023-12-26,16615355.0
2023-12-27,16662222.0
2023-12-28,16781757.0
2023-12-29,16901415.0
2023-12-30,16872044.0
2023-12-31,16983789.0
2024-01-01,16954400.0
2024-01-02,16925019.0
2024-01-03,17036108.0
2024-01-04,17080148.0
2024-01-05,17127671.0
2024-01-06,17235915.0
2024-01-07,17347714.0
2024-01-08,17395372.0
2024-01-09,17382383.0
2024-01-10,17410795.0
2024-01-11,17409588.0
2024-01-12,17427688.0
2024-01-13,17448270.0
2024-01-14,17496202.0
2024-01-15,17493222.0
2024-01-16,17480152.0
2024-01-17,17511385.0
2024-01-18,17536518.0
2024-01-19,17575418.0
2024-01-20,17575418.0
2024-01-21,17575418.0
2024-01-22,17584479.0
2024-01-23,17696745.0
2024-01-24,17809096.0
2024-01-25,17844952.0
2024-01-26,17854238.0
2024-01-27,17863611.0
2024-01-28,17873070.0
2024-01-29,17873070.0
2024-01-30,17843405.0
2024-01-31,17890272.0
2024-02-01,18002912.0
2024-02-02,17992812.0
2024-02-03,17990679.0
2024-02-04,17980579.0
2024-02-05,18019479.0
2024-02-06,18058379.0
2024-02-07,18048279.0
2024-02-08,18038179.0
2024-02-09,18035312.0
2024-02-10,18032446.0
2024-02-11,18029579.0
2024-02-12,18050819.0
2024-02-13,18059116.0
2024-02-14,18053831.0
2024-02-15,18024146.0
2024-02-16,18071012.0
2024-02-17,18183716.0
2024-02-18,18154011.0
2024-02-19,18124315.0
2024-02-20,18094629.0
2024-02-21,18207334.0
2024-02-22,18177628.0
2024-02-23,18147932.0
2024-02-24,18260667.0
2024-02-25,18230952.0
2024-02-26,18225657.0
2024-02-27,18257755.0
2024-02-28,18378577.0
2024-02-29,18348822.0
2024-03-01,18358615.0
2024-03-02,18328840.0
2024-03-03,18312150.0
2024-03-04,18282354.0
2024-03-05,18292270.0
2024-03-06,18302277.0
2024-03-07,18312377.0
2024-03-08,18412632.0
2024-03-09,18409300.0
2024-03-10,18415821.0
2024-03-11,18426044.0
2024-03-12,18412577.0
2024-03-13,18409215.0
2024-03-14,18419470.0
2024-03-15,18429770.0
2024-03-16,18440070.0
2024-03-17,18450370.0
2024-03-18,18460670.0
2024-03-19,18560426.0
2024-03-20,18533881.0
2024-03-21,18583081.0
2024-03-22,18629948.0
2024-03-23,18629948.0
2024-03-24,18619848.0
2024-03-25,18609748.0
2024-03-26,18614348.0
2024-03-27,18650381.0
2024-03-28,18650381.0
2024-03-29,18650381.0
2024-03-30,18662015.0
2024-03-31,18651915.0
2024-04-01,18651915.0
2024-04-02,18656515.0
2024-04-03,18695415.0
2024-04-04,18774837.0
2024-04-05,18877959.0
2024-04-06,18999348.0
2024-04-07,19112770.0
2024-04-08,19109904.0
2024-04-09,19272526.0
2024-04-10,19385948.0
2024-04-11,19424848.0
2024-04-12,19448748.0
2024-04-13,19562170.0
2024-04-14,19535626.0
2024-04-15,19584826.0
2024-04-16,19586059.0
2024-04-17,19582693.0
2024-04-18,19579326.0
2024-04-19,19579326.0
2024-04-20,19588093.0
2024-04-21,19588093.0
2024-04-22,19596859.0
2024-04-23,19596859.0
2024-04-24,19590626.0
2024-04-25,19595526.0
2024-04-26,19585426.0
2024-04-27,19624326.0
2024-04-28,19614226.0
2024-04-29,19604126.0
2024-04-30,19707248.0
2024-05-01,19754115.0
2024-05-02,19857237.0
2024-05-03,19857237.0
2024-05-04,19867537.0
2024-05-05,19867537.0
2024-05-06,19914404.0
2024-05-07,19953304.0
2024-05-08,19992204.0
2024-05-09,19982104.0
2024-05-10,19982104.0
2024-05-11,20001704.0
2024-05-12,19991604.0
2024-05-13,19981504.0
2024-05-14,19986104.0
2024-05-15,19973137.0
2024-05-16,19969770.0
2024-05-17,19971004.0
2024-05-18,19960904.0
2024-05-19,19975804.0
2024-05-20,19955604.0
2024-05-21,19945504.0
2024-05-22,19965104.0
2024-05-23,19982270.0
2024-05-24,19952359.0
2024-05-25,19922448.0
2024-05-26,19941537.0
2024-05-27,20054959.0
2024-05-28,20025048.0
2024-05-29,19992270.0
2024-05-30,19962359.0
2024-05-31,19948893.0
2024-06-01,19916115.0
2024-06-02,19990637.0
2024-06-03,19999626.0
2024-06-04,19969715.0
2024-06-05,20091104.0
2024-06-06,20138993.0
2024-06-07,20252415.0
2024-06-08,20355537.0
2024-06-09,20404737.0
2024-06-10,20385126.0
2024-06-11,20484881.0
2024-06-12,20500081.0
2024-06-13,20535615.0
2024-06-14,20579115.0
2024-06-15,20565648.0
2024-06-16,20552181.0
2024-06-17,20548815.0
2024-06-18,20548815.0
2024-06-19,20587715.0
2024-06-20,20598015.0
2024-06-21,20608315.0
2024-06-22,20604948.0
2024-06-23,20604948.0
2024-06-24,20604948.0
2024-06-25,20604948.0
2024-06-26,20604948.0
2024-06-27,20601581.0
2024-06-28,20601581.0
2024-06-29,20601581.0
2024-06-30,20601581.0
2024-07-01,20601581.0
2024-07-02,20601581.0
2024-07-03,20640481.0
2024-07-04,20679381.0
2024-07-05,20718281.0
2024-07-06,20755948.0
2024-07-07,20758359.0
2024-07-08,20768659.0
2024-07-09,20760218.0
2024-07-10,20760218.0
2024-07-11,20770518.0
2024-07-12,20762629.0
2024-07-13,20800296.0
2024-07-14,20800296.0
2024-07-15,20800296.0
2024-07-16,20800296.0
2024-07-17,20787329.0
2024-07-18,20777229.0
2024-07-19,20816129.0
2024-07-20,20816129.0
2024-07-21,20926685.0
2024-07-22,21040107.0
2024-07-23,21086974.0
2024-07-24,21087174.0
2024-07-25,21136374.0
2024-07-26,21136374.0
2024-07-27,21136374.0
2024-07-28,21133507.0
2024-07-29,21120040.0
2024-07-30,21120240.0
2024-07-31,21110140.0
2024-08-01,21159340.0
2024-08-02,21194874.0
2024-08-03,21196107.0
2024-08-04,21245307.0
2024-08-05,21279607.0
2024-08-06,21268351.0
2024-08-07,21270763.0
2024-08-08,21281063.0
2024-08-09,21329029.0
2024-08-10,21329029.0
2024-08-11,21332576.0
2024-08-12,21332576.0
2024-08-13,21370242.0
2024-08-14,21370242.0
2024-08-15,21370242.0
2024-08-16,21407909.0
2024-08-17,21445576.0
2024-08-18,21445576.0
2024-08-19,21445576.0
2024-08-20,21437687.0
2024-08-21,21437687.0
2024-08-22,21437687.0
2024-08-23,21447987.0
2024-08-24,21482287.0
2024-08-25,21471031.0
2024-08-26,21520231.0
2024-08-27,21697876.0
2024-08-28,21762298.0
2024-08-29,21762298.0
2024-08-30,21754409.0
2024-08-31,21751042.0
2024-09-01,21739787.0
2024-09-02,21728531.0
2024-09-03,21717276.0
2024-09-04,21717276.0
2024-09-05,21717276.0
2024-09-06,21754942.0
2024-09-07,21747053.0
2024-09-08,21747053.0
2024-09-09,21757353.0
2024-09-10,21757353.0
2024-09-11,21757353.0
2024-09-12,21761010.0
2024-09-13,21753121.0
2024-09-14,21753121.0
2024-09-15,21758552.0
2024-09-16,21871974.0
2024-09-17,21985396.0
2024-09-18,21974140.0
2024-09-19,21974140.0
2024-09-20,21984440.0
2024-09-21,21981074.0
2024-09-22,22094496.0
2024-09-23,22207918.0
2024-09-24,22321340.0
2024-09-25,22301529.0
2024-09-26,22388918.0
2024-09-27,22453340.0
2024-09-28,22421296.0
2024-09-29,22534718.0
2024-09-30,22504807.0
2024-10-01,22604563.0
2024-10-02,22707685.0
2024-10-03,22807440.0
2024-10-04,22799552.0
2024-10-05,22799552.0
2024-10-06,22809852.0
2024-10-07,22809852.0
2024-10-08,22807718.0
2024-10-09,22797618.0
2024-10-10,22794252.0
2024-10-11,22794252.0
2024-10-12,22786363.0
2024-10-13,22786363.0
2024-10-14,22786363.0
2024-10-15,22850785.0
2024-10-16,22861085.0
2024-10-17,22865685.0
2024-10-18,22878040.0
2024-10-19,22848129.0
2024-10-20,22818718.0
2024-10-21,22932140.0
2024-10-22,22996563.0
2024-10-23,23109985.0
2024-10-24,23223407.0
2024-10-25,23193496.0
2024-10-26,23202996.0
2024-10-27,23192896.0
2024-10-28,23192896.0
2024-10-29,23250063.0
2024-10-30,23237096.0
2024-10-31,23245863.0
2024-11-01,23235763.0
2024-11-02,23274663.0
2024-11-03,23398385.0
2024-11-04,23388285.0
2024-11-05,23384918.0
2024-11-06,23395218.0
2024-11-07,23414285.0
2024-11-08,23423052.0
2024-11-09,23412952.0
2024-11-10,23399485.0
2024-11-11,23369574.0
2024-11-12,23339663.0
2024-11-13,23453085.0
2024-11-14,23436840.0
2024-11-15,23447140.0
2024-11-16,23443774.0
2024-11-17,23427529.0
2024-11-18,23424163.0
2024-11-19,23434463.0
2024-11-20,23431096.0
2024-11-21,23441396.0
2024-11-22,23441396.0
2024-11-23,23438029.0
2024-11-24,23438029.0
2024-11-25,23448329.0
2024-11-26,23561752.0
2024-11-27,23558385.0
2024-11-28,23528474.0
2024-11-29,23600663.0
2024-11-30,23570952.0
2024-12-01,23570952.0
2024-12-02,23681007.0
2024-12-03,23677640.0
2024-12-04,23743396.0
2024-12-05,23856818.0
2024-12-06,23970240.0
2024-12-07,23966874.0
2024-12-08,23958596.0
2024-12-09,24072018.0
2024-12-10,24185440.0
2024-12-11,24234640.0
2024-12-12,24234840.0
2024-12-13,24232707.0
2024-12-14,24232707.0
2024-12-15,24346129.0
2024-12-16,24356429.0
2024-12-17,24459552.0
2024-12-18,24459552.0
2024-12-19,24469852.0
2024-12-20,24480152.0
2024-12-21,24529352.0
2024-12-22,24564885.0
2024-12-23,24575185.0
2024-12-24,24585485.0
2024-12-25,24585485.0
2024-12-26,24590385.0
2024-12-27,24637252.0
2024-12-28,24627152.0
2024-12-29,24613685.0
2024-12-30,24611552.0
2024-12-31,24662307.0
2025-01-01,24652207.0
2025-01-02,24765629.0
2025-01-03,24876185.0
2025-01-04,24908852.0
2025-01-05,24900374.0
2025-01-06,24880763.0
2025-01-07,24913518.0
2025-01-08,25026940.0
2025-01-09,25062474.0
2025-01-10,25035929.0
2025-01-11,25025829.0
2025-01-12,25016963.0
2025-01-13,25052496.0
2025-01-14,25101696.0
2025-01-15,25113329.0
2025-01-16,25108629.0
2025-01-17,25144663.0
2025-01-18,25180196.0
2025-01-19,25227063.0
2025-01-20,25265963.0
2025-01-21,25304863.0
2025-01-22,25354063.0
2025-01-23,25340596.0
2025-01-24,25340596.0
2025-01-25,25379496.0
2025-01-26,25418396.0
2025-01-27,25415029.0
2025-01-28,25411663.0
2025-01-29,25408296.0
2025-01-30,25378385.0
2025-01-31,25362052.0
2025-02-01,25351952.0
2025-02-02,25465374.0
2025-02-03,25578796.0
2025-02-04,25692218.0
2025-02-05,25688852.0
2025-02-06,25724385.0
2025-02-07,25759918.0
2025-02-08,25756552.0
2025-02-09,25804518.0
2025-02-10,25793263.0
2025-02-11,25793263.0
2025-02-12,25793263.0
2025-02-13,25793263.0
2025-02-14,25793263.0
2025-02-15,25798163.0
2025-02-16,25798163.0
2025-02-17,25788063.0
2025-02-18,25826963.0
2025-02-19,25926718.0
2025-02-20,25926718.0
2025-02-21,25926718.0
2025-02-22,25926718.0
2025-02-23,25896807.0
2025-02-24,25896807.0
2025-02-25,26010229.0
2025-02-26,26020529.0
2025-02-27,26054829.0
2025-02-28,26064545.0
2025-03-01,26061178.0
2025-03-02,26071478.0
2025-03-03,26068112.0
2025-03-04,26064745.0
2025-03-05,26112712.0
2025-03-06,26109345.0
2025-03-07,26109345.0
2025-03-08,26157312.0
2025-03-09,26146056.0
2025-03-10,26134801.0
2025-03-11,26186520.0
2025-03-12,26196820.0
2025-03-13,26193453.0
2025-03-14,26190087.0
2025-03-15,26178831.0
2025-03-16,26189131.0
2025-03-17,26185764.0
2025-03-18,26223431.0
2025-03-19,26220064.0
2025-03-20,26222476.0
2025-03-21,26219109.0
2025-03-22,26229409.0
2025-03-23,26277376.0
2025-03-24,26325342.0
2025-03-25,26335642.0
2025-03-26,26345942.0
2025-03-27,26345942.0
2025-03-28,26366542.0
2025-03-29,26376842.0
2025-03-30,26424809.0
2025-03-31,26416920.0
2025-04-01,26451220.0
2025-04-02,26447853.0
2025-04-03,26444487.0
2025-04-04,26446898.0
2025-04-05,26457198.0
2025-04-06,26453831.0
2025-04-07,26501798.0
2025-04-08,26504209.0
2025-04-09,26514509.0
2025-04-10,26511142.0
2025-04-11,26521442.0
2025-04-12,26569409.0
2025-04-13,26566042.0
2025-04-14,26563479.0
2025-04-15,26597779.0
2025-04-16,26608079.0
2025-04-17,26610490.0
2025-04-18,26607123.0
2025-04-19,26607123.0
2025-04-20,26644790.0
2025-04-21,26644790.0
2025-04-22,26655090.0
2025-04-23,26665390.0
2025-04-24,26675690.0
2025-04-25,26645779.0
2025-04-26,26615867.0
2025-04-27,26688356.0
2025-04-28,26651712.0
2025-04-29,26712567.0
2025-04-30,26729523.0
2025-05-01,26842945.0
2025-05-02,26813034.0
2025-05-03,26885423.0
2025-05-04,26998845.0
2025-05-05,27049601.0
2025-05-06,27163023.0
2025-05-07,27133112.0
2025-05-08,27160167.0
2025-05-09,27130256.0
2025-05-10,27127590.0
2025-05-11,27114123.0
2025-05-12,27108623.0
2025-05-13,27095156.0
2025-05-14,27065245.0
2025-05-15,27186634.0
2025-05-16,27300056.0
2025-05-17,27286590.0
2025-05-18,27320901.0
2025-05-19,27434323.0
2025-05-20,27453923.0
2025-05-21,27594612.0
2025-05-22,27561834.0
2025-05-23,27532423.0
2025-05-24,27519456.0
2025-05-25,27489545.0
2025-05-26,27479445.0
2025-05-27,27466479.0
2025-05-28,27456379.0
2025-05-29,27466679.0
2025-05-30,27544479.0
2025-05-31,27580012.0
2025-06-01,27595212.0
2025-06-02,27595412.0
2025-06-03,27592045.0
2025-06-04,27602345.0
2025-06-05,27612645.0
2025-06-06,27602545.0
2025-06-07,27641445.0
2025-06-08,27690645.0
2025-06-09,27801201.0
2025-06-10,27850401.0
2025-06-11,27886434.0
2025-06-12,27999856.0
2025-06-13,28113279.0
2025-06-14,28226701.0
2025-06-15,28234967.0
2025-06-16,28205056.0
2025-06-17,28206590.0
2025-06-18,28250090.0
2025-06-19,28233845.0
2025-06-20,28269379.0
2025-06-21,28369134.0
2025-06-22,28468890.0
2025-06-23,28465523.0
2025-06-24,28513490.0
2025-06-25,28510123.0
2025-06-26,28623545.0
2025-06-27,28734101.0
2025-06-28,28704190.0
2025-06-29,28694090.0
2025-06-30,28683990.0
2025-07-01,28673890.0
2025-07-02,28663790.0
2025-07-03,28668690.0
2025-07-04,28684923.0
2025-07-05,28702090.0
2025-07-06,28672179.0
2025-07-07,28785601.0
2025-07-08,28899023.0
2025-07-09,29012445.0
2025-07-10,29091867.0
2025-07-11,29073290.0
2025-07-12,29173045.0
2025-07-13,29202934.0
2025-07-14,29275323.0
2025-07-15,29396712.0
2025-07-16,29496467.0
2025-07-17,29493101.0
2025-07-18,29527412.0
2025-07-19,29591834.0
2025-07-20,29561923.0
2025-07-21,29521912.0
2025-07-22,29492001.0
2025-07-23,29605423.0
2025-07-24,29726812.0
2025-07-25,29696901.0
2025-07-26,29715990.0
2025-07-27,29705890.0
2025-07-28,29675979.0
2025-07-29,29654034.0
2025-07-30,29767456.0
2025-07-31,29880879.0
2025-08-01,29994301.0
2025-08-02,29980834.0
2025-08-03,29977467.0
2025-08-04,30026667.0
2025-08-05,30044934.0
2025-08-06,30083834.0
2025-08-07,30083834.0
2025-08-08,30063634.0
2025-08-09,30065667.0
2025-08-10,30130090.0
2025-08-11,30113845.0
2025-08-12,30186234.0
2025-08-13,30299656.0
2025-08-14,30421045.0
2025-08-15,30542434.0
2025-08-16,30512523.0
2025-08-17,30499056.0
2025-08-18,30598812.0
2025-08-19,30568901.0
2025-08-20,30538990.0
2025-08-21,30652412.0
2025-08-22,30662712.0
2025-08-23,30632801.0
2025-08-24,30754190.0
2025-08-25,30867612.0
2025-08-26,30837701.0
2025-08-27,30848001.0
2025-08-28,30844634.0
2025-08-29,30831167.0
2025-08-30,30827801.0
2025-08-31,30941223.0
2025-09-01,30951523.0
2025-09-02,30961823.0
2025-09-03,30961823.0
2025-09-04,30961823.0
2025-09-05,30961823.0
2025-09-06,30951723.0
2025-09-07,30951723.0
2025-09-08,30951723.0
2025-09-09,30951723.0
2025-09-10,30990623.0
2025-09-11,30987256.0
2025-09-12,30983890.0
2025-09-13,30961945.0
2025-09-14,30932034.0
2025-09-15,30997790.0
2025-09-16,31070279.0
2025-09-17,31033634.0
2025-09-18,31106023.0
2025-09-19,31089779.0
2025-09-20,31203201.0
2025-09-21,31173290.0
2025-09-22,31183590.0
2025-09-23,31193890.0
2025-09-24,31241856.0
2025-09-25,31230601.0
2025-09-26,31227234.0
2025-09-27,31261534.0
2025-09-28,31258167.0
2025-09-29,31306134.0
2025-09-30,31302767.0
2025-10-01,31413323.0
2025-10-02,31526745.0
2025-10-03,31537045.0
2025-10-04,31534912.0
2025-10-05,31566779.0
2025-10-06,31568312.0
2025-10-07,31568512.0
2025-10-08,31604045.0
2025-10-09,31717467.0
2025-10-10,31838856.0
2025-10-11,31952279.0
2025-10-12,32065701.0
2025-10-13,32068112.0
2025-10-14,32078412.0
2025-10-15,32088712.0
2025-10-16,32136679.0
2025-10-17,32184645.0
2025-10-18,32187056.0
2025-10-19,32197356.0
2025-10-20,32197356.0
2025-10-21,32207656.0
2025-10-22,32207656.0
2025-10-23,32199767.0
2025-10-24,32191879.0
2025-10-25,32191879.0
2025-10-26,32191879.0
2025-10-27,32188512.0
2025-10-28,32188512.0
2025-10-29,32291634.0
2025-10-30,32340834.0
2025-10-31,32390034.0
2025-11-01,32382145.0
2025-11-02,32378779.0
2025-11-03,32389079.0
2025-11-04,32399379.0
2025-11-05,32433679.0
2025-11-06,32443375.0
2025-11-07,32440008.0
2025-11-08,32442419.0
2025-11-09,32439053.0
2025-11-10,32449353.0
2025-11-11,32445986.0
2025-11-12,32442619.0
2025-11-13,32476919.0
2025-11-14,32473553.0
2025-11-15,32470186.0
2025-11-16,32470695.0
2025-11-17,32467329.0
2025-11-18,32463962.0
2025-11-19,32474262.0
2025-11-20,32470895.0
2025-11-21,32470895.0
2025-11-22,32466909.0
2025-11-23,32463543.0
2025-11-24,32460176.0
2025-11-25,32460176.0
2025-11-26,32460176.0
2025-11-27,32467109.0
2025-11-28,32463743.0
2025-11-29,32474043.0
2025-11-30,32462787.0
2025-12-01,32465198.0
2025-12-02,32513165.0
2025-12-03,32523465.0
2025-12-04,32520098.0
2025-12-05,32520098.0
2025-12-06,32554398.0
2025-12-07,32542870.0
2025-12-08,32539503.0
2025-12-09,32549803.0
2025-12-10,32560103.0
2025-12-11,32560103.0
2025-12-12,32597770.0
2025-12-13,32591036.0
2025-12-14,32593448.0
2025-12-15,32590081.0
2025-12-16,32586714.0
2025-12-17,32583348.0
2025-12-18,32579981.0
2025-12-19,32590281.0
2025-12-20,32600581.0
2025-12-21,32597214.0
2025-12-22,32593848.0
2025-12-23,32590481.0
2025-12-24,32592892.0
2025-12-25,32589525.0
2025-12-26,32589525.0
2025-12-27,32589525.0
2025-12-28,32591253.0
2025-12-29,32587886.0
2025-12-30,32584519.0
2025-12-31,32594819.0
2026-01-01,32591453.0
2026-01-02,32588086.0
2026-01-03,32598386.0
2026-01-04,32608686.0
2026-01-05,32618986.0
2026-01-06,32629286.0
2026-01-07,32639586.0
2026-01-08,32641997.0
2026-01-09,32630742.0
2026-01-10,32619486.0
2026-01-11,32608230.0
2026-01-12,32656197.0
2026-01-13,32666497.0
2026-01-14,32676797.0
2026-01-15,32673430.0
2026-01-16,32683730.0
2026-01-17,32667486.0
2026-01-18,32677786.0
2026-01-19,32791208.0
2026-01-20,32801508.0
2026-01-21,32835808.0
2026-01-22,32838219.0
2026-01-23,32834853.0
2026-01-24,32831486.0
2026-01-25,32841786.0
2026-01-26,32844197.0
2026-01-27,32846608.0
2026-01-28,32856908.0
2026-01-29,32853542.0
2026-01-30,32850175.0
2026-01-31,32838304.0
2026-02-01,32848604.0
2026-02-02,32858292.0
2026-02-03,32868592.0
2026-02-04,32865226.0
2026-02-05,32861250.0
2026-02-06,32857277.0
2026-02-07,32871470.0
2026-02-08,32881770.0
2026-02-09,32875236.0
2026-02-10,32885536.0
2026-02-11,32882170.0
2026-02-12,32973670.0
2026-02-13,32973670.0
2026-02-14,33075470.0
2026-02-15,33075470.0
2026-02-16,33075470.0
2026-02-17,33072103.0
2026-02-18,33051903.0
2026-02-19,33048536.0
2026-02-20,33028336.0
2026-02-21,33024970.0
2026-02-22,33021603.0
2026-02-23,33031903.0
2026-02-24,33042203.0
2026-02-25,33130336.0
2026-02-26,33140636.0
2026-02-27,33137270.0
2026-02-28,33137270.0
2026-03-01,33136515.0
