date,btc_price,ma60,regime
2020-01-01,7200.85,,unknown
2020-01-02,6965.71,,unknown
2020-01-03,7344.96,,unknown
2020-01-04,7354.11,,unknown
2020-01-05,7358.75,,unknown
2020-01-06,7758.0,,unknown
2020-01-07,8145.28,,unknown
2020-01-08,8055.98,,unknown
2020-01-09,7817.76,,unknown
2020-01-10,8197.02,,unknown
2020-01-11,8020.01,,unknown
2020-01-12,8184.98,,unknown
2020-01-13,8110.34,,unknown
2020-01-14,8810.01,,unknown
2020-01-15,8821.41,,unknown
2020-01-16,8720.01,,unknown
2020-01-17,8913.28,,unknown
2020-01-18,8915.96,,unknown
2020-01-19,8701.7,,unknown
2020-01-20,8642.35,,unknown
2020-01-21,8736.03,,unknown
2020-01-22,8682.36,,unknown
2020-01-23,8404.52,,unknown
2020-01-24,8439.0,,unknown
2020-01-25,8340.58,,unknown
2020-01-26,8615.0,,unknown
2020-01-27,8907.57,,unknown
2020-01-28,9374.21,,unknown
2020-01-29,9301.53,,unknown
2020-01-30,9513.21,,unknown
2020-01-31,9352.89,,unknown
2020-02-01,9384.61,,unknown
2020-02-02,9331.51,,unknown
2020-02-03,9292.24,,unknown
2020-02-04,9197.02,,unknown
2020-02-05,9612.04,,unknown
2020-02-06,9772.0,,unknown
2020-02-07,9813.73,,unknown
2020-02-08,9895.05,,unknown
2020-02-09,10151.75,,unknown
2020-02-10,9851.83,,unknown
2020-02-11,10223.08,,unknown
2020-02-12,10326.46,,unknown
2020-02-13,10229.63,,unknown
2020-02-14,10344.36,,unknown
2020-02-15,9904.72,,unknown
2020-02-16,9917.27,,unknown
2020-02-17,9706.0,,unknown
2020-02-18,10164.71,,unknown
2020-02-19,9593.79,,unknown
2020-02-20,9596.42,,unknown
2020-02-21,9677.05,,unknown
2020-02-22,9650.86,,unknown
2020-02-23,9936.4,,unknown
2020-02-24,9656.13,,unknown
2020-02-25,9315.84,,unknown
2020-02-26,8785.25,,unknown
2020-02-27,8823.21,,unknown
2020-02-28,8692.91,,unknown
2020-02-29,8523.61,8984.58,unknown
2020-03-01,8531.88,9006.76,unknown
2020-03-02,8915.24,9039.26,unknown
2020-03-03,8760.07,9062.84,unknown
2020-03-04,8750.87,9086.12,unknown
2020-03-05,9054.68,9114.39,sideways
2020-03-06,9131.88,9137.28,sideways
2020-03-07,8886.66,9149.64,sideways
2020-03-08,8033.31,9149.26,sideways
2020-03-09,7929.87,9151.13,sideways
2020-03-10,7894.56,9146.09,sideways
2020-03-11,7934.52,9144.67,sideways
2020-03-12,4800.0,9088.25,bear
2020-03-13,5578.6,9046.05,bear
2020-03-14,5172.06,8985.42,bear
2020-03-15,5361.3,8927.75,bear
2020-03-16,5028.97,8866.24,bear
2020-03-17,5312.64,8806.23,bear
2020-03-18,5393.04,8747.51,bear
2020-03-19,6162.37,8705.19,bear
2020-03-20,6208.36,8664.62,bear
2020-03-21,6186.98,8622.14,bear
2020-03-22,5816.19,8574.37,bear
2020-03-23,6467.31,8542.08,bear
2020-03-24,6744.72,8513.84,bear
2020-03-25,6677.43,8486.12,bear
2020-03-26,6737.36,8454.83,bear
2020-03-27,6359.11,8412.35,bear
2020-03-28,6236.65,8360.06,bear
2020-03-29,5881.42,8303.06,bear
2020-03-30,6394.38,8251.08,bear
2020-03-31,6410.44,8202.04,bear
2020-04-01,6642.92,8156.34,bear
2020-04-02,6794.09,8114.05,bear
2020-04-03,6734.1,8071.42,bear
2020-04-04,6856.99,8032.42,bear
2020-04-05,6772.78,7985.1,bear
2020-04-06,7329.9,7944.4,bear
2020-04-07,7197.32,7900.79,bear
2020-04-08,7361.28,7858.56,bear
2020-04-09,7283.54,7810.76,bear
2020-04-10,6858.92,7760.87,bear
2020-04-11,6876.83,7705.1,bear
2020-04-12,6903.79,7648.06,bear
2020-04-13,6837.91,7591.53,bear
2020-04-14,6868.7,7533.6,bear
2020-04-15,6621.24,7478.88,bear
2020-04-16,7101.94,7431.95,bear
2020-04-17,7027.55,7387.31,bear
2020-04-18,7248.6,7338.71,bear
2020-04-19,7120.74,7297.49,bear
2020-04-20,6826.83,7251.34,bear
2020-04-21,6841.37,7204.07,bear
2020-04-22,7125.14,7161.98,bear
2020-04-23,7482.39,7121.08,sideways
2020-04-24,7505.0,7085.23,sideways
2020-04-25,7538.67,7055.61,sideways
2020-04-26,7693.1,7037.4,sideways
2020-04-27,7774.62,7019.93,sideways
2020-04-28,7738.98,7004.03,sideways
2020-04-29,8778.57,7008.28,sideways
2020-04-30,8620.0,7009.75,sideways
2020-05-01,8826.96,7008.28,sideways
2020-05-02,8972.05,7011.81,sideways
2020-05-03,8894.16,7014.2,bull
2020-05-04,8871.96,7011.15,bull
2020-05-05,9021.83,7009.32,sideways
2020-05-06,9142.92,7013.59,bull
2020-05-07,9986.4,7046.14,bull
2020-05-08,9800.01,7077.31,bull
2020-05-09,9539.4,7104.72,bull
2020-05-10,8722.77,7117.86,bull
2020-05-11,8561.52,7180.55,bull
2020-05-12,8810.79,7234.42,bull
2020-05-13,9309.37,7303.38,bull
2020-05-14,9791.98,7377.22,bull
2020-05-15,9316.42,7448.68,bull
2020-05-16,9381.27,7516.49,bull
2020-05-17,9680.04,7587.94,bull
2020-05-18,9733.93,7647.47,bull
2020-05-19,9775.53,7706.92,bull
2020-05-20,9511.43,7762.33,bull
2020-05-21,9068.65,7816.53,bull
2020-05-22,9170.0,7861.58,bull
2020-05-23,9179.15,7902.15,bull
2020-05-24,8720.34,7936.2,bull
2020-05-25,8900.35,7972.25,bull
2020-05-26,8841.18,8013.62,bull
2020-05-27,9204.07,8063.08,bull
2020-05-28,9575.89,8124.65,bull
2020-05-29,9427.07,8175.19,bull
2020-05-30,9697.72,8229.98,bull
2020-05-31,9448.27,8276.74,bull
2020-06-01,10200.77,8333.52,bull
2020-06-02,9518.04,8379.92,bull
2020-06-03,9666.24,8426.74,bull
2020-06-04,9789.06,8477.01,bull
2020-06-05,9619.5,8515.17,bull
2020-06-06,9679.5,8556.54,bull
2020-06-07,9741.5,8596.21,bull
2020-06-08,9781.5,8637.84,bull
2020-06-09,9774.0,8686.43,bull
2020-06-10,9880.5,8736.49,bull
2020-06-11,9281.5,8776.11,bull
2020-06-12,9466.0,8819.92,bull
2020-06-13,9474.0,8863.34,bull
2020-06-14,9343.0,8908.7,bull
2020-06-15,9424.0,8947.4,bull
2020-06-16,9523.5,8989.0,bull
2020-06-17,9463.0,9025.91,bull
2020-06-18,9387.0,9063.68,bull
2020-06-19,9311.5,9105.09,bull
2020-06-20,9358.5,9147.04,bull
2020-06-21,9295.5,9183.21,bull
2020-06-22,9683.5,9219.9,bull
2020-06-23,9624.0,9255.22,bull
2020-06-24,9314.5,9284.81,bull
2020-06-25,9248.5,9310.74,sideways
2020-06-26,9161.5,9333.85,sideways
2020-06-27,9011.5,9355.06,sideways
2020-06-28,9116.5,9360.69,sideways
2020-06-29,9188.5,9370.17,sideways
2020-06-30,9137.0,9375.33,sideways
2020-07-01,9243.0,9379.85,sideways
2020-07-02,9086.5,9383.06,sideways
2020-07-03,9059.0,9386.17,sideways
2020-07-04,9134.0,9388.04,sideways
2020-07-05,9073.0,9386.88,sideways
2020-07-06,9341.5,9376.13,bear
2020-07-07,9256.5,9367.07,bear
2020-07-08,9435.0,9365.33,sideways
2020-07-09,9233.0,9373.83,bear
2020-07-10,9289.0,9385.96,bear
2020-07-11,9234.0,9393.01,sideways
2020-07-12,9300.5,9392.86,sideways
2020-07-13,9241.5,9383.69,sideways
2020-07-14,9253.5,9382.64,sideways
2020-07-15,9198.0,9379.59,bear
2020-07-16,9133.0,9370.47,bear
2020-07-17,9155.0,9360.82,bear
2020-07-18,9169.0,9350.71,bear
2020-07-19,9207.5,9345.65,bear
2020-07-20,9160.5,9347.18,bear
2020-07-21,9387.5,9350.8,sideways
2020-07-22,9518.5,9356.46,sideways
2020-07-23,9605.5,9371.21,bull
2020-07-24,9537.5,9381.83,bull
2020-07-25,9702.0,9396.18,bull
2020-07-26,9931.0,9408.29,bull
2020-07-27,11031.0,9432.54,bull
2020-07-28,10908.0,9457.23,bull
2020-07-29,11106.0,9480.7,bull
2020-07-30,11105.0,9508.31,bull
2020-07-31,11341.5,9527.32,bull
2020-08-01,11806.5,9565.46,bull
2020-08-02,11074.5,9588.93,bull
2020-08-03,11226.5,9612.89,bull
2020-08-04,11195.0,9639.15,bull
2020-08-05,11744.0,9673.56,bull
2020-08-06,11767.5,9707.33,bull
2020-08-07,11597.5,9737.59,bull
2020-08-08,11768.0,9770.83,bull
2020-08-09,11684.0,9800.88,bull
2020-08-10,11896.0,9844.46,bull
2020-08-11,11394.0,9876.59,bull
2020-08-12,11569.5,9911.52,bull
2020-08-13,11781.5,9952.16,bull
2020-08-14,11763.5,9991.15,bull
2020-08-15,11858.5,10030.07,bull
2020-08-16,11915.0,10070.93,bull
2020-08-17,12284.5,10119.23,bull
2020-08-18,11954.0,10163.27,bull
2020-08-19,11760.0,10203.29,bull
2020-08-20,11861.0,10246.05,bull
2020-08-21,11533.5,10276.88,bull
2020-08-22,11669.5,10310.98,bull
2020-08-23,11652.0,10349.93,bull
2020-08-24,11758.0,10391.76,bull
2020-08-25,11325.5,10427.83,bull
2020-08-26,11467.0,10468.75,bull
2020-08-27,11332.0,10505.67,bull
2020-08-28,11532.0,10544.73,bull
2020-08-29,11474.0,10583.68,bull
2020-08-30,11715.0,10624.88,bull
2020-08-31,11657.5,10667.73,bull
2020-09-01,11929.5,10715.58,bull
2020-09-02,11391.5,10753.2,bull
2020-09-03,10148.0,10771.12,sideways
2020-09-04,10452.5,10789.63,sideways
2020-09-05,10171.0,10804.88,sideways
2020-09-06,10262.0,10818.66,sideways
2020-09-07,10376.5,10837.72,sideways
2020-09-08,10132.5,10851.77,sideways
2020-09-09,10223.5,10868.27,sideways
2020-09-10,10342.5,10885.63,sideways
2020-09-11,10392.5,10904.82,sideways
2020-09-12,10445.0,10924.67,sideways
2020-09-13,10335.0,10943.62,sideways
2020-09-14,10677.0,10969.36,sideways
2020-09-15,10790.0,10996.61,sideways
2020-09-16,10955.5,11026.38,sideways
2020-09-17,10944.0,11055.33,sideways
2020-09-18,10938.0,11084.95,sideways
2020-09-19,11084.0,11113.23,sideways
2020-09-20,10925.0,11136.67,sideways
2020-09-21,10422.0,11150.27,sideways
2020-09-22,10534.0,11166.88,sideways
2020-09-23,10246.0,11175.95,sideways
2020-09-24,10739.0,11189.42,sideways
2020-09-25,10692.5,11183.77,sideways
2020-09-26,10733.0,11180.86,sideways
2020-09-27,10778.0,11175.39,sideways
2020-09-28,10701.5,11168.67,bear
2020-09-29,10844.5,11160.38,bear
2020-09-30,10782.0,11143.31,bear
2020-10-01,10617.0,11135.68,bear
2020-10-02,10567.5,11124.7,bear
2020-10-03,10538.5,11113.76,bear
2020-10-04,10665.0,11095.77,bear
2020-10-05,10788.0,11079.45,bear
2020-10-06,10598.0,11062.79,bear
2020-10-07,10647.0,11044.11,bear
2020-10-08,10922.0,11031.41,bear
2020-10-09,11048.0,11017.27,sideways
2020-10-10,11291.0,11015.56,sideways
2020-10-11,11368.5,11012.21,sideways
2020-10-12,11532.0,11008.05,sideways
2020-10-13,11419.0,11002.31,sideways
2020-10-14,11418.0,10994.97,sideways
2020-10-15,11503.5,10988.11,sideways
2020-10-16,11316.0,10971.97,sideways
2020-10-17,11356.0,10962.0,sideways
2020-10-18,11504.5,10957.74,sideways
2020-10-19,11744.0,10955.79,sideways
2020-10-20,11910.0,10962.07,sideways
2020-10-21,12782.5,10980.62,bull
2020-10-22,12968.5,11002.56,bull
2020-10-23,12923.0,11021.98,bull
2020-10-24,13112.5,11051.76,bull
2020-10-25,13031.0,11077.83,bull
2020-10-26,13052.5,11106.5,bull
2020-10-27,13635.5,11141.56,bull
2020-10-28,13269.0,11171.48,bull
2020-10-29,13456.5,11200.5,bull
2020-10-30,13557.5,11232.17,bull
2020-10-31,13791.0,11263.19,bull
2020-11-01,13761.0,11302.68,bull
2020-11-02,13553.0,11359.43,bull
2020-11-03,14023.0,11418.94,bull
2020-11-04,14130.0,11484.92,bull
2020-11-05,15586.5,11573.67,bull
2020-11-06,15578.0,11660.36,bull
2020-11-07,14813.5,11738.38,bull
2020-11-08,15476.5,11825.92,bull
2020-11-09,15326.5,11908.99,bull
2020-11-10,15297.5,11990.74,bull
2020-11-11,15685.0,12078.08,bull
2020-11-12,16297.0,12177.44,bull
2020-11-13,16321.0,12271.51,bull
2020-11-14,16063.0,12359.39,bull
2020-11-15,15953.5,12442.69,bull
2020-11-16,16714.5,12538.87,bull
2020-11-17,17651.0,12650.75,bull
2020-11-18,17776.0,12762.28,bull
2020-11-19,17803.5,12876.92,bull
2020-11-20,18661.0,13014.24,bull
2020-11-21,18722.5,13150.72,bull
2020-11-22,18438.5,13287.26,bull
2020-11-23,18382.5,13414.65,bull
2020-11-24,19210.0,13556.61,bull
2020-11-25,18740.0,13690.06,bull
2020-11-26,17144.5,13796.17,bull
2020-11-27,17134.0,13903.38,bull
2020-11-28,17736.0,14018.23,bull
2020-11-29,18195.0,14141.78,bull
2020-11-30,19706.0,14293.27,bull
2020-12-01,18779.5,14430.13,bull
2020-12-02,19221.0,14574.84,bull
2020-12-03,19436.5,14721.03,bull
2020-12-04,18668.0,14852.37,bull
2020-12-05,19156.5,14995.01,bull
2020-12-06,19369.5,15140.38,bull
2020-12-07,19177.0,15277.97,bull
2020-12-08,18334.0,15399.4,bull
2020-12-09,18552.5,15520.42,bull
2020-12-10,18262.5,15635.33,bull
2020-12-11,18039.5,15743.78,bull
2020-12-12,18819.0,15867.12,bull
2020-12-13,19185.5,15996.58,bull
2020-12-14,19282.5,16126.23,bull
2020-12-15,19437.0,16261.58,bull
2020-12-16,21346.5,16428.08,bull
2020-12-17,22823.5,16616.73,bull
2020-12-18,23120.0,16806.33,bull
2020-12-19,23831.5,17005.03,bull
2020-12-20,23481.5,17183.34,bull
2020-12-21,22725.0,17345.95,bull
2020-12-22,23821.0,17527.58,bull
2020-12-23,23226.5,17696.15,bull
2020-12-24,23748.5,17874.78,bull
2020-12-25,24718.5,18069.21,bull
2020-12-26,26482.0,18283.32,bull
2020-12-27,26303.5,18500.56,bull
2020-12-28,27081.5,18727.64,bull
2020-12-29,27395.0,18958.27,bull
2020-12-30,28885.0,19209.83,bull
2020-12-31,28918.5,19462.46,bull
2021-01-01,29350.5,19725.75,bull
2021-01-02,32188.5,20028.51,bull
2021-01-03,33023.0,20343.39,bull
2021-01-04,32010.0,20617.12,bull
2021-01-05,33973.0,20923.7,bull
2021-01-06,36769.5,21289.63,bull
2021-01-07,39450.5,21689.2,bull
2021-01-08,40611.0,22110.61,bull
2021-01-09,40102.5,22524.03,bull
2021-01-10,38182.0,22898.97,bull
2021-01-11,35448.0,23218.16,bull
2021-01-12,34078.5,23514.12,bull
2021-01-13,37377.5,23869.36,bull
2021-01-14,39202.5,24256.84,bull
2021-01-15,36765.0,24591.02,bull
2021-01-16,36015.0,24897.08,bull
2021-01-17,35860.5,25198.49,bull
2021-01-18,36627.5,25512.22,bull
2021-01-19,35912.5,25799.75,bull
2021-01-20,35497.5,26079.33,bull
2021-01-21,30864.5,26286.43,bull
2021-01-22,32992.0,26529.92,bull
2021-01-23,32089.5,26744.58,bull
2021-01-24,32257.5,26969.88,bull
2021-01-25,32288.5,27222.28,bull
2021-01-26,32492.0,27478.24,bull
2021-01-27,30359.0,27688.62,bull
2021-01-28,33309.0,27940.53,bull
2021-01-29,34252.0,28182.96,bull
2021-01-30,34283.5,28441.36,bull
2021-01-31,33119.0,28672.99,bull
2021-02-01,33529.5,28907.88,bull
2021-02-02,35487.0,29188.19,bull
2021-02-03,37628.5,29496.06,bull
2021-02-04,36953.5,29789.12,bull
2021-02-05,38294.0,30107.74,bull
2021-02-06,39214.5,30455.75,bull
2021-02-07,38810.0,30793.38,bull
2021-02-08,46361.5,31261.69,bull
2021-02-09,46454.5,31735.28,bull
2021-02-10,44817.0,32168.58,bull
2021-02-11,47973.0,32648.37,bull
2021-02-12,47353.5,33116.22,bull
2021-02-13,47147.0,33578.05,bull
2021-02-14,48587.5,34032.07,bull
2021-02-15,47923.0,34450.39,bull
2021-02-16,49178.5,34884.7,bull
2021-02-17,52119.0,35356.16,bull
2021-02-18,51570.0,35824.3,bull
2021-02-19,55879.0,36376.87,bull
2021-02-20,55878.5,36911.16,bull
2021-02-21,57418.0,37481.02,bull
2021-02-22,54095.5,37986.8,bull
2021-02-23,48919.0,38390.14,bull
2021-02-24,49704.0,38777.18,bull
2021-02-25,47083.5,39123.51,bull
2021-02-26,46328.5,39444.29,bull
2021-02-27,46125.5,39756.47,bull
2021-02-28,45178.0,40028.02,bull
2021-03-01,49597.0,40372.66,bull
2021-03-02,48444.5,40690.89,bull
2021-03-03,50403.5,40994.47,bull
2021-03-04,48366.5,41250.2,bull
2021-03-05,48753.5,41529.26,bull
2021-03-06,48872.0,41777.57,bull
2021-03-07,50973.0,42014.3,bull
2021-03-08,52372.5,42229.67,bull
2021-03-09,54876.5,42467.43,bull
2021-03-10,55832.5,42729.59,bull
2021-03-11,57793.5,43056.45,bull
2021-03-12,57267.0,43420.1,bull
2021-03-13,61188.0,43871.93,bull
2021-03-14,59253.0,44236.52,bull
2021-03-15,55633.0,44510.36,bull
2021-03-16,56914.0,44846.18,bull
2021-03-17,58895.0,45227.51,bull
2021-03-18,57652.5,45590.71,bull
2021-03-19,58052.5,45947.79,bull
2021-03-20,58127.5,46318.04,bull
2021-03-21,57342.0,46682.12,bull
2021-03-22,54081.5,47069.07,bull
2021-03-23,54370.5,47425.38,bull
2021-03-24,52319.0,47762.53,bull
2021-03-25,51312.5,48080.12,bull
2021-03-26,55024.0,48459.04,bull
2021-03-27,55855.5,48848.43,bull
2021-03-28,55795.0,49272.37,bull
2021-03-29,57644.0,49677.95,bull
2021-03-30,58762.5,50086.46,bull
2021-03-31,58755.5,50494.32,bull
2021-04-01,58749.5,50921.5,bull
2021-04-02,58980.0,51345.68,bull
2021-04-03,57098.0,51705.86,bull
2021-04-04,58209.0,52048.87,bull
2021-04-05,59150.0,52418.81,bull
2021-04-06,58000.5,52747.25,bull
2021-04-07,55967.0,53026.46,bull
2021-04-08,58101.5,53347.98,bull
2021-04-09,58143.0,53544.34,bull
2021-04-10,59790.0,53766.6,bull
2021-04-11,60011.0,54019.83,bull
2021-04-12,59865.0,54218.03,bull
2021-04-13,63592.0,54488.68,bull
2021-04-14,62973.5,54752.45,bull
2021-04-15,63152.0,54995.19,bull
2021-04-16,61349.0,55218.96,bull
2021-04-17,60006.5,55399.43,bull
2021-04-18,56156.0,55466.71,bull
2021-04-19,55631.5,55534.4,bull
2021-04-20,56458.0,55544.05,bull
2021-04-21,53792.0,55509.28,sideways
2021-04-22,51729.5,55414.47,sideways
2021-04-23,51110.0,55364.71,bear
2021-04-24,50051.0,55383.57,bear
2021-04-25,49071.0,55373.03,bear
2021-04-26,54012.0,55488.5,bear
2021-04-27,55028.5,55633.5,sideways
2021-04-28,54933.0,55780.29,sideways
2021-04-29,53567.0,55920.11,sideways
2021-04-30,57698.0,56055.12,bull
2021-05-01,57811.0,56211.23,bull
2021-05-02,56592.5,56314.38,bull
2021-05-03,57172.0,56461.14,bull
2021-05-04,53219.5,56535.57,sideways
2021-05-05,57460.0,56678.71,bull
2021-05-06,56403.0,56769.21,sideways
2021-05-07,57317.5,56851.62,bull
2021-05-08,58800.0,56917.02,bull
2021-05-09,58230.5,56956.98,bull
2021-05-10,55830.0,56924.26,sideways
2021-05-11,56695.5,56914.73,sideways
2021-05-12,49623.0,56721.98,bear
2021-05-13,49667.0,56562.22,bear
2021-05-14,49863.0,56466.05,bear
2021-05-15,46777.5,56297.11,bear
2021-05-16,46422.0,56089.22,bear
2021-05-17,43563.0,55854.4,bear
2021-05-18,42855.0,55601.11,bear
2021-05-19,36672.0,55243.52,bear
2021-05-20,40534.5,54963.39,bear
2021-05-21,37263.0,54683.08,bear
2021-05-22,37483.5,54401.63,bear
2021-05-23,34621.5,54106.68,bear
2021-05-24,38815.5,53898.39,bear
2021-05-25,38337.0,53620.28,bear
2021-05-26,39256.5,53343.62,bear
2021-05-27,38503.5,53055.43,bear
2021-05-28,35677.5,52689.32,bear
2021-05-29,34599.0,52286.6,bear
2021-05-30,35658.0,51901.64,bear
2021-05-31,37263.0,51543.53,bear
2021-06-01,36700.5,51172.21,bear
2021-06-02,37582.5,50846.95,bear
2021-06-03,39250.0,50530.97,bear
2021-06-04,36841.5,50159.16,bear
2021-06-05,35523.0,49784.53,bear
2021-06-06,35811.0,49448.6,bear
2021-06-07,33580.5,49039.92,bear
2021-06-08,33384.0,48627.27,bear
2021-06-09,37392.0,48253.97,bear
2021-06-10,36679.5,47865.11,bear
2021-06-11,37344.0,47489.76,bear
2021-06-12,35544.0,47022.29,bear
2021-06-13,39033.0,46623.28,bear
2021-06-14,40515.0,46246.0,bear
2021-06-15,40164.0,45892.92,bear
2021-06-16,38365.5,45532.23,bear
2021-06-17,38100.0,45231.3,bear
2021-06-18,35817.0,44901.06,bear
2021-06-19,35497.5,44551.72,bear
2021-06-20,35610.0,44248.68,bear
2021-06-21,31629.5,43913.68,bear
2021-06-22,32524.0,43603.92,bear
2021-06-23,33675.0,43330.98,bear
2021-06-24,34667.5,43090.93,bear
2021-06-25,31602.0,42717.43,bear
2021-06-26,32288.5,42338.43,bear
2021-06-27,34678.5,42000.85,bear
2021-06-28,34502.0,41683.1,bear
2021-06-29,35929.5,41320.29,bear
2021-06-30,35035.5,40940.7,bear
2021-07-01,33541.5,40556.52,bear
2021-07-02,33798.0,40166.95,bear
2021-07-03,34680.0,39857.96,bear
2021-07-04,35308.5,39488.77,bear
2021-07-05,33691.5,39110.24,bear
2021-07-06,34233.0,38725.5,bear
2021-07-07,33871.5,38310.03,bear
2021-07-08,32878.5,37887.49,bear
2021-07-09,33831.0,37520.84,bear
2021-07-10,33526.5,37134.69,bear
2021-07-11,34260.0,36878.64,bear
2021-07-12,33118.5,36602.83,bear
2021-07-13,32736.0,36317.38,bear
2021-07-14,32828.0,36084.89,bear
2021-07-15,31882.0,35842.56,bear
2021-07-16,31390.5,35639.68,bear
2021-07-17,31524.0,35450.83,bear
2021-07-18,31788.0,35369.43,bear
2021-07-19,30848.5,35208.0,bear
2021-07-20,29795.5,35083.54,bear
2021-07-21,32133.0,34994.37,bear
2021-07-22,32305.0,34955.76,bear
2021-07-23,33641.5,34869.53,bear
2021-07-24,34257.5,34801.53,bear
2021-07-25,35399.0,34737.24,sideways
2021-07-26,37250.0,34716.35,sideways
2021-07-27,39482.0,34779.76,sideways
2021-07-28,40031.0,34870.29,bull
2021-07-29,40029.5,34943.15,bull
2021-07-30,42206.0,35025.53,bull
2021-07-31,41466.0,35104.96,bull
2021-08-01,39862.0,35142.95,bull
2021-08-02,39162.5,35141.49,bull
2021-08-03,38214.5,35164.38,bull
2021-08-04,39752.5,35234.87,bull
2021-08-05,40878.5,35319.32,bull
2021-08-06,42849.0,35473.8,bull
2021-08-07,44583.0,35660.45,bull
2021-08-08,43843.0,35767.97,bull
2021-08-09,46286.0,35928.07,bull
2021-08-10,45594.5,36065.58,bull
2021-08-11,45550.0,36232.35,bull
2021-08-12,44427.0,36322.25,bull
2021-08-13,47813.5,36443.89,bull
2021-08-14,47089.5,36559.32,bull
2021-08-15,46993.5,36703.12,bull
2021-08-16,45926.5,36833.56,bull
2021-08-17,44695.0,36981.53,bull
2021-08-18,44718.5,37135.21,bull
2021-08-19,46768.0,37321.18,bull
2021-08-20,49327.5,37616.14,bull
2021-08-21,48837.0,37888.03,bull
2021-08-22,49269.5,38147.93,bull
2021-08-23,49511.0,38395.32,bull
2021-08-24,47721.5,38663.98,bull
2021-08-25,48996.5,38942.45,bull
2021-08-26,46838.5,39145.12,bull
2021-08-27,49075.0,39388.0,bull
2021-08-28,48897.5,39604.13,bull
2021-08-29,48769.5,39833.03,bull
2021-08-30,46988.5,40057.15,bull
2021-08-31,47120.5,40279.19,bull
2021-09-01,48839.5,40515.18,bull
2021-09-02,49260.0,40747.71,bull
2021-09-03,50001.5,41019.54,bull
2021-09-04,49916.0,41280.93,bull
2021-09-05,51779.0,41579.38,bull
2021-09-06,52677.5,41909.37,bull
2021-09-07,46796.0,42125.45,bull
2021-09-08,46070.0,42334.51,bull
2021-09-09,46402.5,42536.88,bull
2021-09-10,44850.0,42732.41,bull
2021-09-11,45167.0,42939.59,bull
2021-09-12,46030.0,43159.62,bull
2021-09-13,44952.0,43377.46,bull
2021-09-14,47128.0,43639.75,bull
2021-09-15,48139.5,43916.68,bull
2021-09-16,47751.0,44182.72,bull
2021-09-17,47302.0,44456.95,bull
2021-09-18,48311.0,44765.54,bull
2021-09-19,47244.5,45017.4,bull
2021-09-20,43036.5,45196.26,sideways
2021-09-21,40691.5,45313.76,sideways
2021-09-22,43560.0,45468.8,sideways
2021-09-23,44876.5,45626.76,sideways
2021-09-24,42812.0,45719.46,sideways
2021-09-25,42687.5,45772.88,sideways
2021-09-26,43197.5,45825.66,sideways
2021-09-27,42160.5,45861.18,sideways
2021-09-28,41038.0,45841.71,sideways
2021-09-29,41531.0,45842.79,sideways
2021-09-30,43830.0,45908.93,sideways
2021-10-01,48144.0,46058.62,bull
2021-10-02,47656.5,46215.98,bull
2021-10-03,48217.5,46357.07,bull
2021-10-04,49206.0,46495.86,bull
2021-10-05,51469.5,46639.53,bull
2021-10-06,55326.0,46818.58,bull
2021-10-07,53796.0,46984.47,bull
2021-10-08,53923.5,47111.76,bull
2021-10-09,54946.0,47267.62,bull
2021-10-10,54681.0,47419.8,bull
2021-10-11,57507.5,47637.81,bull
2021-10-12,56027.0,47774.7,bull
2021-10-13,57378.5,47946.18,bull
2021-10-14,57357.0,48118.91,bull
2021-10-15,61694.5,48381.71,bull
2021-10-16,60889.5,48651.62,bull
2021-10-17,61538.5,48931.95,bull
2021-10-18,62049.0,49186.63,bull
2021-10-19,64285.5,49435.93,bull
2021-10-20,66039.0,49722.63,bull
2021-10-21,62235.0,49938.72,bull
2021-10-22,60706.0,50125.31,bull
2021-10-23,61310.5,50351.79,bull
2021-10-24,60875.0,50549.77,bull
2021-10-25,63097.0,50820.74,bull
2021-10-26,60299.0,51007.81,bull
2021-10-27,58424.5,51166.59,bull
2021-10-28,60621.5,51364.12,bull
2021-10-29,62270.0,51618.82,bull
2021-10-30,61886.0,51864.91,bull
2021-10-31,61309.0,52072.73,bull
2021-11-01,60874.5,52266.31,bull
2021-11-02,63255.5,52487.21,bull
2021-11-03,62936.0,52704.21,bull
2021-11-04,61428.5,52865.03,bull
2021-11-05,60953.0,53002.96,bull
2021-11-06,61472.5,53247.57,bull
2021-11-07,63274.5,53534.31,bull
2021-11-08,67590.0,53887.43,bull
2021-11-09,66975.0,54256.18,bull
2021-11-10,64886.0,54584.83,bull
2021-11-11,64798.0,54897.63,bull
2021-11-12,64105.5,55216.86,bull
2021-11-13,64414.0,55504.96,bull
2021-11-14,65542.5,55795.01,bull
2021-11-15,63624.0,56059.56,bull
2021-11-16,60118.5,56273.17,bull
2021-11-17,60337.5,56473.61,bull
2021-11-18,56925.0,56634.95,bull
2021-11-19,58073.5,56885.57,bull
2021-11-20,59700.0,57202.38,bull
2021-11-21,58645.0,57453.79,bull
2021-11-22,56280.0,57643.85,sideways
2021-11-23,57541.0,57889.33,sideways
2021-11-24,57174.5,58130.78,sideways
2021-11-25,58896.0,58392.43,bull
2021-11-26,53784.5,58586.16,sideways
2021-11-27,54752.0,58814.72,sideways
2021-11-28,57355.0,59078.46,sideways
2021-11-29,57798.5,59311.27,sideways
2021-11-30,56932.0,59457.73,sideways
2021-12-01,57173.0,59616.34,sideways
2021-12-02,56489.5,59754.21,sideways
2021-12-03,53649.5,59828.27,sideways
2021-12-04,49163.0,59789.82,sideways
2021-12-05,49361.5,59690.42,sideways
2021-12-06,50432.0,59634.35,sideways
2021-12-07,50585.0,59578.71,bear
2021-12-08,50448.0,59503.74,bear
2021-12-09,47592.0,59385.59,bear
2021-12-10,47179.0,59213.45,bear
2021-12-11,49297.0,59101.28,bear
2021-12-12,50070.5,58979.48,bear
2021-12-13,46678.5,58801.51,bear
2021-12-14,48359.0,58579.25,bear
2021-12-15,48870.0,58378.93,bear
2021-12-16,47649.5,58147.44,bear
2021-12-17,46163.5,57882.68,bear
2021-12-18,46835.5,57591.85,bear
2021-12-19,46679.5,57269.19,bear
2021-12-20,46890.0,57013.44,bear
2021-12-21,48885.5,56816.43,bear
2021-12-22,48586.0,56604.36,bear
2021-12-23,50795.0,56436.36,bear
2021-12-24,50799.5,56231.4,bear
2021-12-25,50403.5,56066.47,bear
2021-12-26,50766.5,55938.84,bear
2021-12-27,50707.5,55773.61,bear
2021-12-28,47532.5,55527.98,bear
2021-12-29,46440.0,55270.55,bear
2021-12-30,47095.0,55033.65,bear
2021-12-31,46220.5,54789.42,bear
2022-01-01,47726.5,54530.6,bear
2022-01-02,47303.5,54270.06,bear
2022-01-03,46434.0,54020.15,bear
2022-01-04,45871.0,53768.78,bear
2022-01-05,43420.0,53467.91,bear
2022-01-06,43100.0,53131.67,bear
2022-01-07,41539.0,52697.48,bear
2022-01-08,41685.5,52275.99,bear
2022-01-09,41848.0,51892.03,bear
2022-01-10,41812.0,51508.93,bear
2022-01-11,42702.0,51152.2,bear
2022-01-12,43880.5,50809.97,bear
2022-01-13,42569.5,50427.09,bear
2022-01-14,43062.0,50084.39,bear
2022-01-15,43092.0,49800.62,bear
2022-01-16,43059.0,49512.64,bear
2022-01-17,42198.5,49267.2,bear
2022-01-18,42348.0,49005.11,bear
2022-01-19,41664.0,48704.51,bear
2022-01-20,40680.5,48405.1,bear
2022-01-21,36472.5,48074.97,bear
2022-01-22,35065.0,47700.38,bear
2022-01-23,36262.0,47351.83,bear
2022-01-24,36670.5,46981.41,bear
2022-01-25,36949.0,46700.82,bear
2022-01-26,36800.5,46401.62,bear
2022-01-27,37164.5,46065.12,bear
2022-01-28,37710.0,45730.31,bear
2022-01-29,38160.5,45417.45,bear
2022-01-30,37916.5,45096.51,bear
2022-01-31,38460.5,44796.03,bear
2022-02-01,38702.5,44546.91,bear
2022-02-02,36893.5,44342.42,bear
2022-02-03,37305.5,44141.48,bear
2022-02-04,41562.0,43993.65,bear
2022-02-05,41388.0,43840.37,bear
2022-02-06,42372.0,43705.77,bear
2022-02-07,43834.0,43643.13,sideways
2022-02-08,44036.0,43590.75,sideways
2022-02-09,44380.5,43508.81,sideways
2022-02-10,43479.5,43398.96,sideways
2022-02-11,42380.0,43327.32,bear
2022-02-12,42200.0,43224.67,bear
2022-02-13,42056.5,43111.11,bear
2022-02-14,42530.0,43025.78,bear
2022-02-15,44541.5,42998.75,sideways
2022-02-16,43888.0,42949.62,sideways
2022-02-17,40510.0,42846.8,bear
2022-02-18,39988.0,42731.77,bear
2022-02-19,40070.5,42584.85,bear
2022-02-20,38382.0,42414.78,bear
2022-02-21,37005.5,42184.96,bear
2022-02-22,38237.5,41975.59,bear
2022-02-23,37250.0,41756.37,bear
2022-02-24,38328.5,41549.07,bear
2022-02-25,39214.5,41357.52,bear
2022-02-26,39090.0,41216.81,bear
2022-02-27,37679.5,41070.8,bear
2022-02-28,43174.0,41005.45,sideways
2022-03-01,44394.0,40975.01,sideways
2022-03-02,43896.0,40911.17,sideways
2022-03-03,42454.0,40830.34,sideways
2022-03-04,39138.0,40708.74,bear
2022-03-05,39391.5,40600.75,bear
2022-03-06,38422.0,40517.45,bear
2022-03-07,37991.0,40432.3,bear
2022-03-08,38710.5,40385.16,bear
2022-03-09,41939.5,40389.39,sideways
2022-03-10,39407.5,40348.72,bear
2022-03-11,38720.0,40297.18,bear
2022-03-12,38792.5,40232.03,bear
2022-03-13,37753.0,40129.9,bear
2022-03-14,39657.5,40081.37,bear
2022-03-15,39279.5,40018.32,bear
2022-03-16,41114.5,39985.37,sideways
2022-03-17,40905.5,39949.47,sideways
2022-03-18,41763.0,39942.22,sideways
2022-03-19,42202.5,39939.79,sideways
2022-03-20,41265.0,39933.14,sideways
2022-03-21,41000.0,39938.47,sideways
2022-03-22,42354.0,40036.49,bull
2022-03-23,42873.0,40166.62,bull
2022-03-24,43976.0,40295.19,bull
2022-03-25,44295.0,40422.27,bull
2022-03-26,44496.5,40548.06,bull
2022-03-27,46848.0,40715.52,bull
2022-03-28,47121.5,40881.47,bull
2022-03-29,47428.0,41043.43,bull
2022-03-30,47036.5,41191.37,bull
2022-03-31,45558.0,41318.72,bull
2022-04-01,46278.5,41449.03,bull
2022-04-02,45812.5,41567.53,bull
2022-04-03,46408.0,41726.1,bull
2022-04-04,46609.5,41881.17,bull
2022-04-05,45551.0,41947.65,bull
2022-04-06,43229.0,41978.33,bull
2022-04-07,43516.5,41997.41,bull
2022-04-08,42306.0,41971.94,bull
2022-04-09,42786.5,41951.12,bull
2022-04-10,42187.5,41914.57,sideways
2022-04-11,39555.5,41849.17,bear
2022-04-12,40105.0,41811.25,bear
2022-04-13,41128.5,41793.39,bear
2022-04-14,39928.5,41757.93,bear
2022-04-15,40551.0,41724.94,bear
2022-04-16,40371.0,41655.43,bear
2022-04-17,39666.5,41585.07,bear
2022-04-18,40789.0,41589.72,bear
2022-04-19,41482.5,41614.63,bear
2022-04-20,41354.0,41636.03,bear
2022-04-21,40460.0,41670.66,sideways
2022-04-22,39688.0,41715.37,sideways
2022-04-23,39427.5,41735.2,sideways
2022-04-24,39452.0,41771.9,sideways
2022-04-25,40422.0,41806.79,sideways
2022-04-26,38099.0,41788.2,sideways
2022-04-27,39217.0,41790.32,sideways
2022-04-28,39738.0,41824.62,sideways
2022-04-29,38577.5,41748.02,bear
2022-04-30,37621.0,41635.13,bear
2022-05-01,38466.5,41544.64,bear
2022-05-02,38512.5,41478.95,bear
2022-05-03,37713.5,41455.21,bear
2022-05-04,39697.0,41460.3,bear
2022-05-05,36528.5,41428.74,bear
2022-05-06,35998.0,41395.53,bear
2022-05-07,35440.0,41341.02,bear
2022-05-08,34023.0,41209.07,bear
2022-05-09,30066.5,41053.39,bear
2022-05-10,31001.0,40924.74,bear
2022-05-11,29086.0,40762.97,bear
2022-05-12,29036.5,40617.69,bear
2022-05-13,29285.0,40444.82,bear
2022-05-14,30094.0,40291.72,bear
2022-05-15,31324.5,40128.56,bear
2022-05-16,29879.0,39944.78,bear
2022-05-17,30451.5,39756.26,bear
2022-05-18,28713.0,39531.43,bear
2022-05-19,30319.5,39349.01,bear
2022-05-20,29198.0,39152.31,bear
2022-05-21,29445.0,38937.16,bear
2022-05-22,30297.5,38727.57,bear
2022-05-23,29118.5,38479.94,bear
2022-05-24,29663.0,38236.07,bear
2022-05-25,29544.5,37986.88,bear
2022-05-26,29198.5,37692.72,bear
2022-05-27,28633.0,37384.57,bear
2022-05-28,29031.5,37077.97,bear
2022-05-29,29468.0,36785.16,bear
2022-05-30,31747.0,36554.97,bear
2022-05-31,31805.0,36313.75,bear
2022-06-01,29788.5,36046.68,bear
2022-06-02,30437.0,35780.5,bear
2022-06-03,29682.5,35498.38,bear
2022-06-04,29848.0,35236.67,bear
2022-06-05,29910.0,35014.68,bear
2022-06-06,31361.0,34812.09,bear
2022-06-07,31120.0,34625.66,bear
2022-06-08,30192.5,34415.76,bear
2022-06-09,30093.0,34214.18,bear
2022-06-10,29078.0,34039.56,bear
2022-06-11,28408.0,33844.61,bear
2022-06-12,26570.0,33601.97,bear
2022-06-13,22476.0,33311.09,bear
2022-06-14,22126.0,33004.01,bear
2022-06-15,22569.5,32707.32,bear
2022-06-16,20384.5,32385.95,bear
2022-06-17,20456.0,32047.07,bear
2022-06-18,18961.5,31671.72,bear
2022-06-19,20562.0,31325.18,bear
2022-06-20,20570.0,30993.68,bear
2022-06-21,20713.0,30677.43,bear
2022-06-22,19976.5,30353.25,bear
2022-06-23,21097.0,30047.33,bear
2022-06-24,21231.5,29727.49,bear
2022-06-25,21483.5,29450.57,bear
2022-06-26,21029.0,29147.43,bear
2022-06-27,20730.0,28830.63,bear
2022-06-28,20269.0,28525.49,bear
2022-06-29,20110.0,28233.64,bear
2022-06-30,19924.0,27924.6,bear
2022-07-01,19271.5,27603.92,bear
2022-07-02,19241.5,27296.05,bear
2022-07-03,19306.0,26956.2,bear
2022-07-04,20228.0,26684.53,bear
2022-07-05,20170.0,26420.72,bear
2022-07-06,20553.5,26172.62,bear
2022-07-07,21608.5,25965.71,bear
2022-07-08,21589.5,25824.42,bear
2022-07-09,21581.0,25667.42,bear
2022-07-10,20854.5,25530.23,bear
2022-07-11,19955.5,25378.88,bear
2022-07-12,19322.5,25212.84,bear
2022-07-13,20225.5,25048.37,bear
2022-07-14,20580.0,24869.29,bear
2022-07-15,20826.5,24718.42,bear
2022-07-16,21190.0,24564.06,bear
2022-07-17,20795.0,24432.09,bear
2022-07-18,22430.5,24300.61,bear
2022-07-19,23387.0,24203.76,bear
2022-07-20,23221.0,24100.03,bear
2022-07-21,23144.5,23980.81,bear
2022-07-22,22675.5,23873.42,bear
2022-07-23,22440.5,23753.05,bear
2022-07-24,22570.5,23636.82,bear
2022-07-25,21298.0,23505.14,bear
2022-07-26,21236.5,23381.87,bear
2022-07-27,22944.0,23280.41,bear
2022-07-28,23836.5,23186.55,sideways
2022-07-29,23771.0,23053.62,sideways
2022-07-30,23630.0,22917.37,sideways
2022-07-31,23290.2,22809.06,sideways
2022-08-01,23257.6,22689.41,sideways
2022-08-02,22972.5,22577.57,sideways
2022-08-03,22803.7,22460.17,sideways
2022-08-04,22609.0,22338.48,sideways
2022-08-05,23295.7,22204.06,sideways
2022-08-06,22943.2,22067.78,sideways
2022-08-07,23167.7,21950.7,sideways
2022-08-08,23805.5,21845.91,sideways
2022-08-09,23140.0,21746.94,sideways
2022-08-10,23941.1,21672.49,sideways
2022-08-11,23919.0,21628.31,sideways
2022-08-12,24387.6,21660.17,sideways
2022-08-13,24428.8,21698.55,sideways
2022-08-14,24294.0,21727.29,sideways
2022-08-15,24086.0,21788.99,bull
2022-08-16,23843.0,21845.44,bull
2022-08-17,23331.9,21918.28,bull
2022-08-18,23190.0,21962.08,bull
2022-08-19,20824.9,21966.32,sideways
2022-08-20,21127.9,21973.24,sideways
2022-08-21,21505.6,21998.72,sideways
2022-08-22,21388.5,22003.58,sideways
2022-08-23,21515.4,22008.31,sideways
2022-08-24,21355.0,22006.17,sideways
2022-08-25,21550.0,22014.85,sideways
2022-08-26,20233.9,22006.59,sideways
2022-08-27,20024.0,22002.5,bear
2022-08-28,19549.0,21993.15,bear
2022-08-29,20276.9,21999.03,bear
2022-08-30,19801.5,22007.87,bear
2022-08-31,20041.5,22021.2,sideways
2022-09-01,20120.2,22034.77,sideways
2022-09-02,19941.2,22029.99,sideways
2022-09-03,19820.7,22024.17,sideways
2022-09-04,19993.7,22014.84,sideways
2022-09-05,19784.9,21984.45,bear
2022-09-06,18782.8,21937.67,bear
2022-09-07,19287.1,21899.44,bear
2022-09-08,19309.5,21873.69,bear
2022-09-09,21352.1,21896.96,bear
2022-09-10,21639.5,21935.58,bear
2022-09-11,21819.2,21962.14,sideways
2022-09-12,22386.0,21992.24,bull
2022-09-13,20162.0,21981.17,sideways
2022-09-14,20217.1,21964.95,sideways
2022-09-15,19690.8,21946.55,sideways
2022-09-16,19793.9,21902.6,bear
2022-09-17,20102.0,21847.85,bear
2022-09-18,19404.5,21784.25,bear
2022-09-19,19528.5,21723.98,bear
2022-09-20,18868.1,21660.52,bear
2022-09-21,18449.3,21594.0,bear
2022-09-22,19393.5,21541.05,bear
2022-09-23,19280.2,21507.42,bear
2022-09-24,18911.0,21468.66,bear
2022-09-25,18803.4,21399.66,bear
2022-09-26,19216.6,21322.66,bear
2022-09-27,19072.1,21244.34,bear
2022-09-28,19408.1,21173.98,bear
2022-09-29,19581.4,21112.16,bear
2022-09-30,19411.5,21048.06,bear
2022-10-01,19304.0,20986.92,bear
2022-10-02,19048.5,20924.33,bear
2022-10-03,19620.0,20874.52,bear
2022-10-04,20333.0,20825.14,bear
2022-10-05,20148.6,20778.56,bear
2022-10-06,19954.0,20725.0,bear
2022-10-07,19520.8,20653.59,bear
2022-10-08,19404.5,20591.33,bear
2022-10-09,19430.1,20516.15,bear
2022-10-10,19123.7,20436.22,bear
2022-10-11,19055.1,20347.35,bear
2022-10-12,19148.1,20259.34,bear
2022-10-13,19365.4,20177.19,bear
2022-10-14,19167.0,20095.21,bear
2022-10-15,19059.8,20015.49,bear
2022-10-16,19251.9,19947.49,bear
2022-10-17,19540.7,19886.67,bear
2022-10-18,19320.9,19861.6,bear
2022-10-19,19116.7,19828.08,bear
2022-10-20,19034.8,19786.9,bear
2022-10-21,19151.1,19749.61,bear
2022-10-22,19195.0,19710.94,bear
2022-10-23,19560.8,19681.04,bear
2022-10-24,19318.1,19643.84,bear
2022-10-25,20070.0,19641.11,sideways
2022-10-26,20758.3,19653.34,sideways
2022-10-27,20285.0,19665.61,sideways
2022-10-28,20584.0,19670.73,sideways
2022-10-29,20796.6,19687.31,bull
2022-10-30,20615.6,19696.88,bull
2022-10-31,20482.1,19702.91,bull
2022-11-01,20470.4,19711.74,bull
2022-11-02,20140.2,19717.06,bull
2022-11-03,20199.0,19720.48,bull
2022-11-04,21137.5,19743.03,bull
2022-11-05,21289.8,19784.81,bull
2022-11-06,20900.1,19811.69,bull
2022-11-07,20576.7,19832.81,bull
2022-11-08,18531.8,19785.81,sideways
2022-11-09,15902.0,19690.18,bear
2022-11-10,17588.0,19619.66,bear
2022-11-11,17049.8,19530.72,bear
2022-11-12,16795.4,19474.61,bear
2022-11-13,16320.1,19409.66,bear
2022-11-14,16604.3,19358.22,bear
2022-11-15,16888.3,19309.8,bear
2022-11-16,16649.7,19252.26,bear
2022-11-17,16682.1,19206.88,bear
2022-11-18,16689.8,19159.57,bear
2022-11-19,16693.9,19123.34,bear
2022-11-20,16272.7,19087.06,bear
2022-11-21,15771.6,19026.69,bear
2022-11-22,16218.2,18975.66,bear
2022-11-23,16595.8,18937.08,bear
2022-11-24,16592.5,18900.23,bear
2022-11-25,16516.2,18855.22,bear
2022-11-26,16449.2,18811.51,bear
2022-11-27,16422.5,18761.74,bear
2022-11-28,16205.5,18705.48,bear
2022-11-29,16433.3,18655.84,bear
2022-11-30,17154.9,18620.03,bear
2022-12-01,16970.5,18585.39,bear
2022-12-02,17083.0,18543.11,bear
2022-12-03,16879.6,18485.55,bear
2022-12-04,17100.1,18434.74,bear
2022-12-05,16958.2,18384.81,bear
2022-12-06,17078.1,18344.1,bear
2022-12-07,16828.1,18301.16,bear
2022-12-08,17216.0,18264.26,bear
2022-12-09,17121.9,18230.9,bear
2022-12-10,17120.1,18198.65,bear
2022-12-11,17084.2,18164.25,bear
2022-12-12,17199.5,18128.15,bear
2022-12-13,17778.8,18105.01,bear
2022-12-14,17803.9,18084.08,bear
2022-12-15,17353.0,18052.43,bear
2022-12-16,16624.0,18003.82,bear
2022-12-17,16769.0,17961.29,bear
2022-12-18,16730.3,17921.52,bear
2022-12-19,16429.3,17878.09,bear
2022-12-20,16889.4,17840.4,bear
2022-12-21,16819.6,17800.81,bear
2022-12-22,16815.4,17755.05,bear
2022-12-23,16776.4,17712.69,bear
2022-12-24,16829.0,17658.67,bear
2022-12-25,16824.4,17593.11,bear
2022-12-26,16912.8,17536.9,bear
2022-12-27,16698.2,17472.14,bear
2022-12-28,16538.9,17401.18,bear
2022-12-29,16630.4,17334.76,bear
2022-12-30,16601.2,17270.08,bear
2022-12-31,16537.5,17204.53,bear
2023-01-01,16610.5,17145.7,bear
2023-01-02,16666.8,17086.83,bear
2023-01-03,16667.3,17012.33,bear
2023-01-04,16842.3,16938.2,bear
2023-01-05,16823.8,16870.26,bear
2023-01-06,16943.9,16809.72,sideways
2023-01-07,16936.5,16783.13,sideways
2023-01-08,17123.8,16803.49,sideways
2023-01-09,17170.0,16796.53,sideways
2023-01-10,17428.7,16802.84,sideways
2023-01-11,17935.7,16821.84,bull
2023-01-12,18838.0,16863.81,bull
2023-01-13,19924.0,16919.14,bull
2023-01-14,20958.0,16986.97,bull
2023-01-15,20882.8,17057.52,bull
2023-01-16,21188.2,17132.62,bull
2023-01-17,21129.1,17206.61,bull
2023-01-18,20680.1,17273.05,bull
2023-01-19,21068.5,17352.97,bull
2023-01-20,22661.1,17467.8,bull
2023-01-21,22780.8,17577.18,bull
2023-01-22,22704.7,17678.99,bull
2023-01-23,22913.1,17784.33,bull
2023-01-24,22627.5,17886.19,bull
2023-01-25,23057.5,17996.33,bull
2023-01-26,23001.9,18105.99,bull
2023-01-27,23067.9,18220.36,bull
2023-01-28,23015.9,18330.07,bull
2023-01-29,23740.3,18439.83,bull
2023-01-30,22818.1,18537.28,bull
2023-01-31,23119.7,18637.9,bull
2023-02-01,23730.1,18752.07,bull
2023-02-02,23493.0,18858.62,bull
2023-02-03,23424.8,18966.4,bull
2023-02-04,23322.4,19070.47,bull
2023-02-05,22929.3,19172.16,bull
2023-02-06,22757.8,19264.52,bull
2023-02-07,23234.2,19366.39,bull
2023-02-08,22956.0,19463.66,bull
2023-02-09,21792.2,19542.12,bull
2023-02-10,21618.6,19615.77,bull
2023-02-11,21851.2,19683.65,bull
2023-02-12,21771.8,19749.78,bull
2023-02-13,21766.1,19823.33,bull
2023-02-14,22187.4,19916.05,bull
2023-02-15,24334.6,20042.15,bull
2023-02-16,23522.9,20155.36,bull
2023-02-17,24586.0,20291.3,bull
2023-02-18,24636.9,20420.43,bull
2023-02-19,24268.6,20544.58,bull
2023-02-20,24849.9,20678.49,bull
2023-02-21,24443.5,20806.27,bull
2023-02-22,24171.3,20928.64,bull
2023-02-23,23928.7,21047.05,bull
2023-02-24,23175.5,21151.42,bull
2023-02-25,23146.3,21258.89,bull
2023-02-26,23545.4,21375.67,bull
2023-02-27,23474.7,21489.74,bull
2023-02-28,23128.0,21598.52,bull
2023-03-01,23620.1,21716.56,bull
2023-03-02,23457.1,21830.67,bull
2023-03-03,22342.8,21925.27,bull
2023-03-04,22335.8,22019.75,bull
2023-03-05,22419.3,22112.7,bull
2023-03-06,22397.0,22205.59,bull
2023-03-07,22187.0,22292.97,sideways
2023-03-08,21695.4,22372.28,sideways
2023-03-09,20348.4,22426.03,sideways
2023-03-10,20140.4,22475.53,sideways
2023-03-11,20448.5,22525.86,sideways
2023-03-12,21983.9,22593.34,sideways
2023-03-13,24118.9,22681.35,bull
2023-03-14,24684.1,22760.69,bull
2023-03-15,24288.0,22816.19,bull
2023-03-16,24990.6,22884.65,bull
2023-03-17,27380.9,22987.86,bull
2023-03-18,26907.0,23084.16,bull
2023-03-19,27949.9,23205.32,bull
2023-03-20,27706.0,23315.95,bull
2023-03-21,28091.2,23406.45,bull
2023-03-22,27234.0,23480.67,bull
2023-03-23,28284.1,23573.66,bull
2023-03-24,27438.9,23649.09,bull
2023-03-25,27447.3,23729.42,bull
2023-03-26,27954.2,23811.03,bull
2023-03-27,27112.1,23879.53,bull
2023-03-28,27249.6,23949.23,bull
2023-03-29,28338.6,24037.94,bull
2023-03-30,28015.0,24109.19,bull
2023-03-31,28455.2,24203.14,bull
2023-04-01,28443.8,24291.87,bull
2023-04-02,28161.1,24365.72,bull
2023-04-03,27788.9,24437.32,bull
2023-04-04,28157.1,24516.19,bull
2023-04-05,28154.0,24596.72,bull
2023-04-06,28022.9,24681.61,bull
2023-04-07,27890.7,24767.16,bull
2023-04-08,27925.0,24845.34,bull
2023-04-09,28309.4,24934.56,bull
2023-04-10,29623.1,25065.08,bull
2023-04-11,30185.1,25207.85,bull
2023-04-12,29874.6,25341.58,bull
2023-04-13,30362.7,25484.76,bull
2023-04-14,30453.1,25629.54,bull
2023-04-15,30280.3,25764.42,bull
2023-04-16,30286.7,25863.62,bull
2023-04-17,29420.0,25961.91,bull
2023-04-18,30365.8,26058.24,bull
2023-04-19,28795.1,26127.54,bull
2023-04-20,28229.9,26193.56,bull
2023-04-21,27252.6,26233.61,bull
2023-04-22,27805.6,26289.65,bull
2023-04-23,27576.0,26346.39,bull
2023-04-24,27497.4,26405.87,bull
2023-04-25,28286.7,26491.06,bull
2023-04-26,28396.0,26578.55,bull
2023-04-27,29459.0,26677.11,bull
2023-04-28,29300.1,26774.2,bull
2023-04-29,29212.8,26875.61,bull
2023-04-30,29218.0,26968.91,bull
2023-05-01,28054.5,27045.53,bull
2023-05-02,28656.5,27150.76,bull
2023-05-03,29018.2,27262.14,bull
2023-05-04,28826.0,27368.91,bull
2023-05-05,29491.8,27487.16,bull
2023-05-06,28837.8,27598.01,bull
2023-05-07,28419.3,27710.07,bull
2023-05-08,27659.7,27831.93,sideways
2023-05-09,27610.3,27956.43,sideways
2023-05-10,27582.9,28075.33,sideways
2023-05-11,26955.8,28158.2,sideways
2023-05-12,26784.5,28202.62,sideways
2023-05-13,26762.9,28237.27,sideways
2023-05-14,26904.0,28280.87,sideways
2023-05-15,27152.3,28316.9,sideways
2023-05-16,27024.8,28310.97,sideways
2023-05-17,27395.8,28319.11,sideways
2023-05-18,26809.4,28300.1,sideways
2023-05-19,26870.1,28286.17,sideways
2023-05-20,27089.6,28269.48,bear
2023-05-21,26732.9,28261.13,bear
2023-05-22,26839.8,28237.06,bear
2023-05-23,27210.0,28233.24,bear
2023-05-24,26313.9,28214.35,bear
2023-05-25,26461.8,28189.48,bear
2023-05-26,26690.1,28182.44,bear
2023-05-27,26842.0,28175.65,bear
2023-05-28,28055.0,28170.92,bear
2023-05-29,27722.1,28166.04,bear
2023-05-30,27680.1,28153.12,bear
2023-05-31,27201.1,28132.41,bear
2023-06-01,26805.2,28109.81,bear
2023-06-02,27227.8,28100.46,bear
2023-06-03,27054.9,28082.09,bear
2023-06-04,27102.4,28064.56,bear
2023-06-05,25714.6,28026.09,bear
2023-06-06,27220.0,28014.92,bear
2023-06-07,26326.0,27988.27,bear
2023-06-08,26486.0,27957.88,bear
2023-06-09,26468.1,27905.29,bear
2023-06-10,25826.6,27832.65,bear
2023-06-11,25910.0,27766.57,bear
2023-06-12,25894.8,27692.11,bear
2023-06-13,25918.1,27616.53,bear
2023-06-14,25116.0,27530.45,bear
2023-06-15,25586.0,27452.11,bear
2023-06-16,26335.9,27400.71,bear
2023-06-17,26508.8,27336.42,bear
2023-06-18,26329.7,27295.33,bear
2023-06-19,26828.1,27271.97,bear
2023-06-20,28290.7,27289.27,sideways
2023-06-21,29988.5,27325.65,sideways
2023-06-22,29876.6,27364.0,bull
2023-06-23,30673.7,27416.93,bull
2023-06-24,30524.1,27454.22,bull
2023-06-25,30457.9,27488.59,bull
2023-06-26,30260.1,27501.94,bull
2023-06-27,30683.3,27525.0,bull
2023-06-28,30066.4,27539.22,bull
2023-06-29,30440.0,27559.59,bull
2023-06-30,30460.3,27599.69,bull
2023-07-01,30573.5,27631.64,bull
2023-07-02,30615.2,27658.25,bull
2023-07-03,31148.9,27696.97,bull
2023-07-04,30756.4,27718.04,bull
2023-07-05,30488.8,27745.56,bull
2023-07-06,29874.3,27769.81,bull
2023-07-07,30328.0,27814.28,bull
2023-07-08,30269.3,27858.6,bull
2023-07-09,30147.9,27901.35,bull
2023-07-10,30396.8,27958.7,bull
2023-07-11,30608.4,28022.43,bull
2023-07-12,30368.7,28082.53,bull
2023-07-13,31441.7,28158.16,bull
2023-07-14,30293.4,28210.51,bull
2023-07-15,30276.4,28264.7,bull
2023-07-16,30216.9,28311.72,bull
2023-07-17,30126.1,28367.0,bull
2023-07-18,29845.7,28416.59,bull
2023-07-19,29895.6,28463.36,bull
2023-07-20,29790.9,28514.32,bull
2023-07-21,29891.4,28565.18,bull
2023-07-22,29784.9,28608.1,bull
2023-07-23,30070.8,28670.71,bull
2023-07-24,29163.7,28715.74,bull
2023-07-25,29216.3,28757.85,bull
2023-07-26,29336.0,28799.42,bull
2023-07-27,29209.8,28818.66,bull
2023-07-28,29299.6,28844.95,bull
2023-07-29,29339.1,28872.6,bull
2023-07-30,29271.1,28907.1,bull
2023-07-31,29220.8,28947.36,bull
2023-08-01,29701.1,28988.59,bull
2023-08-02,29170.1,29023.84,bull
2023-08-03,29180.2,29058.47,bull
2023-08-04,29101.0,29114.91,sideways
2023-08-05,29057.8,29145.54,sideways
2023-08-06,29075.9,29191.37,sideways
2023-08-07,29202.6,29236.65,sideways
2023-08-08,29759.0,29291.49,bull
2023-08-09,29572.9,29353.93,bull
2023-08-10,29443.8,29412.83,bull
2023-08-11,29415.5,29471.51,sideways
2023-08-12,29420.8,29529.89,sideways
2023-08-13,29293.3,29599.51,sideways
2023-08-14,29419.5,29663.4,sideways
2023-08-15,29188.8,29710.95,sideways
2023-08-16,28714.4,29747.71,sideways
2023-08-17,26609.7,29752.38,sideways
2023-08-18,26042.0,29739.27,sideways
2023-08-19,26088.4,29702.57,sideways
2023-08-20,26175.9,29639.03,bear
2023-08-21,26115.4,29576.34,bear
2023-08-22,26044.5,29499.19,bear
2023-08-23,26419.3,29430.77,bear
2023-08-24,26164.6,29359.22,bear
2023-08-25,26051.8,29289.08,bear
2023-08-26,26004.3,29211.09,bear
2023-08-27,26087.7,29144.78,bear
2023-08-28,26106.5,29072.56,bear
2023-08-29,27700.1,29026.56,bear
2023-08-30,27290.4,28971.84,bear
2023-08-31,25927.7,28893.71,bear
2023-09-01,25795.7,28804.49,bear
2023-09-02,25855.9,28722.82,bear
2023-09-03,25962.2,28647.37,bear
2023-09-04,25814.0,28579.7,bear
2023-09-05,25779.8,28503.9,bear
2023-09-06,25746.1,28428.51,bear
2023-09-07,26240.6,28363.39,bear
2023-09-08,25899.9,28288.44,bear
2023-09-09,25892.6,28209.84,bear
2023-09-10,25828.4,28134.17,bear
2023-09-11,25150.4,28029.32,bear
2023-09-12,25825.9,27954.86,bear
2023-09-13,26209.9,27887.09,bear
2023-09-14,26510.4,27825.31,bear
2023-09-15,26591.1,27766.39,bear
2023-09-16,26547.0,27711.42,bear
2023-09-17,26514.2,27655.06,bear
2023-09-18,26750.0,27604.38,bear
2023-09-19,27195.9,27559.45,bear
2023-09-20,27107.7,27514.83,bear
2023-09-21,26552.9,27456.2,bear
2023-09-22,26566.6,27412.91,bear
2023-09-23,26563.1,27368.69,bear
2023-09-24,26235.2,27317.01,bear
2023-09-25,26290.5,27268.36,bear
2023-09-26,26208.7,27216.84,bear
2023-09-27,26359.6,27167.19,bear
2023-09-28,27011.8,27129.53,bear
2023-09-29,26891.0,27090.7,bear
2023-09-30,26951.0,27044.87,bear
2023-10-01,27981.3,27025.05,sideways
2023-10-02,27477.7,26996.68,sideways
2023-10-03,27412.0,26968.53,sideways
2023-10-04,27759.8,26946.9,sideways
2023-10-05,27398.4,26918.94,sideways
2023-10-06,27916.2,26897.5,sideways
2023-10-07,27943.0,26867.23,sideways
2023-10-08,27902.0,26839.38,sideways
2023-10-09,27578.4,26808.29,sideways
2023-10-10,27381.2,26774.39,sideways
2023-10-11,26866.3,26731.81,sideways
2023-10-12,26744.1,26689.33,sideways
2023-10-13,26849.8,26646.5,sideways
2023-10-14,26836.4,26607.29,sideways
2023-10-15,27139.8,26581.05,sideways
2023-10-16,28485.9,26612.32,sideways
2023-10-17,28382.0,26651.32,sideways
2023-10-18,28307.1,26688.29,bull
2023-10-19,28697.0,26730.31,bull
2023-10-20,29653.1,26789.28,bull
2023-10-21,29895.2,26853.45,bull
2023-10-22,29981.5,26912.82,bull
2023-10-23,33074.7,27027.99,bull
2023-10-24,33917.0,27159.08,bull
2023-10-25,34487.7,27300.47,bull
2023-10-26,34154.1,27434.91,bull
2023-10-27,33893.2,27564.69,bull
2023-10-28,34086.6,27671.13,bull
2023-10-29,34528.5,27791.76,bull
2023-10-30,34483.8,27934.37,bull
2023-10-31,34651.3,28081.96,bull
2023-11-01,35437.5,28241.65,bull
2023-11-02,34940.0,28391.28,bull
2023-11-03,34700.5,28539.39,bull
2023-11-04,35071.7,28694.26,bull
2023-11-05,35025.6,28848.91,bull
2023-11-06,35057.4,28995.86,bull
2023-11-07,35407.0,29154.31,bull
2023-11-08,35626.8,29316.55,bull
2023-11-09,36719.6,29498.07,bull
2023-11-10,37330.3,29701.07,bull
2023-11-11,37162.1,29890.0,bull
2023-11-12,37085.5,30071.26,bull
2023-11-13,36486.3,30237.53,bull
2023-11-14,35559.0,30386.99,bull
2023-11-15,37886.8,30575.99,bull
2023-11-16,36176.0,30737.02,bull
2023-11-17,36621.9,30901.55,bull
2023-11-18,36580.8,31057.97,bull
2023-11-19,37375.8,31229.1,bull
2023-11-20,37462.7,31410.93,bull
2023-11-21,35738.5,31563.8,bull
2023-11-22,37412.7,31744.62,bull
2023-11-23,37294.4,31928.94,bull
2023-11-24,37706.4,32119.21,bull
2023-11-25,37766.6,32311.84,bull
2023-11-26,37438.0,32496.48,bull
2023-11-27,37234.3,32666.85,bull
2023-11-28,37812.1,32848.87,bull
2023-11-29,37837.1,33030.31,bull
2023-11-30,37716.8,33192.57,bull
2023-12-01,38661.0,33378.96,bull
2023-12-02,39435.0,33579.34,bull
2023-12-03,39979.7,33783.0,bull
2023-12-04,41993.0,34026.25,bull
2023-12-05,44081.6,34295.67,bull
2023-12-06,43772.1,34559.49,bull
2023-12-07,43296.1,34816.06,bull
2023-12-08,44209.6,35093.24,bull
2023-12-09,43736.6,35365.83,bull
2023-12-10,43810.0,35648.23,bull
2023-12-11,41271.0,35890.34,bull
2023-12-12,41514.9,36134.76,bull
2023-12-13,42875.0,36402.07,bull
2023-12-14,43032.4,36666.95,bull
2023-12-15,41966.6,36891.63,bull
2023-12-16,42287.4,37123.38,bull
2023-12-17,41398.6,37341.57,bull
2023-12-18,42674.9,37574.54,bull
2023-12-19,42298.3,37785.29,bull
2023-12-20,43709.0,38015.52,bull
2023-12-21,43896.4,38247.44,bull
2023-12-22,43999.3,38429.51,bull
2023-12-23,43725.2,38592.98,bull
2023-12-24,43008.6,38735.0,bull
2023-12-25,43612.0,38892.63,bull
2023-12-26,42538.6,39036.72,bull
2023-12-27,43453.7,39192.84,bull
2023-12-28,42600.0,39327.37,bull
2023-12-29,42095.1,39454.22,bull
2023-12-30,42174.3,39579.6,bull
2023-12-31,42314.0,39694.21,bull
2024-01-01,44230.2,39849.05,bull
2024-01-02,44979.7,40020.37,bull
2024-01-03,42849.5,40150.0,bull
2024-01-04,44145.2,40301.99,bull
2024-01-05,44143.5,40453.43,bull
2024-01-06,43958.2,40595.95,bull
2024-01-07,43913.9,40734.06,bull
2024-01-08,46972.7,40904.95,bull
2024-01-09,46117.8,41051.41,bull
2024-01-10,46663.0,41209.76,bull
2024-01-11,46338.1,41363.97,bull
2024-01-12,42787.4,41468.98,bull
2024-01-13,42846.5,41590.44,bull
2024-01-14,41739.6,41654.66,bull
2024-01-15,42515.1,41760.31,bull
2024-01-16,43133.0,41868.83,bull
2024-01-17,42783.3,41972.2,bull
2024-01-18,41323.0,42037.99,sideways
2024-01-19,41662.2,42107.98,sideways
2024-01-20,41691.8,42207.2,sideways
2024-01-21,41580.0,42276.66,sideways
2024-01-22,39567.1,42314.54,sideways
2024-01-23,39890.0,42350.93,sideways
2024-01-24,40078.4,42389.46,sideways
2024-01-25,39953.4,42431.38,sideways
2024-01-26,41806.4,42507.58,sideways
2024-01-27,42102.2,42579.08,sideways
2024-01-28,42021.2,42648.82,sideways
2024-01-29,43287.6,42741.67,bull
2024-01-30,42918.3,42812.62,bull
2024-01-31,42560.5,42864.71,sideways
2024-02-01,43071.4,42916.24,bull
2024-02-02,43182.1,42936.06,bull
2024-02-03,42992.4,42917.91,bull
2024-02-04,42570.3,42897.88,sideways
2024-02-05,42693.0,42887.82,sideways
2024-02-06,43079.1,42868.98,sideways
2024-02-07,44326.2,42878.81,sideways
2024-02-08,45269.5,42903.14,sideways
2024-02-09,47116.2,43000.56,bull
2024-02-10,47732.6,43104.18,bull
2024-02-11,48302.7,43194.64,bull
2024-02-12,49939.8,43309.77,bull
2024-02-13,49696.8,43438.6,bull
2024-02-14,51823.2,43597.54,bull
2024-02-15,51899.5,43772.55,bull
2024-02-16,52148.6,43930.44,bull
2024-02-17,51679.4,44086.8,bull
2024-02-18,52175.9,44227.91,bull
2024-02-19,51813.6,44359.87,bull
2024-02-20,52297.3,44498.17,bull
2024-02-21,51877.9,44634.04,bull
2024-02-22,51317.0,44772.52,bull
2024-02-23,50770.6,44891.83,bull
2024-02-24,51602.2,45042.89,bull
2024-02-25,51764.8,45181.4,bull
2024-02-26,54511.7,45379.93,bull
2024-02-27,57074.5,45629.59,bull
2024-02-28,62487.9,45968.15,bull
2024-02-29,61203.3,46282.97,bull
2024-03-01,62430.7,46586.31,bull
2024-03-02,62040.0,46870.65,bull
2024-03-03,63178.5,47209.47,bull
2024-03-04,68296.4,47611.99,bull
2024-03-05,63747.4,47938.72,bull
2024-03-06,66128.0,48308.22,bull
2024-03-07,66870.0,48690.82,bull
2024-03-08,68180.2,49044.28,bull
2024-03-09,68360.2,49414.98,bull
2024-03-10,69001.8,49787.3,bull
2024-03-11,72154.0,50217.56,bull
2024-03-12,71503.7,50696.17,bull
2024-03-13,73127.6,51200.85,bull
2024-03-14,71455.6,51696.12,bull
2024-03-15,69549.8,52146.7,bull
2024-03-16,65350.9,52517.0,bull
2024-03-17,68448.0,52944.74,bull
2024-03-18,67660.0,53383.69,bull
2024-03-19,61974.1,53722.22,bull
2024-03-20,67863.6,54158.42,bull
2024-03-21,65540.0,54557.75,bull
2024-03-22,63826.0,54962.07,bull
2024-03-23,64020.3,55364.24,bull
2024-03-24,67260.9,55817.28,bull
2024-03-25,69920.8,56316.74,bull
2024-03-26,70044.2,56787.37,bull
2024-03-27,69532.6,57244.54,bull
2024-03-28,70838.8,57724.83,bull
2024-03-29,69903.6,58168.43,bull
2024-03-30,69642.1,58613.83,bull
2024-03-31,71362.9,59093.87,bull
2024-04-01,69700.1,59537.68,bull
2024-04-02,65505.7,59909.74,bull
2024-04-03,65971.8,60292.73,bull
2024-04-04,68489.9,60724.72,bull
2024-04-05,67825.8,61143.6,bull
2024-04-06,68901.6,61573.98,bull
2024-04-07,69365.8,61991.31,bull
2024-04-08,71678.3,62431.45,bull
2024-04-09,69189.2,62799.34,bull
2024-04-10,70681.8,63181.82,bull
2024-04-11,70055.7,63544.37,bull
2024-04-12,67148.9,63831.19,bull
2024-04-13,63932.0,64068.44,sideways
2024-04-14,65616.0,64298.32,bull
2024-04-15,63392.8,64489.88,sideways
2024-04-16,63764.9,64683.49,sideways
2024-04-17,61254.1,64843.06,sideways
2024-04-18,63444.9,65030.88,sideways
2024-04-19,63787.3,65230.44,sideways
2024-04-20,64897.1,65440.44,sideways
2024-04-21,64912.6,65657.68,sideways
2024-04-22,66778.1,65915.37,bull
2024-04-23,66386.2,66175.63,bull
2024-04-24,64250.0,66386.43,sideways
2024-04-25,64478.7,66598.32,sideways
2024-04-26,63748.7,66752.27,sideways
2024-04-27,63421.0,66858.05,sideways
2024-04-28,63088.3,66868.05,sideways
2024-04-29,63840.0,66912.0,sideways
2024-04-30,60651.2,66882.34,sideways
2024-05-01,58307.6,66820.13,sideways
2024-05-02,59036.8,66751.11,bear
2024-05-03,62853.7,66660.4,bear
2024-05-04,63864.3,66662.34,bear
2024-05-05,63987.9,66626.68,bear
2024-05-06,63142.8,66564.56,bear
2024-05-07,62295.9,66466.48,bear
2024-05-08,61157.9,66346.45,bear
2024-05-09,63050.1,66247.25,bear
2024-05-10,60778.1,66057.65,bear
2024-05-11,60808.6,65879.4,bear
2024-05-12,61455.8,65684.87,bear
2024-05-13,62915.0,65542.53,bear
2024-05-14,61550.6,65409.21,bear
2024-05-15,66175.4,65422.95,sideways
2024-05-16,65217.7,65369.11,bear
2024-05-17,66980.0,65357.78,sideways
2024-05-18,66885.0,65439.62,sideways
2024-05-19,66239.5,65412.56,bull
2024-05-20,71465.9,65511.32,bull
2024-05-21,70167.1,65617.01,bull
2024-05-22,69219.2,65703.65,bull
2024-05-23,68000.1,65715.98,bull
2024-05-24,68584.1,65693.7,bull
2024-05-25,69314.4,65681.53,bull
2024-05-26,68524.4,65664.73,bull
2024-05-27,69461.5,65641.77,sideways
2024-05-28,68440.4,65617.39,sideways
2024-05-29,67686.7,65584.8,sideways
2024-05-30,68402.5,65535.46,sideways
2024-05-31,67578.0,65500.09,sideways
2024-06-01,67799.3,65538.32,sideways
2024-06-02,67805.9,65568.88,sideways
2024-06-03,68851.4,65574.91,sideways
2024-06-04,70580.0,65620.81,bull
2024-06-05,71133.3,65658.01,bull
2024-06-06,70830.0,65682.41,bull
2024-06-07,69377.0,65644.06,bull
2024-06-08,69346.6,65646.68,bull
2024-06-09,69667.1,65629.77,bull
2024-06-10,69558.7,65621.49,sideways
2024-06-11,67320.6,65624.35,sideways
2024-06-12,68270.4,65696.65,bull
2024-06-13,66786.8,65716.17,bull
2024-06-14,66039.7,65760.28,bull
2024-06-15,66213.8,65801.1,bull
2024-06-16,66653.6,65891.09,bull
2024-06-17,66472.1,65941.54,bull
2024-06-18,65149.9,65964.25,sideways
2024-06-19,64933.6,65964.86,sideways
2024-06-20,64854.0,65963.88,sideways
2024-06-21,64124.0,65919.65,sideways
2024-06-22,64240.1,65883.88,bear
2024-06-23,63195.0,65866.3,bear
2024-06-24,60273.4,65796.21,bear
2024-06-25,61777.8,65763.36,bear
2024-06-26,60860.1,65720.68,bear
2024-06-27,61682.2,65697.24,bear
2024-06-28,60429.9,65640.41,bear
2024-06-29,60982.4,65645.93,bear
2024-06-30,62766.0,65720.24,bear
2024-07-01,62883.6,65784.35,sideways
2024-07-02,62123.5,65772.18,sideways
2024-07-03,60208.0,65711.24,sideways
2024-07-04,57046.0,65595.54,bear
2024-07-05,56608.9,65486.64,bear
2024-07-06,58216.1,65418.65,bear
2024-07-07,55830.9,65329.86,bear
2024-07-08,56686.4,65223.8,bear
2024-07-09,58023.1,65177.89,bear
2024-07-10,57707.1,65126.19,bear
2024-07-11,57315.4,65057.19,bear
2024-07-12,57870.0,64973.1,bear
2024-07-13,59174.0,64933.49,bear
2024-07-14,60766.1,64843.34,bear
2024-07-15,64680.7,64834.39,bear
2024-07-16,65001.8,64801.42,sideways
2024-07-17,64057.3,64754.29,bear
2024-07-18,63959.9,64716.3,bear
2024-07-19,66628.0,64635.67,sideways
2024-07-20,67095.6,64584.47,sideways
2024-07-21,68138.1,64566.46,sideways
2024-07-22,67499.2,64558.11,sideways
2024-07-23,65916.7,64513.65,sideways
2024-07-24,65358.8,64447.72,sideways
2024-07-25,65772.9,64401.86,sideways
2024-07-26,67882.7,64375.55,sideways
2024-07-27,67873.7,64366.11,sideways
2024-07-28,68215.5,64374.92,sideways
2024-07-29,66750.0,64347.38,sideways
2024-07-30,66159.3,64323.73,sideways
2024-07-31,64601.6,64270.44,sideways
2024-08-01,65328.9,64229.16,sideways
2024-08-02,61483.7,64106.36,bear
2024-08-03,60684.5,63941.44,bear
2024-08-04,58135.3,63724.8,bear
2024-08-05,53987.8,63444.1,bear
2024-08-06,55991.2,63221.0,bear
2024-08-07,55105.7,62983.65,bear
2024-08-08,61659.8,62850.2,bear
2024-08-09,60808.8,62704.37,bear
2024-08-10,60889.9,62597.19,bear
2024-08-11,58693.2,62437.57,bear
2024-08-12,59323.6,62313.18,bear
2024-08-13,60550.4,62221.69,bear
2024-08-14,58648.1,62095.6,bear
2024-08-15,57511.0,61943.22,bear
2024-08-16,58854.9,61816.27,bear
2024-08-17,59468.4,61721.58,bear
2024-08-18,58390.2,61612.52,bear
2024-08-19,59396.2,61521.56,bear
2024-08-20,58983.0,61435.87,bear
2024-08-21,61119.9,61383.87,bear
2024-08-22,60349.6,61336.45,bear
2024-08-23,64020.0,61398.89,sideways
2024-08-24,64116.7,61437.87,sideways
2024-08-25,64190.2,61493.37,bull
2024-08-26,62807.7,61512.13,bull
2024-08-27,59383.9,61494.7,sideways
2024-08-28,59010.0,61461.82,sideways
2024-08-29,59323.9,61404.46,bear
2024-08-30,59095.9,61341.33,bear
2024-08-31,58946.3,61288.38,bear
2024-09-01,57268.4,61239.38,bear
2024-09-02,59112.2,61273.82,bear
2024-09-03,57451.9,61287.87,bear
2024-09-04,57944.8,61283.35,bear
2024-09-05,56145.7,61288.59,sideways
2024-09-06,53927.7,61242.61,sideways
2024-09-07,54134.9,61177.81,bear
2024-09-08,54839.6,61130.02,bear
2024-09-09,57010.1,61124.93,bear
2024-09-10,57609.1,61120.58,bear
2024-09-11,57307.5,61089.47,bear
2024-09-12,58097.0,61044.99,bear
2024-09-13,60456.1,60974.58,bear
2024-09-14,59963.9,60890.62,bear
2024-09-15,59100.6,60808.0,bear
2024-09-16,58187.1,60711.79,bear
2024-09-17,60281.1,60606.01,bear
2024-09-18,61733.0,60516.63,sideways
2024-09-19,62926.9,60429.78,sideways
2024-09-20,63175.8,60357.72,sideways
2024-09-21,63320.6,60314.45,sideways
2024-09-22,63558.5,60284.45,sideways
2024-09-23,63302.1,60243.27,sideways
2024-09-24,64243.2,60182.61,sideways
2024-09-25,63118.4,60103.35,sideways
2024-09-26,65139.2,60052.08,sideways
2024-09-27,65749.6,60035.41,sideways
2024-09-28,65822.7,60029.8,sideways
2024-09-29,65568.1,60045.91,sideways
2024-09-30,63309.2,60012.25,sideways
2024-10-01,60776.7,60000.46,sideways
2024-10-02,60622.6,59999.43,sideways
2024-10-03,60727.2,60042.63,bull
2024-10-04,62054.3,60177.07,bull
2024-10-05,62023.1,60277.6,bull
2024-10-06,62789.2,60405.66,bull
2024-10-07,62190.6,60414.51,bull
2024-10-08,62131.8,60436.56,bull
2024-10-09,60606.7,60431.84,bull
2024-10-10,60293.3,60458.51,sideways
2024-10-11,62509.0,60511.6,bull
2024-10-12,63176.0,60555.36,bull
2024-10-13,62839.8,60625.22,bull
2024-10-14,66064.8,60767.78,bull
2024-10-15,67044.0,60904.27,bull
2024-10-16,67592.0,61039.66,bull
2024-10-17,67401.4,61189.85,bull
2024-10-18,68407.8,61340.04,bull
2024-10-19,68353.5,61496.21,bull
2024-10-20,69020.2,61627.89,bull
2024-10-21,67368.7,61744.87,bull
2024-10-22,67406.4,61801.31,bull
2024-10-23,66647.3,61843.49,bull
2024-10-24,68173.7,61909.88,bull
2024-10-25,66662.7,61974.13,bull
2024-10-26,67071.9,62102.26,bull
2024-10-27,67992.7,62251.97,bull
2024-10-28,69940.0,62428.91,bull
2024-10-29,72739.5,62656.3,bull
2024-10-30,72349.1,62879.68,bull
2024-10-31,70322.0,63097.24,bull
2024-11-01,69495.5,63270.3,bull
2024-11-02,69366.6,63468.88,bull
2024-11-03,68762.5,63649.17,bull
2024-11-04,67834.3,63843.98,bull
2024-11-05,69353.2,64101.07,bull
2024-11-06,75580.0,64458.49,bull
2024-11-07,75858.2,64808.8,bull
2024-11-08,76482.3,65133.34,bull
2024-11-09,76675.2,65451.11,bull
2024-11-10,80409.9,65836.15,bull
2024-11-11,88728.9,66346.68,bull
2024-11-12,87971.9,66805.27,bull
2024-11-13,90413.4,67312.77,bull
2024-11-14,87382.6,67784.13,bull
2024-11-15,91074.7,68332.26,bull
2024-11-16,90643.2,68838.29,bull
2024-11-17,89900.0,69307.74,bull
2024-11-18,90507.5,69767.42,bull
2024-11-19,92333.8,70253.39,bull
2024-11-20,94287.1,70769.5,bull
2024-11-21,98366.8,71349.64,bull
2024-11-22,98921.5,71943.29,bull
2024-11-23,97725.6,72501.33,bull
2024-11-24,97960.4,73082.03,bull
2024-11-25,93064.0,73547.45,bull
2024-11-26,92021.5,73985.31,bull
2024-11-27,95905.2,74486.68,bull
2024-11-28,95694.2,74988.79,bull
2024-11-29,97516.3,75558.9,bull
2024-11-30,96475.2,76153.88,bull
2024-12-01,97265.1,76764.59,bull
2024-12-02,95890.4,77350.64,bull
2024-12-03,95913.1,77914.96,bull
2024-12-04,98670.0,78525.74,bull
2024-12-05,97001.6,79095.94,bull
2024-12-06,99802.5,79722.81,bull
2024-12-07,99899.2,80352.26,bull
2024-12-08,101200.0,81028.82,bull
2024-12-09,97349.2,81646.42,bull
2024-12-10,96602.4,82214.64,bull
2024-12-11,101107.0,82846.82,bull
2024-12-12,99982.4,83465.87,bull
2024-12-13,101371.9,84054.32,bull
2024-12-14,101381.0,84626.6,bull
2024-12-15,104460.4,85241.08,bull
2024-12-16,106023.3,85884.77,bull
2024-12-17,106074.6,86512.56,bull
2024-12-18,100172.4,87042.87,bull
2024-12-19,97434.4,87516.44,bull
2024-12-20,97764.3,88023.03,bull
2024-12-21,97261.4,88520.62,bull
2024-12-22,95153.4,88995.72,bull
2024-12-23,94861.0,89440.51,bull
2024-12-24,98628.0,89973.26,bull
2024-12-25,99379.7,90511.73,bull
2024-12-26,95751.0,90974.36,bull
2024-12-27,94258.9,91379.68,bull
2024-12-28,95259.1,91755.0,bull
2024-12-29,93700.0,92110.85,bull
2024-12-30,92759.4,92484.81,bull
2024-12-31,93549.1,92885.7,bull
2025-01-01,94580.9,93305.94,bull
2025-01-02,96967.6,93776.03,bull
2025-01-03,98145.8,94281.22,bull
2025-01-04,98173.2,94761.55,bull
2025-01-05,98340.2,95140.89,bull
2025-01-06,102180.4,95579.59,bull
2025-01-07,96920.3,95920.22,bull
2025-01-08,95014.0,96225.87,sideways
2025-01-09,92506.0,96427.47,sideways
2025-01-10,94675.6,96526.58,sideways
2025-01-11,94562.4,96636.43,sideways
2025-01-12,94499.9,96704.53,sideways
2025-01-13,94485.4,96822.92,sideways
2025-01-14,96515.0,96913.59,sideways
2025-01-15,100460.1,97077.2,bull
2025-01-16,99937.5,97244.49,bull
2025-01-17,104042.6,97470.08,bull
2025-01-18,104524.4,97673.25,bull
2025-01-19,101309.2,97790.29,bull
2025-01-20,102247.6,97854.97,bull
2025-01-21,106114.4,97974.85,bull
2025-01-22,103664.9,98073.84,bull
2025-01-23,103864.0,98172.23,bull
2025-01-24,104808.1,98367.97,bull
2025-01-25,104702.0,98579.31,bull
2025-01-26,102560.0,98690.22,bull
2025-01-27,102021.2,98795.67,bull
2025-01-28,101279.6,98858.4,bull
2025-01-29,103698.1,98978.78,bull
2025-01-30,104677.0,99102.31,bull
2025-01-31,102379.7,99210.46,bull
2025-02-01,100603.5,99288.64,bull
2025-02-02,97664.4,99271.88,sideways
2025-02-03,101293.6,99343.41,bull
2025-02-04,97709.9,99308.53,sideways
2025-02-05,96553.3,99252.77,sideways
2025-02-06,96515.1,99174.69,bear
2025-02-07,96454.6,99159.78,bear
2025-02-08,96412.0,99156.6,bear
2025-02-09,96424.9,99078.57,bear
2025-02-10,97379.3,99035.18,bear
2025-02-11,95731.4,98941.18,bear
2025-02-12,97816.4,98881.76,bear
2025-02-13,96560.6,98750.1,bear
2025-02-14,97445.2,98607.13,bear
2025-02-15,97538.0,98464.86,bear
2025-02-16,96067.1,98396.43,bear
2025-02-17,95743.2,98368.25,bear
2025-02-18,95622.0,98332.54,bear
2025-02-19,96598.0,98321.49,bear
2025-02-20,98252.9,98373.15,bear
2025-02-21,96128.0,98394.26,bear
2025-02-22,96503.4,98358.85,bear
2025-02-23,96218.3,98306.16,bear
2025-02-24,91514.6,98235.55,bear
2025-02-25,88638.7,98141.89,bear
2025-02-26,84208.5,97957.71,bear
2025-02-27,84668.2,97807.18,bear
2025-02-28,84299.7,97666.18,bear
2025-03-01,86007.8,97540.5,bear
2025-03-02,94223.6,97534.54,bear
2025-03-03,86189.9,97354.91,bear
2025-03-04,87245.9,97173.25,bear
2025-03-05,90566.1,97046.46,bear
2025-03-06,89887.8,96905.59,bear
2025-03-07,86753.8,96648.48,bear
2025-03-08,86184.8,96469.55,bear
2025-03-09,80688.8,96230.8,bear
2025-03-10,78567.8,95998.5,bear
2025-03-11,82896.0,95802.17,bear
2025-03-12,83640.7,95620.14,bear
2025-03-13,81085.4,95396.57,bear
2025-03-14,83939.8,95220.81,bear
2025-03-15,84303.0,95017.27,bear
2025-03-16,82541.6,94718.63,bear
2025-03-17,83963.0,94452.39,bear
2025-03-18,82666.2,94096.12,bear
2025-03-19,86809.9,93800.88,bear
2025-03-20,84183.6,93515.45,bear
2025-03-21,84050.3,93212.16,bear
2025-03-22,83804.9,92840.33,bear
2025-03-23,86044.2,92546.66,bear
2025-03-24,87463.4,92273.31,bear
2025-03-25,87369.8,91982.68,bear
2025-03-26,86873.9,91685.54,bear
2025-03-27,87191.2,91429.39,bear
2025-03-28,84380.8,91135.39,bear
2025-03-29,82604.7,90824.14,bear
2025-03-30,82352.5,90468.38,bear
2025-03-31,82517.5,90099.05,bear
2025-04-01,85121.0,89811.41,bear
2025-04-02,82485.1,89509.44,bear
2025-04-03,83181.5,89268.05,bear
2025-04-04,83861.4,88977.52,bear
2025-04-05,83500.8,88740.7,bear
2025-04-06,78389.8,88437.97,bear
2025-04-07,79140.1,88148.39,bear
2025-04-08,76298.0,87812.45,bear
2025-04-09,82588.0,87582.05,bear
2025-04-10,79560.3,87300.97,bear
2025-04-11,83380.9,87067.66,bear
2025-04-12,85237.9,86892.77,bear
2025-04-13,83713.8,86657.73,bear
2025-04-14,84553.4,86457.61,bear
2025-04-15,83608.7,86227.0,bear
2025-04-16,83990.0,86001.2,bear
2025-04-17,84914.9,85815.33,bear
2025-04-18,84421.0,85626.63,bear
2025-04-19,85046.9,85450.38,bear
2025-04-20,85138.9,85259.39,bear
2025-04-21,87466.1,85079.61,sideways
2025-04-22,93404.9,85034.23,sideways
2025-04-23,93632.2,84986.37,sideways
2025-04-24,93931.5,84948.26,sideways
2025-04-25,94591.2,84999.53,sideways
2025-04-26,94575.6,85098.48,bull
2025-04-27,93697.1,85256.63,bull
2025-04-28,94968.7,85428.3,bull
2025-04-29,94200.1,85593.31,bull
2025-04-30,94125.2,85728.6,bull
2025-05-01,96423.3,85765.26,bull
2025-05-02,96831.2,85942.61,bull
2025-05-03,95803.3,86085.24,bull
2025-05-04,94230.2,86146.31,bull
2025-05-05,94696.8,86226.46,bull
2025-05-06,96798.9,86393.88,bull
2025-05-07,96988.5,86573.94,bull
2025-05-08,103228.0,86949.59,bull
2025-05-09,102941.9,87355.82,bull
2025-05-10,104789.1,87720.71,bull
2025-05-11,104072.8,88061.25,bull
2025-05-12,102739.3,88422.14,bull
2025-05-13,104082.1,88757.85,bull
2025-05-14,103458.2,89077.1,bull
2025-05-15,103725.9,89430.17,bull
2025-05-16,103412.3,89754.33,bull
2025-05-17,103079.5,90094.55,bull
2025-05-18,106406.8,90421.17,bull
2025-05-19,105531.6,90776.97,bull
2025-05-20,106800.1,91156.13,bull
2025-05-21,109609.7,91586.21,bull
2025-05-22,111662.7,92013.18,bull
2025-05-23,107271.5,92343.32,bull
2025-05-24,107698.8,92682.13,bull
2025-05-25,108955.9,93050.17,bull
2025-05-26,109386.9,93420.1,bull
2025-05-27,108886.9,93828.53,bull
2025-05-28,107723.1,94247.17,bull
2025-05-29,105540.0,94633.63,bull
2025-05-30,103949.9,94990.84,bull
2025-05-31,104544.7,95314.57,bull
2025-06-01,105583.3,95699.53,bull
2025-06-02,105814.4,96076.75,bull
2025-06-03,105330.0,96434.56,bull
2025-06-04,104641.9,96786.91,bull
2025-06-05,101458.7,97171.39,bull
2025-06-06,104240.1,97589.73,bull
2025-06-07,105507.6,98076.55,bull
2025-06-08,105676.5,98461.36,bull
2025-06-09,110228.0,98972.49,bull
2025-06-10,110235.4,99420.06,bull
2025-06-11,108600.1,99809.44,bull
2025-06-12,105609.5,100174.36,bull
2025-06-13,106027.3,100532.26,bull
2025-06-14,105359.9,100894.78,bull
2025-06-15,105534.7,101253.86,bull
2025-06-16,106750.1,101617.78,bull
2025-06-17,104508.0,101952.56,bull
2025-06-18,104832.9,102282.33,bull
2025-06-19,104607.1,102606.8,bull
2025-06-20,103245.5,102869.79,bull
2025-06-21,102074.0,103014.27,sideways
2025-06-22,100904.8,103135.49,sideways
2025-06-23,105290.9,103324.81,bull
2025-06-24,106034.9,103515.54,bull
2025-06-25,107280.1,103727.28,bull
2025-06-26,106913.7,103947.55,bull
2025-06-27,107010.6,104148.25,bull
2025-06-28,107241.0,104365.6,bull
2025-06-29,108309.8,104602.01,bull
2025-06-30,107087.3,104779.75,bull
2025-07-01,105638.0,104926.52,bull
2025-07-02,108800.0,105143.14,bull
2025-07-03,109545.2,105398.39,bull
2025-07-04,107935.4,105619.03,bull
2025-07-05,108153.4,105808.27,bull
2025-07-06,109145.8,106010.89,bull
2025-07-07,108204.0,106093.83,bull
2025-07-08,108873.2,106192.68,bull
2025-07-09,111199.8,106299.53,bull
2025-07-10,115979.1,106497.97,bull
2025-07-11,117500.0,106743.98,bull
2025-07-12,117389.3,106965.76,bull
2025-07-13,119038.4,107225.43,bull
2025-07-14,119816.4,107493.61,bull
2025-07-15,117738.6,107732.38,bull
2025-07-16,118590.7,107990.9,bull
2025-07-17,119176.6,108203.73,bull
2025-07-18,117896.5,108409.81,bull
2025-07-19,117814.3,108593.38,bull
2025-07-20,117216.0,108720.15,bull
2025-07-21,117330.2,108814.61,bull
2025-07-22,119993.7,109026.65,bull
2025-07-23,118713.4,109210.23,bull
2025-07-24,118294.4,109365.87,bull
2025-07-25,117583.9,109502.48,bull
2025-07-26,117889.3,109652.52,bull
2025-07-27,119423.5,109847.53,bull
2025-07-28,118041.4,110055.89,bull
2025-07-29,117897.0,110288.34,bull
2025-07-30,117771.1,110508.78,bull
2025-07-31,115697.4,110677.35,bull
2025-08-01,113244.8,110801.19,bull
2025-08-02,112508.7,110920.83,bull
2025-08-03,114150.9,111079.32,bull
2025-08-04,115002.2,111305.04,bull
2025-08-05,114069.7,111468.87,bull
2025-08-06,114940.9,111626.09,bull
2025-08-07,117420.0,111821.81,bull
2025-08-08,116628.1,111928.48,bull
2025-08-09,116422.0,112031.59,bull
2025-08-10,119255.3,112209.18,bull
2025-08-11,118641.8,112426.38,bull
2025-08-12,120081.0,112660.61,bull
2025-08-13,123323.9,112960.01,bull
2025-08-14,118242.1,113171.8,bull
2025-08-15,117279.1,113347.28,bull
2025-08-16,117329.7,113560.98,bull
2025-08-17,117353.8,113769.66,bull
2025-08-18,116183.5,113962.6,bull
2025-08-19,112824.2,114122.25,sideways
2025-08-20,114220.4,114324.69,sideways
2025-08-21,112461.4,114517.3,sideways
2025-08-22,116897.5,114710.74,bull
2025-08-23,115377.0,114866.44,bull
2025-08-24,113446.2,114969.21,sideways
2025-08-25,110064.0,115021.72,sideways
2025-08-26,111709.9,115100.04,sideways
2025-08-27,111194.8,115165.93,sideways
2025-08-28,112507.3,115235.89,sideways
2025-08-29,108332.3,115256.64,sideways
2025-08-30,108757.9,115308.64,sideways
2025-08-31,108208.4,115298.78,sideways
2025-09-01,109187.9,115292.82,sideways
2025-09-02,111187.9,115347.03,sideways
2025-09-03,111659.7,115405.47,sideways
2025-09-04,110679.5,115431.03,sideways
2025-09-05,110614.8,115471.21,sideways
2025-09-06,110135.2,115492.25,sideways
2025-09-07,111080.0,115490.25,sideways
2025-09-08,112012.6,115424.14,sideways
2025-09-09,111499.9,115324.14,bear
2025-09-10,113896.7,115265.93,bear
2025-09-11,115426.9,115205.74,sideways
2025-09-12,115978.3,115141.77,sideways
2025-09-13,115862.7,115110.5,sideways
2025-09-14,115210.6,115054.17,sideways
2025-09-15,115300.5,114989.57,sideways
2025-09-16,116747.2,114970.41,sideways
2025-09-17,116402.5,114946.88,sideways
2025-09-18,117017.1,114943.57,sideways
2025-09-19,115569.5,114914.22,sideways
2025-09-20,115624.9,114841.41,sideways
2025-09-21,115183.8,114782.58,sideways
2025-09-22,112604.7,114687.75,bear
2025-09-23,111947.0,114593.81,bear
2025-09-24,113253.9,114516.55,bear
2025-09-25,108934.5,114341.73,bear
2025-09-26,109588.5,114200.85,bear
2025-09-27,109577.2,114062.19,bear
2025-09-28,112119.7,113968.0,bear
2025-09-29,114257.0,113943.99,sideways
2025-09-30,113988.7,113956.39,sideways
2025-10-01,118553.6,114057.14,sideways
2025-10-02,120481.1,114162.64,bull
2025-10-03,122182.5,114282.31,bull
2025-10-04,122343.2,114420.21,bull
2025-10-05,123426.6,114561.63,bull
2025-10-06,124616.3,114681.57,bull
2025-10-07,121286.6,114759.21,bull
2025-10-08,123237.4,114872.8,bull
2025-10-09,121579.4,114911.54,bull
2025-10-10,112714.9,114812.76,sideways
2025-10-11,110579.1,114654.39,bear
2025-10-12,114894.5,114513.9,sideways
2025-10-13,115111.9,114461.73,sideways
2025-10-14,112983.9,114390.15,bear
2025-10-15,110699.0,114279.63,bear
2025-10-16,108129.3,114125.89,bear
2025-10-17,106378.5,113962.48,bear
2025-10-18,107117.5,113867.36,bear
2025-10-19,108585.7,113773.45,bear
2025-10-20,110470.0,113740.26,bear
2025-10-21,108243.1,113596.02,bear
2025-10-22,107531.5,113465.26,bear
2025-10-23,110009.8,113407.99,bear
2025-10-24,110961.6,113422.95,bear
2025-10-25,111583.6,113420.84,bear
2025-10-26,114508.9,113476.08,sideways
2025-10-27,114060.5,113501.97,bull
2025-10-28,112848.8,113577.24,sideways
2025-10-29,109972.9,113597.49,sideways
2025-10-30,108260.9,113598.37,sideways
2025-10-31,109547.4,113604.36,sideways
2025-11-01,110050.2,113585.4,sideways
2025-11-02,110499.0,113566.05,bear
2025-11-03,106533.5,113496.95,bear
2025-11-04,101427.4,113343.83,bear
2025-11-05,103830.1,113238.74,bear
2025-11-06,101305.8,113075.84,bear
2025-11-07,103304.7,112930.71,bear
2025-11-08,102268.9,112776.86,bear
2025-11-09,104659.3,112622.9,bear
2025-11-10,105960.1,112465.12,bear
2025-11-11,103018.0,112249.12,bear
2025-11-12,101607.9,112011.54,bear
2025-11-13,99639.3,111752.01,bear
2025-11-14,94533.3,111405.9,bear
2025-11-15,95560.0,111052.77,bear
2025-11-16,94221.8,110683.1,bear
2025-11-17,92169.3,110268.97,bear
2025-11-18,92916.9,109891.42,bear
2025-11-19,91508.6,109489.49,bear
2025-11-20,86601.5,109013.11,bear
2025-11-21,85093.6,108554.6,bear
2025-11-22,84689.5,108100.3,bear
2025-11-23,86807.5,107659.53,bear
2025-11-24,88247.1,107314.74,bear
2025-11-25,87323.7,106943.66,bear
2025-11-26,90439.6,106624.7,bear
2025-11-27,91292.3,106277.58,bear
2025-11-28,90847.4,105887.42,bear
2025-11-29,90765.0,105500.35,bear
2025-11-30,90320.1,105029.8,bear
2025-12-01,86242.0,104459.15,bear
2025-12-02,91248.7,103943.58,bear
2025-12-03,93376.3,103460.8,bear
2025-12-04,92035.1,102937.61,bear
2025-12-05,89288.9,102348.82,bear
2025-12-06,89197.6,101814.0,bear
2025-12-07,90345.7,101265.81,bear
2025-12-08,90610.4,100749.66,bear
2025-12-09,92639.1,100415.06,bear
2025-12-10,91976.9,100105.02,bear
2025-12-11,92480.3,99731.45,bear
2025-12-12,90229.7,99316.75,bear
2025-12-13,90190.9,98936.87,bear
2025-12-14,88118.8,98560.53,bear
2025-12-15,86390.3,98198.21,bear
2025-12-16,87829.1,97889.06,bear
2025-12-17,86201.7,97540.46,bear
2025-12-18,85472.8,97155.25,bear
2025-12-19,88100.2,96782.42,bear
2025-12-20,88320.7,96450.38,bear
2025-12-21,88621.2,96135.2,bear
2025-12-22,88581.5,95778.06,bear
2025-12-23,87463.7,95386.43,bear
2025-12-24,87627.6,94987.17,bear
2025-12-25,87182.7,94531.73,bear
2025-12-26,87325.0,94086.14,bear
2025-12-27,87830.0,93669.16,bear
2025-12-28,87920.6,93301.62,bear
2025-12-29,87201.3,92950.63,bear
2025-12-30,88450.8,92599.02,bear
2025-12-31,87608.2,92224.98,bear
2026-01-01,88800.0,91863.33,bear
2026-01-02,89951.5,91586.97,bear
2026-01-03,90595.3,91406.43,bear
2026-01-04,91497.1,91200.88,sideways
2026-01-05,93821.3,91076.14,sideways
2026-01-06,93708.9,90916.21,sideways
2026-01-07,91328.1,90733.86,sideways
2026-01-08,91059.8,90507.21,sideways
2026-01-09,90604.5,90251.28,sideways
2026-01-10,90470.1,90042.15,sideways
2026-01-11,90976.6,89864.96,sideways
2026-01-12,91252.4,89725.18,sideways
2026-01-13,95375.2,89739.21,sideways
2026-01-14,96908.0,89761.68,sideways
2026-01-15,95567.3,89784.1,sideways
2026-01-16,95503.7,89839.67,sideways
2026-01-17,95107.9,89876.19,bull
2026-01-18,93614.1,89911.28,bull
2026-01-19,92589.7,90011.09,bull
2026-01-20,88390.7,90066.04,sideways
2026-01-21,89410.7,90144.72,sideways
2026-01-22,89518.6,90189.91,sideways
2026-01-23,89558.8,90211.77,sideways
2026-01-24,89180.7,90242.72,sideways
2026-01-25,86628.9,90179.21,sideways
2026-01-26,88300.0,90129.34,bear
2026-01-27,89196.8,90101.83,bear
2026-01-28,89261.3,90076.76,bear
2026-01-29,84604.7,89981.51,bear
2026-01-30,84211.4,89947.66,bear
2026-01-31,78698.8,89738.5,bear
2026-02-01,76931.4,89464.42,bear
2026-02-02,78695.4,89242.09,bear
2026-02-03,75731.8,89016.14,bear
2026-02-04,73140.0,88748.51,bear
2026-02-05,62868.1,88290.55,bear
2026-02-06,70544.4,87956.12,bear
2026-02-07,69254.2,87566.37,bear
2026-02-08,70288.2,87204.89,bear
2026-02-09,70110.5,86832.06,bear
2026-02-10,68805.4,86474.99,bear
2026-02-11,67048.6,86089.28,bear
2026-02-12,66243.1,85724.69,bear
2026-02-13,68822.3,85431.89,bear
2026-02-14,69795.1,85131.32,bear
2026-02-15,68788.4,84841.1,bear
2026-02-16,68860.8,84564.24,bear
2026-02-17,67476.0,84220.5,bear
2026-02-18,66421.8,83855.52,bear
2026-02-19,66974.8,83494.74,bear
2026-02-20,67979.2,83151.37,bear
2026-02-21,67932.3,82825.85,bear
2026-02-22,67611.8,82492.25,bear
2026-02-23,64625.8,82116.3,bear
2026-02-24,64031.4,81728.08,bear
2026-02-25,67952.4,81396.78,bear
2026-02-26,67448.1,81055.57,bear
2026-02-27,65835.9,80699.49,bear
2026-02-28,66937.0,80340.92,bear
2026-03-01,65747.9,79976.58,bear
