id,portfolio_id,mode,bot_name,symbol,side,leverage,amount,entry_price,entry_time,exit_price,exit_time,tp_price,sl_price,funding_rate,status,exit_reason,pnl_pct,pnl_amount,fee_amount,exchange_order_id,metadata,created_at,trade_serial
1,,paper,levburn_sec_aggressive,RESOLV_USDT,long,7.0,0.0,0.08247,2026-03-14T01:01:33.922403,0.08494410000000001,2026-03-14T01:30:37.578263,0.08494410000000001,0.0816453,,closed,TP,19.46,,,,,2026-03-13 16:01:33,
2,,paper,levburn_sec_aggressive,RESOLV_USDT,long,7.0,0.0,0.08375,2026-03-14T01:13:16.218085,0.0862625,2026-03-14T02:36:16.914257,0.0862625,0.0829125,,closed,TP,19.46,,,,,2026-03-13 16:13:16,
3,,paper,levburn_sec_aggressive,RESOLV_USDT,long,7.0,0.0,0.0856,2026-03-14T01:30:24.152254,0.084744,2026-03-14T01:33:23.870767,0.088168,0.084744,,closed,SL,-8.54,,,,,2026-03-13 16:30:24,
4,,paper,levburn_sec_aggressive,RESOLV_USDT,long,7.0,0.0,0.08477,2026-03-14T01:51:06.403972,0.0873131,2026-03-14T03:12:18.043306,0.0873131,0.08392229999999999,,closed,TP,19.46,,,,,2026-03-13 16:51:06,
5,,paper,levburn_sec_aggressive,RESOLV_USDT,long,7.0,0.0,0.08457,2026-03-14T02:11:00.007562,0.0871071,2026-03-14T03:12:23.557805,0.0871071,0.0837243,,closed,TP,19.46,,,,,2026-03-13 17:11:00,
6,,paper,levburn_sec_aggressive,RESOLV_USDT,long,7.0,0.0,0.08651,2026-03-14T02:28:27.994347,0.0856449,2026-03-14T02:29:31.288477,0.08910530000000001,0.0856449,,closed,SL,-8.54,,,,,2026-03-13 17:28:27,
7,,paper,levburn_sec_scalp_micro,RESOLV_USDT,long,20.0,0.0,0.0868,2026-03-14T02:28:34.030739,0.0866264,2026-03-14T02:29:36.791047,0.08723399999999999,0.0866264,,closed,SL,-8.4,,,,,2026-03-13 17:28:34,
8,,paper,levburn_sec_aggressive,RESOLV_USDT,long,7.0,0.0,0.08701,2026-03-14T02:34:02.818972,0.0861399,2026-03-14T02:42:06.966298,0.0896203,0.0861399,,closed,SL,-8.54,,,,,2026-03-13 17:34:02,
9,,paper,levburn_sec_aggressive,RESOLV_USDT,long,7.0,0.0,0.08672,2026-03-14T03:06:00.869093,0.0858528,2026-03-14T05:36:09.753693,0.0893216,0.0858528,,closed,SL,-8.54,,,,,2026-03-13 18:06:00,
10,,paper,levburn_sec_scalp_micro,RESOLV_USDT,long,20.0,0.0,0.08672,2026-03-14T03:06:01.893980,0.0871536,2026-03-14T03:12:29.074009,0.0871536,0.08654656000000001,,closed,TP,5.6,,,,,2026-03-13 18:06:01,
11,,paper,levburn_sec_aggressive,RESOLV_USDT,long,7.0,0.0,0.08834,2026-03-14T03:12:39.620829,0.0874566,2026-03-14T03:29:32.571322,0.09099020000000001,0.0874566,,closed,SL,-8.54,,,,,2026-03-13 18:12:39,
12,,paper,levburn_sec_aggressive,RESOLV_USDT,long,7.0,0.0,0.08759,2026-03-14T03:25:21.396982,0.0867141,2026-03-14T05:21:03.636490,0.0902177,0.0867141,,closed,SL,-8.54,,,,,2026-03-13 18:25:21,
13,,paper,levburn_sec_aggressive,RESOLV_USDT,long,7.0,0.0,0.08742,2026-03-14T03:37:18.869712,0.08654579999999999,2026-03-14T05:21:09.123784,0.0900426,0.08654579999999999,,closed,SL,-8.54,,,,,2026-03-13 18:37:18,
14,,paper,levburn_sec_aggressive,RESOLV_USDT,long,7.0,0.0,0.08761,2026-03-14T03:47:15.874490,0.08673389999999999,2026-03-14T05:21:14.628967,0.0902383,0.08673389999999999,,closed,SL,-8.54,,,,,2026-03-13 18:47:15,
15,,paper,levburn_sec_aggressive,RESOLV_USDT,long,7.0,0.0,0.08752,2026-03-14T03:59:44.425686,0.0866448,2026-03-14T05:21:20.117228,0.0901456,0.0866448,,closed,SL,-8.54,,,,,2026-03-13 18:59:44,
16,,paper,levburn_sec_aggressive,TAG_USDT,short,7.0,0.0,0.0005956,2026-03-14T04:11:37.123431,0.000577732,2026-03-14T05:36:15.252884,0.000577732,0.0006015559999999999,,closed,TP,19.46,,,,,2026-03-13 19:11:37,
17,,paper,levburn_sec_scalp_micro,TAG_USDT,short,20.0,0.0,0.0005956,2026-03-14T04:11:38.154208,0.0005926219999999999,2026-03-14T04:12:11.995802,0.0005926219999999999,0.0005967911999999999,,closed,TP,5.6,,,,,2026-03-13 19:11:38,
18,,paper,levburn_sec,TAG_USDT,short,10.0,0.0,0.0005956,2026-03-14T04:11:48.667294,0.0005866659999999999,2026-03-14T04:12:17.487874,0.0005866659999999999,0.0005985779999999999,,closed,TP,12.8,,,,,2026-03-13 19:11:48,
19,,paper,levburn_sec_aggressive,TAG_USDT,short,7.0,0.0,0.0005866,2026-03-14T04:21:34.080692,0.000569002,2026-03-14T05:50:49.420807,0.000569002,0.0005924659999999999,,closed,TP,19.46,,,,,2026-03-13 19:21:34,
20,,paper,levburn_sec_aggressive,TAG_USDT,short,7.0,0.0,0.0005921,2026-03-14T04:26:15.612082,0.000574337,2026-03-14T05:43:30.284716,0.000574337,0.000598021,,closed,TP,19.46,,,,,2026-03-13 19:26:15,
21,,paper,levburn_sec_aggressive,TAG_USDT,short,7.0,0.0,0.0005913,2026-03-14T04:30:32.058367,0.000573561,2026-03-14T05:50:54.915262,0.000573561,0.000597213,,closed,TP,19.46,,,,,2026-03-13 19:30:32,
22,,paper,levburn_sec_aggressive,TAG_USDT,short,7.0,0.0,0.0005874,2026-03-14T04:40:44.160479,0.000569778,2026-03-14T05:51:00.426312,0.000569778,0.000593274,,closed,TP,19.46,,,,,2026-03-13 19:40:44,
23,,paper,levburn_sec_aggressive,TAG_USDT,short,7.0,0.0,0.000586,2026-03-14T04:48:51.105499,0.00056842,2026-03-14T05:51:05.943726,0.00056842,0.00059186,,closed,TP,19.46,,,,,2026-03-13 19:48:51,
24,,paper,levburn_sec_scalp_micro,TAG_USDT,short,20.0,0.0,0.0005826,2026-03-14T04:49:17.155171,0.0005837651999999999,2026-03-14T04:59:05.992299,0.000579687,0.0005837651999999999,,closed,SL,-8.4,,,,,2026-03-13 19:49:17,
25,,paper,levburn_sec_aggressive,TAG_USDT,short,7.0,0.0,0.0005872,2026-03-14T04:53:28.569651,0.0005695839999999999,2026-03-14T05:51:11.451401,0.0005695839999999999,0.0005930719999999999,,closed,TP,19.46,,,,,2026-03-13 19:53:28,
26,,paper,levburn_sec_aggressive,TAG_USDT,short,7.0,0.0,0.0005977,2026-03-14T04:58:05.044748,0.000579769,2026-03-14T05:36:20.760693,0.000579769,0.0006036770000000001,,closed,TP,19.46,,,,,2026-03-13 19:58:05,
27,,paper,levburn_sec_aggressive,TAG_USDT,short,7.0,0.0,0.0005918,2026-03-14T05:07:19.292637,0.0005740459999999999,2026-03-14T05:51:16.950893,0.0005740459999999999,0.000597718,,closed,TP,19.46,,,,,2026-03-13 20:07:19,
28,,paper,levburn_sec_aggressive,TAG_USDT,short,7.0,0.0,0.0005879,2026-03-14T05:16:36.274379,0.000570263,2026-03-14T05:51:22.441621,0.000570263,0.000593779,,closed,TP,19.46,,,,,2026-03-13 20:16:36,
29,,paper,levburn_sec_aggressive,TAG_USDT,short,7.0,0.0,0.0005904,2026-03-14T05:17:42.435420,0.000572688,2026-03-14T05:51:27.943522,0.000572688,0.0005963040000000001,,closed,TP,19.46,,,,,2026-03-13 20:17:42,
30,,paper,levburn_sec_scalp_micro,TAG_USDT,short,20.0,0.0,0.0005855,2026-03-14T05:18:08.485990,0.0005825725,2026-03-14T05:21:25.623595,0.0005825725,0.000586671,,closed,TP,5.6,,,,,2026-03-13 20:18:08,
31,,paper,levburn_sec_aggressive,TAG_USDT,short,7.0,0.0,0.000582,2026-03-14T05:19:04.578082,0.000572,2026-03-14T10:53:49.546589,0.00056454,0.0005878200000000001,,closed,MANUAL,10.49,,,,,2026-03-13 20:19:04,
32,,paper,levburn_sec_aggressive,TAG_USDT,short,7.0,0.0,0.0005839,2026-03-14T05:20:35.828725,0.000572,2026-03-14T10:53:42.138539,0.0005663830000000001,0.000589739,,closed,MANUAL,12.73,,,,,2026-03-13 20:20:35,
33,,paper,levburn_sec_aggressive,TAG_USDT,short,7.0,0.0,0.0005766,2026-03-14T05:32:07.359143,0.0005823660000000001,2026-03-14T09:58:07.953407,0.000559302,0.0005823660000000001,,closed,SL,-8.54,,,,,2026-03-13 20:32:07,
34,,paper,levburn_sec_aggressive,RESOLV_USDT,long,7.0,0.0,0.08565,2026-03-14T05:33:18.436271,0.08479350000000001,2026-03-14T05:43:35.772651,0.0882195,0.08479350000000001,,closed,SL,-8.54,,,,,2026-03-13 20:33:18,
35,,paper,levburn_sec,RESOLV_USDT,long,10.0,0.0,0.08565,2026-03-14T05:33:29.484505,0.08522175,2026-03-14T05:39:31.250562,0.08693474999999999,0.08522175,,closed,SL,-7.2,,,,,2026-03-13 20:33:29,
36,,paper,levburn_sec_aggressive,TAG_USDT,short,7.0,0.0,0.0005774,2026-03-14T05:39:16.575914,0.000572,2026-03-14T10:53:43.159186,0.000560078,0.0005831740000000001,,closed,MANUAL,5.01,,,,,2026-03-13 20:39:16,
37,,paper,levburn_sec_aggressive,TAG_USDT,short,7.0,0.0,0.0005748,2026-03-14T05:45:31.482781,0.000580548,2026-03-14T09:38:34.749867,0.000557556,0.000580548,,closed,SL,-8.54,,,,,2026-03-13 20:45:31,
38,,paper,levburn_sec,TAG_USDT,short,10.0,0.0,0.000572,2026-03-14T05:48:07.798392,0.00057486,2026-03-14T06:16:34.382129,0.00056342,0.00057486,,closed,SL,-7.2,,,,,2026-03-13 20:48:07,
39,,paper,levburn_sec_aggressive,TAG_USDT,short,7.0,0.0,0.0005657,2026-03-14T05:48:18.826202,0.0005713570000000001,2026-03-14T06:01:48.160941,0.000548729,0.0005713570000000001,,closed,SL,-8.54,,,,,2026-03-13 20:48:18,
40,,paper,levburn_sec_scalp_micro,TAG_USDT,short,20.0,0.0,0.0005683,2026-03-14T05:49:04.918193,0.0005694366,2026-03-14T05:54:46.160260,0.0005654585,0.0005694366,,closed,SL,-8.4,,,,,2026-03-13 20:49:04,
41,,paper,levburn_sec_aggressive,TAG_USDT,short,7.0,0.0,0.0005741,2026-03-14T05:56:06.836425,0.000579841,2026-03-14T09:27:57.491923,0.000556877,0.000579841,,closed,SL,-8.54,,,,,2026-03-13 20:56:06,
42,,paper,levburn_sec_scalp_micro,TAG_USDT,short,20.0,0.0,0.0005732,2026-03-14T05:56:17.855286,0.0005703339999999999,2026-03-14T05:57:46.063947,0.0005703339999999999,0.0005743463999999999,,closed,TP,5.6,,,,,2026-03-13 20:56:17,
43,,paper,levburn_sec_aggressive,TAG_USDT,short,7.0,0.0,0.0005726,2026-03-14T05:59:26.786927,0.000578326,2026-03-14T09:18:35.351855,0.0005554220000000001,0.000578326,,closed,SL,-8.54,,,,,2026-03-13 20:59:26,
44,,paper,levburn_sec_scalp_micro,TAG_USDT,short,20.0,0.0,0.0005726,2026-03-14T05:59:27.808257,0.0005697370000000001,2026-03-14T06:08:37.990272,0.0005697370000000001,0.0005737452,,closed,TP,5.6,,,,,2026-03-13 20:59:27,
45,,paper,levburn_sec_aggressive,TAG_USDT,short,7.0,0.0,0.0005687,2026-03-14T06:00:28.384877,0.000574387,2026-03-14T06:16:39.867541,0.000551639,0.000574387,,closed,SL,-8.54,,,,,2026-03-13 21:00:28,
46,,paper,levburn_sec_aggressive,TAG_USDT,short,7.0,0.0,0.0005709,2026-03-14T06:01:39.540171,0.0005766090000000001,2026-03-14T08:30:58.902354,0.000553773,0.0005766090000000001,,closed,SL,-8.54,,,,,2026-03-13 21:01:39,
47,,paper,levburn_sec_aggressive,TAG_USDT,short,7.0,0.0,0.0005696,2026-03-14T06:03:00.363994,0.000575296,2026-03-14T07:23:38.521448,0.0005525119999999999,0.000575296,,closed,SL,-8.54,,,,,2026-03-13 21:03:00,
48,,paper,levburn_sec_aggressive,TAG_USDT,short,7.0,0.0,0.0005724,2026-03-14T06:07:52.191326,0.0005781240000000001,2026-03-14T09:18:40.843794,0.0005552280000000001,0.0005781240000000001,,closed,SL,-8.54,,,,,2026-03-13 21:07:52,
49,,paper,levburn_sec_aggressive,TAG_USDT,short,7.0,0.0,0.0005708,2026-03-14T06:08:58.536347,0.000576508,2026-03-14T08:31:04.395005,0.000553676,0.000576508,,closed,SL,-8.54,,,,,2026-03-13 21:08:58,
50,,paper,levburn_sec_aggressive,TAG_USDT,short,7.0,0.0,0.0005772,2026-03-14T06:10:24.675395,0.000572,2026-03-14T10:53:48.053083,0.0005598840000000001,0.0005829720000000001,,closed,MANUAL,4.77,,,,,2026-03-13 21:10:24,
51,,paper,levburn_sec_aggressive,TAG_USDT,short,7.0,0.0,0.0005735,2026-03-14T06:11:25.761726,0.000579235,2026-03-14T09:23:23.635919,0.0005562949999999999,0.000579235,,closed,SL,-8.54,,,,,2026-03-13 21:11:25,
52,,paper,levburn_sec_aggressive,RESOLV_USDT,long,7.0,0.0,0.08366,2026-03-14T06:13:16.999781,0.08282339999999999,2026-03-14T07:06:32.842886,0.0861698,0.08282339999999999,,closed,SL,-8.54,,,,,2026-03-13 21:13:16,
53,,paper,levburn_sec_aggressive,TAG_USDT,short,7.0,0.0,0.0005735,2026-03-14T06:14:03.084812,0.000579235,2026-03-14T09:23:23.635919,0.0005562949999999999,0.000579235,,closed,SL,-8.54,,,,,2026-03-13 21:14:03,
54,,paper,levburn_sec_aggressive,TAG_USDT,short,7.0,0.0,0.0005761,2026-03-14T06:15:54.276348,0.0005818609999999999,2026-03-14T09:58:13.473675,0.000558817,0.0005818609999999999,,closed,SL,-8.54,,,,,2026-03-13 21:15:54,
55,,paper,levburn_sec,TAG_USDT,short,10.0,0.0,0.0005735,2026-03-14T06:16:10.290948,0.0005763675,2026-03-14T07:52:50.549718,0.0005648975,0.0005763675,,closed,SL,-7.2,,,,,2026-03-13 21:16:10,
56,,paper,levburn_sec_aggressive,TAG_USDT,short,7.0,0.0,0.0005739,2026-03-14T06:17:20.971980,0.0005796390000000001,2026-03-14T09:23:18.130611,0.000556683,0.0005796390000000001,,closed,SL,-8.54,,,,,2026-03-13 21:17:20,
57,,paper,levburn_sec_aggressive,TAG_USDT,short,7.0,0.0,0.0005658,2026-03-14T06:22:12.505687,0.000571458,2026-03-14T06:29:26.025257,0.000548826,0.000571458,,closed,SL,-8.54,,,,,2026-03-13 21:22:12,
58,,paper,levburn_sec_scalp_micro,TAG_USDT,short,20.0,0.0,0.0005709,2026-03-14T06:28:34.237960,0.0005720418000000001,2026-03-14T06:29:31.545998,0.0005680455,0.0005720418000000001,,closed,SL,-8.4,,,,,2026-03-13 21:28:34,
59,,paper,levburn_sec_scalp_micro,RESOLV_USDT,long,20.0,0.0,0.08321,2026-03-14T06:42:43.474544,0.08304358,2026-03-14T07:01:45.499218,0.08362605,0.08304358,,closed,SL,-8.4,,,,,2026-03-13 21:42:43,
60,,paper,levburn_sec_aggressive,RESOLV_USDT,long,7.0,0.0,0.08156,2026-03-14T07:04:28.085116,0.08400679999999999,2026-03-14T07:31:05.499650,0.08400679999999999,0.0807444,,closed,TP,19.46,,,,,2026-03-13 22:04:28,
61,,paper,levburn_sec,TAG_USDT,short,10.0,0.0,0.0005696,2026-03-14T07:13:39.101336,0.0005724479999999999,2026-03-14T07:17:12.205404,0.000561056,0.0005724479999999999,,closed,SL,-7.2,,,,,2026-03-13 22:13:39,
62,,paper,levburn_sec_aggressive,TAG_USDT,short,7.0,0.0,0.0005696,2026-03-14T07:13:40.106449,0.000575296,2026-03-14T07:23:38.521448,0.0005525119999999999,0.000575296,,closed,SL,-8.54,,,,,2026-03-13 22:13:40,
63,,paper,levburn_sec_scalp_micro,TAG_USDT,short,20.0,0.0,0.0005696,2026-03-14T07:13:40.564413,0.0005707392,2026-03-14T07:17:17.705322,0.000566752,0.0005707392,,closed,SL,-8.4,,,,,2026-03-13 22:13:40,
64,,paper,levburn_sec_aggressive,RESOLV_USDT,long,7.0,0.0,0.084,2026-03-14T07:15:11.202314,0.08316,2026-03-14T07:38:39.010071,0.08652000000000001,0.08316,,closed,SL,-8.54,,,,,2026-03-13 22:15:11,
65,,paper,levburn_sec_aggressive,TAG_USDT,short,7.0,0.0,0.0005748,2026-03-14T07:22:08.793803,0.000580548,2026-03-14T09:38:34.749867,0.000557556,0.000580548,,closed,SL,-8.54,,,,,2026-03-13 22:22:08,
66,,paper,levburn_sec_scalp_micro,TAG_USDT,short,20.0,0.0,0.0005685,2026-03-14T07:28:29.649661,0.000569637,2026-03-14T07:31:11.066413,0.0005656575,0.000569637,,closed,SL,-8.4,,,,,2026-03-13 22:28:29,
67,,paper,levburn_sec_aggressive,TAG_USDT,short,7.0,0.0,0.0005727,2026-03-14T07:36:12.086073,0.000578427,2026-03-14T09:18:46.360169,0.000555519,0.000578427,,closed,SL,-8.54,,,,,2026-03-13 22:36:12,
68,,paper,levburn_sec_aggressive,TAG_USDT,short,7.0,0.0,0.0005735,2026-03-14T07:39:59.706326,0.000579235,2026-03-14T09:23:23.635919,0.0005562949999999999,0.000579235,,closed,SL,-8.54,,,,,2026-03-13 22:39:59,
69,,paper,levburn_sec_aggressive,RESOLV_USDT,long,7.0,0.0,0.08348,2026-03-14T07:42:10.915680,0.0826452,2026-03-14T08:34:32.666304,0.0859844,0.0826452,,closed,SL,-8.54,,,,,2026-03-13 22:42:10,
70,,paper,levburn_sec_aggressive,TAG_USDT,short,7.0,0.0,0.000571,2026-03-14T07:51:27.912150,0.00057671,2026-03-14T08:31:09.906230,0.00055387,0.00057671,,closed,SL,-8.54,,,,,2026-03-13 22:51:27,
71,,paper,levburn_sec,TAG_USDT,short,10.0,0.0,0.0005762,2026-03-14T08:13:04.563569,0.000579081,2026-03-14T09:23:29.144959,0.000567557,0.000579081,,closed,SL,-7.2,,,,,2026-03-13 23:13:04,
72,,paper,levburn_sec_aggressive,TAG_USDT,short,7.0,0.0,0.0005762,2026-03-14T08:13:05.562926,0.000581962,2026-03-14T09:58:18.968372,0.000558914,0.000581962,,closed,SL,-8.54,,,,,2026-03-13 23:13:05,
73,,paper,levburn_sec_scalp_micro,TAG_USDT,short,20.0,0.0,0.0005762,2026-03-14T08:13:06.017527,0.000573319,2026-03-14T08:42:06.321144,0.000573319,0.0005773524,,closed,TP,5.6,,,,,2026-03-13 23:13:06,
74,,paper,levburn_sec,TAG_USDT,short,10.0,0.0,0.0005761,2026-03-14T08:18:37.229928,0.0005789804999999999,2026-03-14T09:23:34.639107,0.0005674584999999999,0.0005789804999999999,,closed,SL,-7.2,,,,,2026-03-13 23:18:37,
75,,paper,levburn_sec_aggressive,TAG_USDT,short,7.0,0.0,0.00058,2026-03-14T08:18:38.210968,0.000572,2026-03-14T10:53:47.517724,0.0005626,0.0005858,,closed,MANUAL,8.12,,,,,2026-03-13 23:18:38,
76,,paper,levburn_sec_scalp_micro,TAG_USDT,short,20.0,0.0,0.00058,2026-03-14T08:18:38.658784,0.0005771,2026-03-14T08:18:48.382814,0.0005771,0.00058116,,closed,TP,5.6,,,,,2026-03-13 23:18:38,
77,,paper,levburn_sec_aggressive,TAG_USDT,short,7.0,0.0,0.0005748,2026-03-14T08:21:34.236072,0.000580548,2026-03-14T09:38:34.749867,0.000557556,0.000580548,,closed,SL,-8.54,,,,,2026-03-13 23:21:34,
78,,paper,levburn_sec_aggressive,TAG_USDT,short,7.0,0.0,0.0005748,2026-03-14T08:25:40.651006,0.000580548,2026-03-14T09:38:34.749867,0.000557556,0.000580548,,closed,SL,-8.54,,,,,2026-03-13 23:25:40,
79,,paper,levburn_sec_aggressive,TAG_USDT,short,7.0,0.0,0.0005787,2026-03-14T08:31:15.452828,0.000572,2026-03-14T10:53:41.628974,0.000561339,0.0005844870000000001,,closed,MANUAL,6.56,,,,,2026-03-13 23:31:15,
80,,paper,levburn_sec,TAG_USDT,short,10.0,0.0,0.0005711,2026-03-14T08:59:09.139899,0.0005739554999999999,2026-03-14T09:15:02.695756,0.0005625334999999999,0.0005739554999999999,,closed,SL,-7.2,,,,,2026-03-13 23:59:09,
81,,paper,levburn_sec_aggressive,TAG_USDT,short,7.0,0.0,0.0005711,2026-03-14T08:59:10.132917,0.000576811,2026-03-14T09:15:08.202873,0.0005539669999999999,0.000576811,,closed,SL,-8.54,,,,,2026-03-13 23:59:10,
82,,paper,levburn_sec_scalp_micro,TAG_USDT,short,20.0,0.0,0.0005711,2026-03-14T08:59:10.593515,0.0005722422,2026-03-14T08:59:51.281439,0.0005682444999999999,0.0005722422,,closed,SL,-8.4,,,,,2026-03-13 23:59:10,
83,,paper,levburn_sec,TAG_USDT,short,10.0,0.0,0.0005799,2026-03-14T09:10:25.339845,0.0005712015,2026-03-14T09:11:30.330388,0.0005712015,0.0005827994999999999,,closed,TP,12.8,,,,,2026-03-14 00:10:25,
84,,paper,levburn_sec_aggressive,TAG_USDT,short,7.0,0.0,0.0005799,2026-03-14T09:10:26.331050,0.000572,2026-03-14T10:53:46.268744,0.0005625029999999999,0.000585699,,closed,MANUAL,8.0,,,,,2026-03-14 00:10:26,
85,,paper,levburn_sec_scalp_micro,TAG_USDT,short,20.0,0.0,0.0005794,2026-03-14T09:10:31.811229,0.000576503,2026-03-14T09:11:35.810904,0.000576503,0.0005805588,,closed,TP,5.6,,,,,2026-03-14 00:10:31,
86,,paper,levburn_sec_aggressive,TAG_USDT,short,7.0,0.0,0.0005783,2026-03-14T09:29:08.137563,0.000572,2026-03-14T10:53:44.996012,0.000560951,0.000584083,,closed,MANUAL,6.09,,,,,2026-03-14 00:29:08,
87,,paper,levburn_sec_aggressive,TAG_USDT,short,7.0,0.0,0.0005813,2026-03-14T09:35:44.878429,0.000572,2026-03-14T10:53:44.314119,0.0005638609999999999,0.000587113,,closed,MANUAL,9.66,,,,,2026-03-14 00:35:44,
88,,paper,levburn_sec_aggressive,TAG_USDT,short,7.0,0.0,0.0005774,2026-03-14T09:47:46.399447,0.000572,2026-03-14T10:53:43.159186,0.000560078,0.0005831740000000001,,closed,MANUAL,5.01,,,,,2026-03-14 00:47:46,
89,,paper,levburn_sec_scalp_micro,TAG_USDT,short,20.0,0.0,0.0005774,2026-03-14T09:47:47.393148,0.0005785548000000001,2026-03-14T09:51:08.032541,0.000574513,0.0005785548000000001,,closed,SL,-8.4,,,,,2026-03-14 00:47:47,
90,,paper,levburn_sec,TAG_USDT,short,10.0,0.0,0.0005885,2026-03-14T09:57:19.193262,0.0005796725,2026-03-14T10:13:44.003457,0.0005796725,0.0005914425,,closed,TP,12.8,,,,,2026-03-14 00:57:19,
91,,paper,levburn_sec_aggressive,TAG_USDT,short,7.0,0.0,0.0005886,2026-03-14T09:57:20.208721,0.000572,2026-03-14T10:53:42.659501,0.000570942,0.000594486,,closed,MANUAL,18.2,,,,,2026-03-14 00:57:20,
92,,paper,levburn_sec_scalp_micro,TAG_USDT,short,20.0,0.0,0.0005886,2026-03-14T09:57:20.685509,0.000585657,2026-03-14T09:58:24.488281,0.000585657,0.0005897772,,closed,TP,5.6,,,,,2026-03-14 00:57:20,
93,,paper,levburn_sec_aggressive,TAG_USDT,short,7.0,0.0,0.0005839,2026-03-14T10:00:20.347087,0.000572,2026-03-14T10:53:42.138539,0.0005663830000000001,0.000589739,,closed,MANUAL,12.73,,,,,2026-03-14 01:00:20,
94,,paper,levburn_sec_aggressive,TAG_USDT,short,7.0,0.0,0.0005787,2026-03-14T10:08:52.716170,0.000572,2026-03-14T10:53:41.628974,0.000561339,0.0005844870000000001,,closed,MANUAL,6.56,,,,,2026-03-14 01:08:52,
95,,paper,levburn_sec_aggressive,TAG_USDT,short,7.0,0.0,0.0005812,2026-03-14T10:10:35.809490,0.000572,2026-03-14T10:53:41.113776,0.000563764,0.000587012,,closed,MANUAL,9.54,,,,,2026-03-14 01:10:35,
96,,paper,levburn_sec_aggressive,TAG_USDT,short,7.0,0.0,0.0005747,2026-03-14T10:16:19.847360,0.000572,2026-03-14T10:53:40.487653,0.0005574590000000001,0.000580447,,closed,MANUAL,1.75,,,,,2026-03-14 01:16:19,
97,,paper,levburn_sec_aggressive,TAG_USDT,short,7.0,0.0,0.0005722,2026-03-14T10:19:41.261297,0.000572,2026-03-14T10:53:39.539053,0.000555034,0.000577922,,closed,MANUAL,-1.3,,,,,2026-03-14 01:19:41,
98,,paper,levburn_sec_aggressive_lev1,COS_USDT,long,1.0,0.0,0.00157,2026-03-14T19:31:24.717515,0.0016171,2026-03-14T19:41:53.185356,0.0016171,0.0015543,,closed,TP,2.78,,,,,2026-03-14 10:31:24,
99,,paper,levburn_sec_aggressive_lev3,COS_USDT,long,3.0,0.0,0.001573,2026-03-14T19:31:25.741086,0.00162019,2026-03-14T19:41:58.707733,0.00162019,0.00155727,,closed,TP,8.34,,,,,2026-03-14 10:31:25,
100,,paper,levburn_sec_aggressive_lev1,COS_USDT,long,1.0,0.0,0.001589,2026-03-14T19:35:21.654406,0.00157311,2026-03-14T19:37:25.582415,0.00163667,0.00157311,,closed,SL,-1.22,,,,,2026-03-14 10:35:21,
101,,paper,levburn_sec_scalp_micro,COS_USDT,long,20.0,0.0,0.001629,2026-03-14T19:39:16.541450,0.0016257420000000001,2026-03-14T19:45:21.159054,0.0016371449999999998,0.0016257420000000001,,closed,SL,-8.4,,,,,2026-03-14 10:39:16,
102,,paper,levburn_sec_aggressive_lev1,COS_USDT,long,1.0,0.0,0.001602,2026-03-14T19:42:09.250682,0.0016500599999999999,2026-03-14T20:08:07.125612,0.0016500599999999999,0.0015859799999999999,,closed,TP,2.78,,,,,2026-03-14 10:42:09,
103,,paper,levburn_sec_aggressive_lev3,COS_USDT,long,3.0,0.0,0.001602,2026-03-14T19:42:09.723490,0.0016500599999999999,2026-03-14T20:08:12.625278,0.0016500599999999999,0.0015859799999999999,,closed,TP,8.34,,,,,2026-03-14 10:42:09,
104,,paper,levburn_sec_aggressive_lev1,COS_USDT,long,1.0,0.0,0.001615,2026-03-14T19:49:17.189634,0.00166345,2026-03-14T20:15:38.906773,0.00166345,0.00159885,,closed,TP,2.78,,,,,2026-03-14 10:49:17,
105,,paper,levburn_sec_aggressive_lev1,SIREN_USDT,long,1.0,0.0,0.61125,2026-03-14T19:55:39.126039,0.6051375,2026-03-14T21:48:40.795844,0.6295875,0.6051375,,closed,SL,-1.22,,,,,2026-03-14 10:55:39,
106,,paper,levburn_sec_scalp_micro,COS_USDT,long,20.0,0.0,0.001693,2026-03-14T20:12:08.646275,0.0017014649999999999,2026-03-14T20:15:44.415849,0.0017014649999999999,0.001689614,,closed,TP,5.6,,,,,2026-03-14 11:12:08,
107,,paper,levburn_sec_lev1,COS_USDT,long,1.0,0.0,0.001747,2026-03-14T20:12:09.728487,0.001773205,2026-03-14T20:23:41.126822,0.001773205,0.0017382650000000001,,closed,TP,1.28,,,,,2026-03-14 11:12:09,
108,,paper,levburn_sec_aggressive_lev1,COS_USDT,long,1.0,0.0,0.001749,2026-03-14T20:18:05.212326,0.00180147,2026-03-14T20:23:46.630685,0.00180147,0.00173151,,closed,TP,2.78,,,,,2026-03-14 11:18:05,
109,,paper,levburn_sec_aggressive_lev3,COS_USDT,long,3.0,0.0,0.001766,2026-03-14T20:18:06.194288,0.00174834,2026-03-14T20:20:11.287969,0.00181898,0.00174834,,closed,SL,-3.66,,,,,2026-03-14 11:18:06,
110,,paper,levburn_sec_lev1,COS_USDT,long,1.0,0.0,0.00179,2026-03-14T20:20:16.789064,0.0018168499999999998,2026-03-14T20:23:52.127254,0.0018168499999999998,0.00178105,,closed,TP,1.28,,,,,2026-03-14 11:20:16,
111,,paper,levburn_sec_aggressive_lev1,SIREN_USDT,long,1.0,0.0,0.6146,2026-03-14T20:22:18.178961,0.608454,2026-03-14T21:37:18.709249,0.6330380000000001,0.608454,,closed,SL,-1.22,,,,,2026-03-14 11:22:18,
112,,paper,levburn_sec_scalp_micro_lev1,SIREN_USDT,long,1.0,0.0,0.6146,2026-03-14T20:22:19.207723,0.6176729999999999,2026-03-14T20:29:03.203962,0.6176729999999999,0.6133708,,closed,TP,0.28,,,,,2026-03-14 11:22:19,
113,,paper,levburn_sec_aggressive_lev1,COS_USDT,long,1.0,0.0,0.001764,2026-03-14T20:52:27.657329,0.00174636,2026-03-14T21:04:55.602524,0.00181692,0.00174636,,closed,SL,-1.22,,,,,2026-03-14 11:52:27,
114,,paper,levburn_sec_aggressive_lev3,COS_USDT,long,3.0,0.0,0.001764,2026-03-14T20:52:28.644287,0.00174636,2026-03-14T21:05:01.075587,0.00181692,0.00174636,,closed,SL,-3.66,,,,,2026-03-14 11:52:28,
115,,paper,levburn_sec_aggressive_lev1,RESOLV_USDT,long,1.0,0.0,0.0752,2026-03-14T20:53:29.248358,0.074448,2026-03-14T21:12:51.515244,0.07745600000000001,0.074448,,closed,SL,-1.22,,,,,2026-03-14 11:53:29,
116,,paper,levburn_sec_aggressive_lev3,RESOLV_USDT,long,3.0,0.0,0.07503,2026-03-14T20:53:30.262673,0.0742797,2026-03-14T21:28:22.513562,0.0772809,0.0742797,,closed,SL,-3.66,,,,,2026-03-14 11:53:30,
117,,paper,levburn_sec_aggressive_lev1,COS_USDT,long,1.0,0.0,0.00173,2026-03-14T21:04:23.114845,0.0017819,2026-03-14T21:33:35.588351,0.0017819,0.0017127,,closed,TP,2.78,,,,,2026-03-14 12:04:23,
118,,paper,levburn_sec_aggressive_lev1,COS_USDT,long,1.0,0.0,0.001743,2026-03-14T21:21:22.947794,0.0018,2026-03-14T21:43:50.523718,0.00179529,0.00172557,,closed,TEST,1.5,,,,,2026-03-14 12:21:22,
119,,paper,levburn_sec_lev1,COS_USDT,long,1.0,0.0,0.001779,2026-03-14T21:26:54.717160,0.001770105,2026-03-14T21:28:28.009658,0.0018056849999999998,0.001770105,,closed,SL,-0.72,,,,,2026-03-14 12:26:54,
120,,paper,levburn_sec_scalp_micro,COS_USDT,long,20.0,0.0,0.001829,2026-03-14T21:31:05.562437,0.001825342,2026-03-14T21:33:46.581594,0.0018381449999999998,0.001825342,,closed,SL,-8.4,,,,,2026-03-14 12:31:05,
121,,paper,levburn_sec_aggressive,VVV_USDT,long,7.0,0.0,6.245,2026-03-14T22:09:33.912217,6.4323500000000005,2026-03-14T23:07:17.750697,6.4323500000000005,6.18255,,closed,TP,19.46,,,,,2026-03-14 13:09:33,
122,,paper,levburn_sec_aggressive,COS_USDT,long,7.0,0.0,0.001989,2026-03-14T22:11:25.230389,0.00204867,2026-03-14T22:16:57.442619,0.00204867,0.00196911,,closed,TP,19.46,,,,,2026-03-14 13:11:25,
123,,paper,levburn_sec_aggressive_lev1,COS_USDT,long,1.0,0.0,0.001989,2026-03-14T22:11:26.226883,0.00204867,2026-03-14T22:16:57.451753,0.00204867,0.00196911,,closed,TP,2.78,,,,,2026-03-14 13:11:26,
124,,paper,levburn_sec_aggressive_lev3,COS_USDT,long,3.0,0.0,0.002017,2026-03-14T22:11:26.722434,0.0020775100000000003,2026-03-14T22:16:57.460538,0.0020775100000000003,0.0019968300000000002,,closed,TP,8.34,,,,,2026-03-14 13:11:26,
125,,paper,levburn_sec_aggressive,COS_USDT,long,7.0,0.0,0.002109,2026-03-14T22:27:28.583059,0.00208791,2026-03-14T22:27:58.051278,0.0021722700000000005,0.00208791,,closed,SL,-8.54,,,,,2026-03-14 13:27:28,
126,,paper,levburn_sec,COS_USDT,long,10.0,0.0,0.002086,2026-03-14T22:31:15.961567,0.00211729,2026-03-14T22:31:31.406887,0.00211729,0.00207557,,closed,TP,12.8,,,,,2026-03-14 13:31:15,
127,,paper,levburn_sec_aggressive,COS_USDT,long,7.0,0.0,0.002125,2026-03-14T22:31:28.763686,0.0021017699999999998,2026-03-14T23:24:35.393986,0.00218875,0.00210375,,closed,SL,-8.54,-8.54,0.22,,,2026-03-14 13:31:28,
128,,paper,levburn_sec_aggressive,COS_USDT,long,7.0,0.0,0.002123,2026-03-14T22:35:05.331072,0.00210375,2026-03-14T23:24:35.384463,0.00218669,0.0021017699999999998,,closed,SL,-8.54,-8.54,0.22,,,2026-03-14 13:35:05,
129,,paper,levburn_sec_aggressive,COS_USDT,long,7.0,0.0,0.002109,2026-03-14T22:40:07.003935,0.0021722700000000005,2026-03-14T22:46:40.951603,0.0021722700000000005,0.00208791,,closed,TP,19.46,,,,,2026-03-14 13:40:07,
130,,paper,levburn_sec,COS_USDT,long,10.0,0.0,0.002138,2026-03-14T23:00:50.518875,0.0021273100000000003,2026-03-14T23:24:35.404183,0.00217007,0.0021273100000000003,,closed,SL,-7.2,-14.4,0.44,,,2026-03-14 14:00:50,
131,,paper,levburn_sec_aggressive,COS_USDT,long,7.0,47709.923664122136,0.002096,2026-03-14T23:37:24.768322,0.0020750400000000002,2026-03-14T23:43:22.776971,0.00215888,0.0020750400000000002,,closed,SL,-8.54,-8.54,0.22,,,2026-03-14 14:37:24,
132,,paper,levburn_sec_scalp_micro,RESOLV_USDT,long,20.0,1365.9336156262807,0.07321,2026-03-14T23:37:45.887376,0.07306358,2026-03-14T23:39:47.770887,0.07357604999999999,0.07306358,,closed,SL,-8.4,-8.4,0.22,,,2026-03-14 14:37:45,
133,,paper,levburn_sec_aggressive,COS_USDT,long,7.0,47801.14722753346,0.002092,2026-03-14T23:50:08.731005,0.0021547600000000004,2026-03-14T23:58:49.464118,0.0021547600000000004,0.00207108,,closed,TP,19.46,19.46,0.22,,,2026-03-14 14:50:08,
134,,paper,levburn_sec_aggressive,COS_USDT,long,7.0,45745.65416285453,0.002186,2026-03-15T00:16:43.191496,0.00225158,2026-03-15T00:22:20.456284,0.00225158,0.00216414,,closed,TP,19.46,19.46,0.22,,,2026-03-14 15:16:43,
135,,paper,levburn_sec_aggressive,RESOLV_USDT,long,7.0,1337.613697164259,0.07476,2026-03-15T00:31:29.239420,0.07401239999999999,2026-03-15T01:04:17.280370,0.0770028,0.07401239999999999,,closed,SL,-8.54,-8.54,0.22,,,2026-03-14 15:31:29,
136,,paper,levburn_sec_aggressive_lev1,RESOLV_USDT,long,1.0,1337.613697164259,0.07476,2026-03-15T00:31:30.246034,0.07401239999999999,2026-03-15T01:04:17.291039,0.0770028,0.07401239999999999,,closed,SL,-1.22,-1.22,0.22,,,2026-03-14 15:31:30,
137,,paper,levburn_sec_aggressive_lev3,RESOLV_USDT,long,3.0,1337.613697164259,0.07476,2026-03-15T00:31:30.710219,0.07401239999999999,2026-03-15T01:04:17.317259,0.0770028,0.07401239999999999,,closed,SL,-3.66,-3.66,0.22,,,2026-03-14 15:31:30,
138,,paper,levburn_sec_aggressive,COS_USDT,long,7.0,44326.24113475177,0.002256,2026-03-15T00:31:46.249857,0.00223344,2026-03-15T01:09:11.610966,0.0023236800000000003,0.00223344,,closed,SL,-8.54,-8.54,0.22,,,2026-03-14 15:31:46,
139,,paper,levburn_sec_scalp_micro,COS_USDT,long,20.0,44543.429844098,0.002245,2026-03-15T00:32:07.275948,0.0022562249999999997,2026-03-15T00:36:05.590217,0.0022562249999999997,0.0022405100000000002,,closed,TP,5.6,5.6,0.22,,,2026-03-14 15:32:07,
140,,paper,levburn_sec_scalp_micro,COS_USDT,long,20.0,43103.448275862065,0.00232,2026-03-15T00:36:19.738115,0.00231536,2026-03-15T00:39:48.287633,0.0023315999999999996,0.00231536,,closed,SL,-8.4,-8.4,0.22,,,2026-03-14 15:36:19,
141,,paper,levburn_sec_aggressive_lev1,COS_USDT,long,1.0,42992.26139294927,0.002326,2026-03-15T00:40:01.262330,0.0023027399999999997,2026-03-15T00:44:26.446815,0.00239578,0.0023027399999999997,,closed,SL,-1.22,-1.22,0.22,,,2026-03-14 15:40:01,
142,,paper,levburn_sec_scalp_micro_lev1,COS_USDT,long,1.0,42716.78769756514,0.002341,2026-03-15T00:40:02.262287,0.002336318,2026-03-15T00:44:26.456364,0.002352705,0.002336318,,closed,SL,-0.42,-0.42,0.22,,,2026-03-14 15:40:02,
143,,paper,levburn_sec,COS_USDT,long,10.0,85984.52278589855,0.002326,2026-03-15T00:40:17.780859,0.00231437,2026-03-15T00:44:26.483067,0.0023608899999999996,0.00231437,,closed,SL,-7.2,-14.4,0.44,,,2026-03-14 15:40:17,
144,,paper,levburn_sec_aggressive,DENT_USDT,long,7.0,429184.5493562232,0.000233,2026-03-15T00:41:18.911880,0.00023066999999999999,2026-03-15T01:36:34.525380,0.00023999,0.00023066999999999999,,closed,SL,-8.54,-8.54,0.22,,,2026-03-14 15:41:18,
145,,paper,levburn_sec_aggressive_lev1,DENT_USDT,long,1.0,425531.91489361704,0.000235,2026-03-15T00:41:44.979742,0.00023265,2026-03-15T01:23:21.453584,0.00024205,0.00023265,,closed,SL,-1.22,-1.22,0.22,,,2026-03-14 15:41:44,
146,,paper,levburn_sec_aggressive_lev3,DENT_USDT,long,3.0,425531.91489361704,0.000235,2026-03-15T00:41:46.013607,0.00023265,2026-03-15T01:23:21.464611,0.00024205,0.00023265,,closed,SL,-3.66,-3.66,0.22,,,2026-03-14 15:41:46,
147,,paper,levburn_sec_scalp_micro,DENT_USDT,long,20.0,427350.4273504274,0.000234,2026-03-15T00:42:21.572561,0.00023516999999999996,2026-03-15T01:00:42.391225,0.00023516999999999996,0.000233532,,closed,TP,5.6,5.6,0.22,,,2026-03-14 15:42:21,
148,,paper,levburn_sec_scalp_micro_lev1,DENT_USDT,long,1.0,425531.91489361704,0.000235,2026-03-15T00:42:22.578610,0.00023453,2026-03-15T00:48:53.084416,0.00023617499999999998,0.00023453,,closed,SL,-0.42,-0.42,0.22,,,2026-03-14 15:42:22,
149,,paper,levburn_sec_aggressive_lev1,COS_USDT,long,1.0,44503.78282153983,0.002247,2026-03-15T01:06:58.277471,0.0022245299999999997,2026-03-15T01:09:11.622841,0.00231441,0.0022245299999999997,,closed,SL,-1.22,-1.22,0.22,,,2026-03-14 16:06:58,
150,,paper,levburn_sec,COS_USDT,long,10.0,91911.76470588235,0.002176,2026-03-15T01:20:21.547499,0.00216512,2026-03-15T01:20:58.808415,0.0022086399999999996,0.00216512,,closed,SL,-7.2,-14.4,0.44,,,2026-03-14 16:20:21,
151,,paper,levburn_sec_aggressive,COS_USDT,long,7.0,45955.882352941175,0.002176,2026-03-15T01:20:22.535569,0.00215424,2026-03-15T01:20:58.823525,0.00224128,0.00215424,,closed,SL,-8.54,-8.54,0.22,,,2026-03-14 16:20:22,
152,,paper,levburn_sec_aggressive,COS_USDT,long,7.0,46772.68475210477,0.002138,2026-03-15T01:31:04.569408,0.00220214,2026-03-15T02:29:18.623077,0.00220214,0.00211662,,closed,TP,19.46,19.46,0.22,,,2026-03-14 16:31:04,
153,,paper,levburn_sec_aggressive_lev1,COS_USDT,long,1.0,46663.55576294914,0.002143,2026-03-15T01:37:31.955958,0.00220729,2026-03-15T02:29:18.634973,0.00220729,0.0021215699999999997,,closed,TP,2.78,2.78,0.22,,,2026-03-14 16:37:31,
154,,paper,levburn_sec_aggressive_lev3,COS_USDT,long,3.0,46882.32536333802,0.002133,2026-03-15T01:37:38.004501,0.00219699,2026-03-15T02:29:18.644588,0.00219699,0.00211167,,closed,TP,8.34,8.34,0.22,,,2026-03-14 16:37:38,
155,,paper,levburn_sec_scalp_micro,COS_USDT,long,20.0,46296.2962962963,0.00216,2026-03-15T01:46:45.656661,0.00215568,2026-03-15T01:51:59.716239,0.0021707999999999996,0.00215568,,closed,SL,-8.4,-8.4,0.22,,,2026-03-14 16:46:45,
156,,paper,levburn_sec_scalp_micro,COS_USDT,long,20.0,46082.94930875576,0.00217,2026-03-15T01:55:17.863527,0.0021656600000000002,2026-03-15T01:56:52.528897,0.00218085,0.0021656600000000002,,closed,SL,-8.4,-8.4,0.22,,,2026-03-14 16:55:17,
157,,paper,levburn_sec,COS_USDT,long,10.0,94161.95856873824,0.002124,2026-03-15T02:17:26.100999,0.00215586,2026-03-15T02:29:18.654103,0.00215586,0.00211338,,closed,TP,12.8,25.6,0.44,,,2026-03-14 17:17:26,
158,,paper,levburn_sec_scalp_micro,COS_USDT,long,20.0,47281.32387706856,0.002115,2026-03-15T02:21:12.717027,0.0021255749999999998,2026-03-15T02:25:40.063684,0.0021255749999999998,0.00211077,,closed,TP,5.6,5.6,0.22,,,2026-03-14 17:21:12,
159,,paper,levburn_sec_scalp_micro,COS_USDT,long,20.0,45641.25969876769,0.002191,2026-03-15T02:26:29.511624,0.0022019549999999994,2026-03-15T02:29:18.664173,0.0022019549999999994,0.002186618,,closed,TP,5.6,5.6,0.22,,,2026-03-14 17:26:29,
160,,paper,levburn_sec_fr_extreme,COS_USDT,long,10.0,132978.72340425532,0.002256,2026-03-15T02:26:45.556360,0.002237952,2026-03-15T02:29:18.673710,0.0023011200000000002,0.002237952,,closed,SL,-10.2,-30.6,0.66,,,2026-03-14 17:26:45,
161,,paper,levburn_sec_lev1,COS_USDT,long,1.0,88183.42151675485,0.002268,2026-03-15T02:26:46.557631,0.00225666,2026-03-15T02:29:18.683732,0.0023020199999999997,0.00225666,,closed,SL,-0.72,-1.44,0.44,,,2026-03-14 17:26:46,
162,,paper,levburn_sec_scalp_micro_lev1,COS_USDT,long,1.0,44603.033006244426,0.002242,2026-03-15T02:26:52.029654,0.002237516,2026-03-15T02:29:18.694281,0.00225321,0.002237516,,closed,SL,-0.42,-0.42,0.22,,,2026-03-14 17:26:52,
163,,paper,levburn_sec,COS_USDT,long,10.0,91575.09157509157,0.002184,2026-03-15T02:30:43.503344,0.00217308,2026-03-15T02:31:59.101477,0.00221676,0.00217308,,closed,SL,-7.2,-14.4,0.44,,,2026-03-14 17:30:43,
164,,paper,levburn_sec_aggressive,COS_USDT,long,7.0,45745.65416285453,0.002186,2026-03-15T02:30:54.503487,0.00216414,2026-03-15T02:41:05.255687,0.00225158,0.00216414,,closed,SL,-8.54,-8.54,0.22,,,2026-03-14 17:30:54,
165,,paper,levburn_sec_aggressive,COS_USDT,long,7.0,46554.934823091244,0.002148,2026-03-15T02:45:37.606574,0.0021265200000000002,2026-03-15T02:54:41.221916,0.0022124400000000004,0.0021265200000000002,,closed,SL,-8.54,-8.54,0.22,,,2026-03-14 17:45:37,
166,,paper,levburn_sec_aggressive_lev1,COS_USDT,long,1.0,46554.934823091244,0.002148,2026-03-15T02:45:38.626371,0.0021265200000000002,2026-03-15T02:54:41.232703,0.0022124400000000004,0.0021265200000000002,,closed,SL,-1.22,-1.22,0.22,,,2026-03-14 17:45:38,
167,,paper,levburn_sec_aggressive_lev3,COS_USDT,long,3.0,46554.934823091244,0.002148,2026-03-15T02:45:39.096900,0.0021265200000000002,2026-03-15T02:54:41.244309,0.0022124400000000004,0.0021265200000000002,,closed,SL,-3.66,-3.66,0.22,,,2026-03-14 17:45:39,
168,,paper,levburn_sec_aggressive,RESOLV_USDT,long,7.0,1368.9253935660506,0.07305,2026-03-15T02:55:10.951228,0.07231950000000001,2026-03-15T03:18:16.032416,0.0752415,0.07231950000000001,,closed,SL,-8.54,-8.54,0.22,,,2026-03-14 17:55:10,
169,,paper,levburn_sec_aggressive_lev1,RESOLV_USDT,long,1.0,1368.9253935660506,0.07305,2026-03-15T02:55:11.949756,0.07231950000000001,2026-03-15T03:18:16.041723,0.0752415,0.07231950000000001,,closed,SL,-1.22,-1.22,0.22,,,2026-03-14 17:55:11,
170,,paper,levburn_sec_aggressive_lev3,RESOLV_USDT,long,3.0,1368.9253935660506,0.07305,2026-03-15T02:55:12.419188,0.07231950000000001,2026-03-15T03:18:16.050887,0.0752415,0.07231950000000001,,closed,SL,-3.66,-3.66,0.22,,,2026-03-14 17:55:12,
171,,paper,levburn_sec_aggressive,COS_USDT,long,7.0,47892.72030651341,0.002088,2026-03-15T02:55:37.932423,0.00206712,2026-03-15T03:01:55.488454,0.00215064,0.00206712,,closed,SL,-8.54,-8.54,0.22,,,2026-03-14 17:55:37,
172,,paper,levburn_sec_aggressive_lev1,COS_USDT,long,1.0,47892.72030651341,0.002088,2026-03-15T02:55:43.423268,0.00206712,2026-03-15T03:01:55.500241,0.00215064,0.00206712,,closed,SL,-1.22,-1.22,0.22,,,2026-03-14 17:55:43,
173,,paper,levburn_sec_aggressive_lev3,COS_USDT,long,3.0,48309.178743961354,0.00207,2026-03-15T02:57:39.738158,0.0020492999999999996,2026-03-15T03:15:55.144455,0.0021321,0.0020492999999999996,,closed,SL,-3.66,-3.66,0.22,,,2026-03-14 17:57:39,
174,,paper,levburn_sec_scalp_micro,COS_USDT,long,20.0,49091.801669121254,0.002037,2026-03-15T03:00:01.068415,0.002047185,2026-03-15T03:01:55.511194,0.002047185,0.002032926,,closed,TP,5.6,5.6,0.22,,,2026-03-14 18:00:01,
175,,paper,levburn_sec_aggressive,COS_USDT,long,7.0,48192.77108433735,0.002075,2026-03-15T03:04:42.705851,0.00205425,2026-03-15T03:15:55.153495,0.0021372500000000003,0.00205425,,closed,SL,-8.54,-8.54,0.22,,,2026-03-14 18:04:42,
176,,paper,levburn_sec_aggressive_lev1,COS_USDT,long,1.0,48192.77108433735,0.002075,2026-03-15T03:04:43.689698,0.00205425,2026-03-15T03:15:55.163401,0.0021372500000000003,0.00205425,,closed,SL,-1.22,-1.22,0.22,,,2026-03-14 18:04:43,
177,,paper,levburn_sec_aggressive,COS_USDT,long,7.0,51813.47150259067,0.00193,2026-03-15T03:16:55.770089,0.0019879000000000003,2026-03-15T03:21:48.765321,0.0019879000000000003,0.0019107,,closed,TP,19.46,19.46,0.22,,,2026-03-14 18:16:55,
178,,paper,levburn_sec,COS_USDT,long,10.0,104004.16016640665,0.001923,2026-03-15T03:17:21.845115,0.0019518449999999998,2026-03-15T03:21:48.775358,0.0019518449999999998,0.001913385,,closed,TP,12.8,25.6,0.44,,,2026-03-14 18:17:21,
179,,paper,levburn_sec_aggressive_lev1,COS_USDT,long,1.0,51282.05128205128,0.00195,2026-03-15T03:17:22.834449,0.0019305,2026-03-15T03:18:16.061445,0.0020085,0.0019305,,closed,SL,-1.22,-1.22,0.22,,,2026-03-14 18:17:22,
180,,paper,levburn_sec_fr_extreme_lev1,COS_USDT,long,1.0,153846.15384615384,0.00195,2026-03-15T03:17:23.336238,0.0019344,2026-03-15T03:18:16.072525,0.001989,0.0019344,,closed,SL,-1.02,-3.06,0.66,,,2026-03-14 18:17:23,
181,,paper,levburn_sec_scalp_micro,COS_USDT,long,20.0,51361.06831022086,0.001947,2026-03-15T03:17:28.819231,0.001943106,2026-03-15T03:18:16.081750,0.001956735,0.001943106,,closed,SL,-8.4,-8.4,0.22,,,2026-03-14 18:17:28,
182,,paper,levburn_sec_aggressive_lev3,COS_USDT,long,3.0,51020.40816326531,0.00196,2026-03-15T03:17:49.853208,0.0019404,2026-03-15T03:18:16.091361,0.0020188,0.0019404,,closed,SL,-3.66,-3.66,0.22,,,2026-03-14 18:17:49,
183,,paper,levburn_sec_aggressive_lev1,COS_USDT,long,1.0,50505.05050505051,0.00198,2026-03-15T03:19:36.354696,0.0020394000000000002,2026-03-15T03:44:05.078750,0.0020394000000000002,0.0019602,,closed,TP,2.78,2.78,0.22,,,2026-03-14 18:19:36,
184,,paper,levburn_sec_aggressive,COS_USDT,long,7.0,49875.31172069826,0.002005,2026-03-15T03:24:13.248895,0.0019849499999999996,2026-03-15T03:36:55.513368,0.00206515,0.0019849499999999996,,closed,SL,-8.54,-8.54,0.22,,,2026-03-14 18:24:13,
185,,paper,levburn_sec_aggressive_lev3,COS_USDT,long,3.0,49875.31172069826,0.002005,2026-03-15T03:24:14.228180,0.0019849499999999996,2026-03-15T03:36:55.522035,0.00206515,0.0019849499999999996,,closed,SL,-3.66,-3.66,0.22,,,2026-03-14 18:24:14,
186,,paper,levburn_sec_scalp_micro_lev3,COS_USDT,long,3.0,49875.31172069826,0.002005,2026-03-15T03:24:14.719705,0.00200099,2026-03-15T03:25:13.929018,0.0020150249999999997,0.00200099,,closed,SL,-1.26,-1.26,0.22,,,2026-03-14 18:24:14,
187,,paper,levburn_sec_scalp_micro,COS_USDT,long,20.0,49504.9504950495,0.00202,2026-03-15T03:33:06.542706,0.0020159600000000002,2026-03-15T03:34:28.318078,0.0020301,0.0020159600000000002,,closed,SL,-8.4,-8.4,0.22,,,2026-03-14 18:33:06,
188,,paper,levburn_sec_scalp_micro_lev1,COS_USDT,long,1.0,49504.9504950495,0.00202,2026-03-15T03:33:07.531497,0.0020159600000000002,2026-03-15T03:34:28.328077,0.0020301,0.0020159600000000002,,closed,SL,-0.42,-0.42,0.22,,,2026-03-14 18:33:07,
189,,paper,levburn_sec_scalp_micro_lev3,COS_USDT,long,3.0,49285.36224741252,0.002029,2026-03-15T03:33:18.020804,0.002024942,2026-03-15T03:34:28.337687,0.0020391449999999996,0.002024942,,closed,SL,-1.26,-1.26,0.22,,,2026-03-14 18:33:18,
190,,paper,levburn_sec_scalp_micro,COS_USDT,long,20.0,50050.05005005004,0.001998,2026-03-15T03:35:54.329001,0.001994004,2026-03-15T03:36:55.531000,0.00200799,0.001994004,,closed,SL,-8.4,-8.4,0.22,,,2026-03-14 18:35:54,
191,,paper,levburn_sec_aggressive,COS_USDT,long,7.0,48947.62604013705,0.002043,2026-03-15T03:41:21.221762,0.00202257,2026-03-15T03:41:43.347999,0.00210429,0.00202257,,closed,SL,-8.54,-8.54,0.22,,,2026-03-14 18:41:21,
192,,paper,levburn_sec_aggressive_lev3,COS_USDT,long,3.0,48947.62604013705,0.002043,2026-03-15T03:41:22.218876,0.00202257,2026-03-15T03:41:43.357501,0.00210429,0.00202257,,closed,SL,-3.66,-3.66,0.22,,,2026-03-14 18:41:22,
193,,paper,levburn_sec_fr_extreme_lev3,COS_USDT,long,3.0,146842.87812041116,0.002043,2026-03-15T03:41:22.669399,0.002026656,2026-03-15T03:41:43.368015,0.0020838600000000003,0.002026656,,closed,SL,-3.06,-9.18,0.66,,,2026-03-14 18:41:22,
194,,paper,levburn_sec_aggressive,RESOLV_USDT,long,7.0,1393.5340022296543,0.07176,2026-03-15T03:41:28.179771,0.0710424,2026-03-15T04:55:33.425472,0.0739128,0.0710424,,closed,SL,-8.54,-8.54,0.22,,,2026-03-14 18:41:28,
195,,paper,levburn_sec,COS_USDT,long,10.0,97087.37864077669,0.00206,2026-03-15T03:41:49.273340,0.0020497000000000002,2026-03-15T03:50:10.774861,0.0020909,0.0020497000000000002,,closed,SL,-7.2,-14.4,0.44,,,2026-03-14 18:41:49,
196,,paper,levburn_sec_aggressive,COS_USDT,long,7.0,49975.01249375312,0.002001,2026-03-15T03:52:31.122343,0.00198099,2026-03-15T04:32:39.822910,0.00206103,0.00198099,,closed,SL,-8.54,-8.54,0.22,,,2026-03-14 18:52:31,
197,,paper,levburn_sec_aggressive_lev1,COS_USDT,long,1.0,49751.24378109453,0.00201,2026-03-15T03:52:32.094182,0.0019899,2026-03-15T04:32:39.834010,0.0020703,0.0019899,,closed,SL,-1.22,-1.22,0.22,,,2026-03-14 18:52:32,
198,,paper,levburn_sec_fr_extreme_lev1,COS_USDT,long,1.0,149253.73134328358,0.00201,2026-03-15T03:52:32.562368,0.00199392,2026-03-15T04:06:25.832158,0.0020502000000000003,0.00199392,,closed,SL,-1.02,-3.06,0.66,,,2026-03-14 18:52:32,
199,,paper,levburn_sec_aggressive_lev3,COS_USDT,long,3.0,49701.78926441352,0.002012,2026-03-15T03:52:53.078456,0.0019918799999999997,2026-03-15T04:32:39.845413,0.00207236,0.0019918799999999997,,closed,SL,-3.66,-3.66,0.22,,,2026-03-14 18:52:53,
200,,paper,levburn_sec,COS_USDT,long,10.0,98619.32938856016,0.002028,2026-03-15T04:11:16.648574,0.00201786,2026-03-15T04:16:46.735720,0.0020584199999999996,0.00201786,,closed,SL,-7.2,-14.4,0.44,,,2026-03-14 19:11:16,
201,,paper,levburn_sec_fr_extreme,COS_USDT,long,10.0,147928.99408284025,0.002028,2026-03-15T04:11:17.688019,0.002011776,2026-03-15T04:20:34.421724,0.00206856,0.002011776,,closed,SL,-10.2,-30.6,0.66,,,2026-03-14 19:11:17,
202,,paper,levburn_sec_lev1,COS_USDT,long,1.0,98619.32938856016,0.002028,2026-03-15T04:11:18.162703,0.00201786,2026-03-15T04:16:46.747385,0.0020584199999999996,0.00201786,,closed,SL,-0.72,-1.44,0.44,,,2026-03-14 19:11:18,
203,,paper,levburn_sec_fr_extreme_lev1,COS_USDT,long,1.0,147928.99408284025,0.002028,2026-03-15T04:11:18.629296,0.002011776,2026-03-15T04:20:34.433082,0.00206856,0.002011776,,closed,SL,-1.02,-3.06,0.66,,,2026-03-14 19:11:18,
204,,paper,levburn_sec_aggressive,COS_USDT,long,7.0,49975.01249375312,0.002001,2026-03-15T04:33:52.262239,0.00206103,2026-03-15T04:55:33.434018,0.00206103,0.00198099,,closed,TP,19.46,19.46,0.22,,,2026-03-14 19:33:52,
205,,paper,levburn_sec_aggressive_lev1,COS_USDT,long,1.0,49603.1746031746,0.002016,2026-03-15T04:34:38.314621,0.00207648,2026-03-15T04:55:33.443491,0.00207648,0.00199584,,closed,TP,2.78,2.78,0.22,,,2026-03-14 19:34:38,
206,,paper,levburn_sec_aggressive_lev3,COS_USDT,long,3.0,49751.24378109453,0.00201,2026-03-15T04:36:09.528646,0.0020703,2026-03-15T04:55:33.452591,0.0020703,0.0019899,,closed,TP,8.34,8.34,0.22,,,2026-03-14 19:36:09,
207,,paper,levburn_sec,RESOLV_USDT,long,10.0,2806.6236317709795,0.07126,2026-03-15T04:47:07.526784,0.0709037,2026-03-15T04:55:33.462299,0.0723289,0.0709037,,closed,SL,-7.2,-14.4,0.44,,,2026-03-14 19:47:07,
208,,paper,levburn_sec_fr_extreme,RESOLV_USDT,long,10.0,4209.9354476564695,0.07126,2026-03-15T04:47:08.527339,0.07068992,2026-03-15T05:01:59.712835,0.0726852,0.07068992,,closed,SL,-10.2,-30.6,0.66,,,2026-03-14 19:47:08,
209,,paper,levburn_sec_aggressive_lev1,RESOLV_USDT,long,1.0,1403.3118158854898,0.07126,2026-03-15T04:47:08.987250,0.07054740000000001,2026-03-15T05:04:38.029116,0.0733978,0.07054740000000001,,closed,SL,-1.22,-1.22,0.22,,,2026-03-14 19:47:08,
210,,paper,levburn_sec_aggressive_lev3,RESOLV_USDT,long,3.0,1403.3118158854898,0.07126,2026-03-15T04:47:09.448287,0.07054740000000001,2026-03-15T05:04:38.038195,0.0733978,0.07054740000000001,,closed,SL,-3.66,-3.66,0.22,,,2026-03-14 19:47:09,
211,,paper,levburn_sec_fr_extreme_lev3,RESOLV_USDT,long,3.0,4209.9354476564695,0.07126,2026-03-15T04:47:09.911035,0.07068992,2026-03-15T05:01:59.721382,0.0726852,0.07068992,,closed,SL,-3.06,-9.18,0.66,,,2026-03-14 19:47:09,
212,,paper,levburn_sec,COS_USDT,long,10.0,98039.2156862745,0.00204,2026-03-15T04:51:56.375043,0.0020706,2026-03-15T04:55:33.474720,0.0020706,0.0020298,,closed,TP,12.8,25.6,0.44,,,2026-03-14 19:51:56,
213,,paper,levburn_sec_fr_extreme,COS_USDT,long,10.0,145985.401459854,0.002055,2026-03-15T04:52:32.484827,0.00203856,2026-03-15T05:16:07.056584,0.0020961,0.00203856,,closed,SL,-10.2,-30.6,0.66,,,2026-03-14 19:52:32,
214,,paper,levburn_sec_aggressive,COS_USDT,long,7.0,49261.08374384236,0.00203,2026-03-15T05:05:00.523665,0.0020097,2026-03-15T05:18:48.520160,0.0020909,0.0020097,,closed,SL,-8.54,-8.54,0.22,,,2026-03-14 20:05:00,
215,,paper,levburn_sec_aggressive_lev1,COS_USDT,long,1.0,48899.7555012225,0.002045,2026-03-15T05:05:36.681107,0.00202455,2026-03-15T05:16:07.067461,0.00210635,0.00202455,,closed,SL,-1.22,-1.22,0.22,,,2026-03-14 20:05:36,
216,,paper,levburn_sec_aggressive_lev3,COS_USDT,long,3.0,48638.13229571984,0.002056,2026-03-15T05:05:42.673427,0.00203544,2026-03-15T05:16:07.076645,0.0021176800000000003,0.00203544,,closed,SL,-3.66,-3.66,0.22,,,2026-03-14 20:05:42,
217,,paper,levburn_sec_aggressive_lev1,COS_USDT,long,1.0,50479.55577990913,0.001981,2026-03-15T05:18:10.423843,0.0019611900000000002,2026-03-15T05:40:37.930657,0.00204043,0.0019611900000000002,,closed,SL,-1.22,-1.22,0.22,,,2026-03-14 20:18:10,
218,,paper,levburn_sec_aggressive,COS_USDT,long,7.0,50000.0,0.002,2026-03-15T05:23:37.078746,0.00198,2026-03-15T05:40:37.940712,0.00206,0.00198,,closed,SL,-8.54,-8.54,0.22,,,2026-03-14 20:23:37,
219,,paper,levburn_sec_aggressive_lev3,COS_USDT,long,3.0,50251.25628140703,0.00199,2026-03-15T05:24:23.215534,0.0019701,2026-03-15T05:40:37.953067,0.0020497000000000002,0.0019701,,closed,SL,-3.66,-3.66,0.22,,,2026-03-14 20:24:23,
220,,paper,levburn_sec_aggressive,COS_USDT,long,7.0,51046.452271567134,0.001959,2026-03-15T05:43:43.490239,0.00201777,2026-03-15T05:55:25.275677,0.00201777,0.0019394099999999997,,closed,TP,19.46,19.46,0.22,,,2026-03-14 20:43:43,
221,,paper,levburn_sec_aggressive_lev1,COS_USDT,long,1.0,51255.76627370579,0.001951,2026-03-15T05:45:54.843146,0.0020095300000000003,2026-03-15T05:52:41.073158,0.0020095300000000003,0.0019314900000000001,,closed,TP,2.78,2.78,0.22,,,2026-03-14 20:45:54,
222,,paper,levburn_sec_aggressive_lev3,COS_USDT,long,3.0,51072.52298263534,0.001958,2026-03-15T05:45:55.859927,0.0020167400000000004,2026-03-15T05:55:25.285826,0.0020167400000000004,0.0019384200000000002,,closed,TP,8.34,8.34,0.22,,,2026-03-14 20:45:55,
223,,paper,levburn_sec_aggressive_lev1,COS_USDT,long,1.0,49504.9504950495,0.00202,2026-03-15T05:54:17.630365,0.0019998,2026-03-15T06:27:21.371304,0.0020806,0.0019998,,closed,SL,-1.22,-1.22,0.22,,,2026-03-14 20:54:17,
224,,paper,levburn_sec_aggressive,COS_USDT,long,7.0,49236.82914820286,0.002031,2026-03-15T05:57:03.894627,0.00201069,2026-03-15T06:16:46.459132,0.0020919299999999997,0.00201069,,closed,SL,-8.54,-8.54,0.22,,,2026-03-14 20:57:03,
225,,paper,levburn_sec_aggressive_lev3,COS_USDT,long,3.0,49236.82914820286,0.002031,2026-03-15T05:57:04.921523,0.00201069,2026-03-15T06:16:46.479338,0.0020919299999999997,0.00201069,,closed,SL,-3.66,-3.66,0.22,,,2026-03-14 20:57:04,
226,,paper,levburn_sec_scalp_micro,COS_USDT,long,20.0,49603.1746031746,0.002016,2026-03-15T06:16:12.673352,0.002011968,2026-03-15T06:16:46.499973,0.00202608,0.002011968,,closed,SL,-8.4,-8.4,0.22,,,2026-03-14 21:16:12,
227,,paper,levburn_sec_aggressive,COS_USDT,long,7.0,49504.9504950495,0.00202,2026-03-15T06:17:23.847990,0.0019998,2026-03-15T06:27:21.380838,0.0020806,0.0019998,,closed,SL,-8.54,-8.54,0.22,,,2026-03-14 21:17:23,
228,,paper,levburn_sec_aggressive_lev3,COS_USDT,long,3.0,49115.91355599214,0.002036,2026-03-15T06:18:09.971449,0.00201564,2026-03-15T06:24:27.020575,0.0020970800000000003,0.00201564,,closed,SL,-3.66,-3.66,0.22,,,2026-03-14 21:18:09,
229,,paper,levburn_sec_aggressive,COS_USDT,long,7.0,50505.05050505051,0.00198,2026-03-15T06:31:12.804949,0.0020394000000000002,2026-03-15T07:07:18.785983,0.0020394000000000002,0.0019602,,closed,TP,19.46,19.46,0.22,,,2026-03-14 21:31:12,
230,,paper,levburn_sec_aggressive_lev1,COS_USDT,long,1.0,50505.05050505051,0.00198,2026-03-15T06:31:13.807830,0.0020394000000000002,2026-03-15T07:07:18.796359,0.0020394000000000002,0.0019602,,closed,TP,2.78,2.78,0.22,,,2026-03-14 21:31:13,
231,,paper,levburn_sec_aggressive_lev3,COS_USDT,long,3.0,50505.05050505051,0.00198,2026-03-15T06:31:14.278326,0.0020394000000000002,2026-03-15T07:07:18.806215,0.0020394000000000002,0.0019602,,closed,TP,8.34,8.34,0.22,,,2026-03-14 21:31:14,
232,,paper,levburn_sec,COS_USDT,long,10.0,87757.7885037297,0.002279,2026-03-15T07:04:40.375112,0.0022676050000000002,2026-03-15T07:07:18.817421,0.002313185,0.0022676050000000002,,closed,SL,-7.2,-14.4,0.44,,,2026-03-14 22:04:40,
233,,paper,levburn_sec_aggressive,RESOLV_USDT,long,7.0,1446.7592592592594,0.06912,2026-03-15T07:05:21.470604,0.0684288,2026-03-15T07:23:09.299104,0.07119360000000001,0.0684288,,closed,SL,-8.54,-8.54,0.22,,,2026-03-14 22:05:21,
234,,paper,levburn_sec_aggressive,COS_USDT,long,7.0,46446.818392940084,0.002153,2026-03-15T07:08:02.759102,0.00213147,2026-03-15T07:10:01.145479,0.00221759,0.00213147,,closed,SL,-8.54,-8.54,0.22,,,2026-03-14 22:08:02,
235,,paper,levburn_sec_aggressive_lev1,COS_USDT,long,1.0,46533.27128897162,0.002149,2026-03-15T07:09:18.919950,0.00221347,2026-03-15T07:45:24.637062,0.00221347,0.00212751,,closed,TP,2.78,2.78,0.22,,,2026-03-14 22:09:18,
236,,paper,levburn_sec_aggressive_lev3,COS_USDT,long,3.0,46533.27128897162,0.002149,2026-03-15T07:09:19.916934,0.00221347,2026-03-15T07:45:24.647609,0.00221347,0.00212751,,closed,TP,8.34,8.34,0.22,,,2026-03-14 22:09:19,
237,,paper,levburn_sec_aggressive,COS_USDT,long,7.0,46360.686138154844,0.002157,2026-03-15T07:11:00.557814,0.00222171,2026-03-15T07:45:24.658368,0.00222171,0.0021354300000000002,,closed,TP,19.46,19.46,0.22,,,2026-03-14 22:11:00,
238,,paper,levburn_sec,COS_USDT,long,10.0,92165.89861751151,0.00217,2026-03-15T07:11:46.745281,0.00215915,2026-03-15T07:23:09.311509,0.0022025499999999997,0.00215915,,closed,SL,-7.2,-14.4,0.44,,,2026-03-14 22:11:46,
239,,paper,levburn_sec_scalp_micro,COS_USDT,long,20.0,46620.04662004662,0.002145,2026-03-15T07:23:24.070910,0.002155725,2026-03-15T07:26:47.484333,0.002155725,0.00214071,,closed,TP,5.6,5.6,0.22,,,2026-03-14 22:23:24,
240,,paper,levburn_sec_fr_extreme,COS_USDT,long,10.0,139860.13986013984,0.002145,2026-03-15T07:23:25.092287,0.0021879000000000004,2026-03-15T07:41:38.108161,0.0021879000000000004,0.00212784,,closed,TP,17.8,53.4,0.66,,,2026-03-14 22:23:25,
241,,paper,levburn_sec_scalp_micro,COS_USDT,long,20.0,45850.527281063725,0.002181,2026-03-15T07:28:36.290223,0.0021766380000000003,2026-03-15T07:35:09.627212,0.002191905,0.0021766380000000003,,closed,SL,-8.4,-8.4,0.22,,,2026-03-14 22:28:36,
242,,paper,levburn_sec,COS_USDT,long,10.0,91659.02841429881,0.002182,2026-03-15T07:32:17.854970,0.00221473,2026-03-15T07:45:24.667548,0.00221473,0.00217109,,closed,TP,12.8,25.6,0.44,,,2026-03-14 22:32:17,
243,,paper,levburn_sec_lev1,COS_USDT,long,1.0,91659.02841429881,0.002182,2026-03-15T07:32:18.857726,0.00221473,2026-03-15T07:45:24.677528,0.00221473,0.00217109,,closed,TP,1.28,2.56,0.44,,,2026-03-14 22:32:18,
244,,paper,levburn_sec_fr_extreme_lev1,COS_USDT,long,1.0,137488.54262144823,0.002182,2026-03-15T07:32:19.314395,0.00222564,2026-03-15T07:45:24.688780,0.00222564,0.002164544,,closed,TP,1.78,5.34,0.66,,,2026-03-14 22:32:19,
245,,paper,levburn_sec_lev3,COS_USDT,long,3.0,91659.02841429881,0.002182,2026-03-15T07:32:19.778073,0.00221473,2026-03-15T07:45:24.699204,0.00221473,0.00217109,,closed,TP,3.84,7.68,0.44,,,2026-03-14 22:32:19,
246,,paper,levburn_sec_fr_extreme_lev3,COS_USDT,long,3.0,137488.54262144823,0.002182,2026-03-15T07:32:20.247017,0.00222564,2026-03-15T07:45:24.709264,0.00222564,0.002164544,,closed,TP,5.34,16.02,0.66,,,2026-03-14 22:32:20,
247,,paper,levburn_sec_scalp_micro,COS_USDT,long,20.0,44843.04932735425,0.00223,2026-03-15T07:42:32.158352,0.00224115,2026-03-15T07:45:24.719097,0.00224115,0.0022255400000000002,,closed,TP,5.6,5.6,0.22,,,2026-03-14 22:42:32,
248,,paper,levburn_sec_fr_extreme,COS_USDT,long,10.0,133928.57142857145,0.00224,2026-03-15T07:42:43.162165,0.0022848,2026-03-15T07:48:27.339831,0.0022848,0.00222208,,closed,TP,17.8,53.4,0.66,,,2026-03-14 22:42:43,
249,,paper,levburn_sec,COS_USDT,long,10.0,89047.19501335708,0.002246,2026-03-15T07:45:45.136165,0.00227969,2026-03-15T07:48:27.353447,0.00227969,0.00223477,,closed,TP,12.8,25.6,0.44,,,2026-03-14 22:45:45,
250,,paper,levburn_sec_aggressive,COS_USDT,long,7.0,44247.787610619474,0.00226,2026-03-15T07:45:46.613163,0.0022373999999999996,2026-03-15T08:13:34.369701,0.0023278,0.0022373999999999996,,closed,SL,-8.54,-8.54,0.22,,,2026-03-14 22:45:46,
251,,paper,levburn_sec_aggressive_lev1,COS_USDT,long,1.0,44247.787610619474,0.00226,2026-03-15T07:45:47.376769,0.0022373999999999996,2026-03-15T08:13:34.389877,0.0023278,0.0022373999999999996,,closed,SL,-1.22,-1.22,0.22,,,2026-03-14 22:45:47,
252,,paper,levburn_sec_aggressive_lev3,COS_USDT,long,3.0,43936.731107205625,0.002276,2026-03-15T07:45:48.449849,0.0022532399999999997,2026-03-15T08:01:17.479963,0.00234428,0.0022532399999999997,,closed,SL,-3.66,-3.66,0.22,,,2026-03-14 22:45:48,
253,,paper,levburn_sec_scalp_micro,COS_USDT,long,20.0,43440.48653344918,0.002302,2026-03-15T07:55:20.623928,0.0022973959999999997,2026-03-15T07:57:33.544354,0.0023135099999999995,0.0022973959999999997,,closed,SL,-8.4,-8.4,0.22,,,2026-03-14 22:55:20,
254,,paper,levburn_sec_aggressive_lev3,COS_USDT,long,3.0,44483.985765124555,0.002248,2026-03-15T08:03:53.183505,0.00222552,2026-03-15T08:16:24.866087,0.00231544,0.00222552,,closed,SL,-3.66,-3.66,0.22,,,2026-03-14 23:03:53,
255,,paper,levburn_sec,COS_USDT,long,10.0,87489.06386701662,0.002286,2026-03-15T08:05:04.525270,0.0022745699999999996,2026-03-15T08:05:09.208742,0.0023202899999999996,0.0022745699999999996,,closed,SL,-7.2,-14.4,0.44,,,2026-03-14 23:05:04,
256,,paper,levburn_sec_fr_extreme,COS_USDT,long,10.0,130548.30287206266,0.002298,2026-03-15T08:05:05.493719,0.002279616,2026-03-15T08:05:09.221007,0.00234396,0.002279616,,closed,SL,-10.2,-30.6,0.66,,,2026-03-14 23:05:05,
257,,paper,levburn_sec_lev1,COS_USDT,long,1.0,85726.53236176596,0.002333,2026-03-15T08:05:15.984544,0.002321335,2026-03-15T08:07:55.339216,0.002367995,0.002321335,,closed,SL,-0.72,-1.44,0.44,,,2026-03-14 23:05:15,
258,,paper,levburn_sec_fr_extreme_lev1,COS_USDT,long,1.0,129421.91544434856,0.002318,2026-03-15T08:05:17.006690,0.002299456,2026-03-15T08:07:55.351579,0.0023643600000000002,0.002299456,,closed,SL,-1.02,-3.06,0.66,,,2026-03-14 23:05:17,
259,,paper,levburn_sec_lev3,COS_USDT,long,3.0,86281.27696289905,0.002318,2026-03-15T08:05:17.473496,0.00230641,2026-03-15T08:07:55.363003,0.00235277,0.00230641,,closed,SL,-2.16,-4.32,0.44,,,2026-03-14 23:05:17,
260,,paper,levburn_sec_fr_extreme_lev3,COS_USDT,long,3.0,129421.91544434856,0.002318,2026-03-15T08:05:17.937037,0.002299456,2026-03-15T08:07:55.373089,0.0023643600000000002,0.002299456,,closed,SL,-3.06,-9.18,0.66,,,2026-03-14 23:05:17,
261,,paper,levburn_sec_scalp_micro,COS_USDT,long,20.0,44503.78282153983,0.002247,2026-03-15T08:11:09.127066,0.002242506,2026-03-15T08:13:34.404404,0.0022582349999999995,0.002242506,,closed,SL,-8.4,-8.4,0.22,,,2026-03-14 23:11:09,
262,,paper,levburn_sec_aggressive,COS_USDT,long,7.0,44943.8202247191,0.002225,2026-03-15T08:14:05.798870,0.00220275,2026-03-15T08:19:11.954171,0.00229175,0.00220275,,closed,SL,-8.54,-8.54,0.22,,,2026-03-14 23:14:05,
263,,paper,levburn_sec_aggressive_lev1,COS_USDT,long,1.0,45392.64639128461,0.002203,2026-03-15T08:16:52.279867,0.00226909,2026-03-15T09:25:37.347057,0.00226909,0.00218097,,closed,TP,2.78,2.78,0.22,,,2026-03-14 23:16:52,
264,,paper,levburn_sec_aggressive_lev3,COS_USDT,long,3.0,45392.64639128461,0.002203,2026-03-15T08:16:53.268952,0.00226909,2026-03-15T09:25:37.362612,0.00226909,0.00218097,,closed,TP,8.34,8.34,0.22,,,2026-03-14 23:16:53,
265,,paper,levburn_sec_aggressive,COS_USDT,long,7.0,45167.11833785005,0.002214,2026-03-15T08:22:09.498003,0.00219186,2026-03-15T09:08:50.316251,0.00228042,0.00219186,,closed,SL,-8.54,-8.54,0.22,,,2026-03-14 23:22:09,
266,,paper,levburn_sec,COS_USDT,long,10.0,90702.94784580499,0.002205,2026-03-15T08:56:16.257958,0.002193975,2026-03-15T09:08:50.342675,0.0022380749999999995,0.002193975,,closed,SL,-7.2,-14.4,0.44,,,2026-03-14 23:56:16,
267,,paper,levburn_sec_aggressive,RESOLV_USDT,long,7.0,1453.699665649077,0.06879,2026-03-15T09:09:19.390854,0.0681021,2026-03-15T13:49:52.247068,0.0708537,0.0681021,,closed,SL,-8.54,-8.54,0.22,,,2026-03-15 00:09:19,
268,,paper,levburn_sec_aggressive_lev1,RESOLV_USDT,long,1.0,1453.699665649077,0.06879,2026-03-15T09:09:20.423650,0.0681021,2026-03-15T13:49:52.257074,0.0708537,0.0681021,,closed,SL,-1.22,-1.22,0.22,,,2026-03-15 00:09:20,
269,,paper,levburn_sec_aggressive_lev3,RESOLV_USDT,long,3.0,1453.699665649077,0.06879,2026-03-15T09:09:20.899829,0.0681021,2026-03-15T13:49:52.268334,0.0708537,0.0681021,,closed,SL,-3.66,-3.66,0.22,,,2026-03-15 00:09:20,
270,,paper,levburn_sec,COS_USDT,long,10.0,91282.51939753538,0.002191,2026-03-15T09:09:26.431958,0.0022238649999999998,2026-03-15T09:14:29.745270,0.0022238649999999998,0.002180045,,closed,TP,12.8,25.6,0.44,,,2026-03-15 00:09:26,
271,,paper,levburn_sec_aggressive,COS_USDT,long,7.0,45024.763619991,0.002221,2026-03-15T09:10:17.600219,0.00219879,2026-03-15T13:49:52.278837,0.00228763,0.00219879,,closed,SL,-8.54,-8.54,0.22,,,2026-03-15 00:10:17,
272,,paper,levburn_sec_scalp_micro,RESOLV_USDT,long,20.0,1428.1633818908883,0.07002,2026-03-15T09:17:24.971911,0.06987996,2026-03-15T09:22:50.109236,0.07037009999999999,0.06987996,,closed,SL,-8.4,-8.4,0.22,,,2026-03-15 00:17:24,
273,,paper,levburn_sec,COS_USDT,long,10.0,88534.74988933155,0.002259,2026-03-15T09:18:26.138550,0.002247705,2026-03-15T09:20:05.213867,0.002292885,0.002247705,,closed,SL,-7.2,-14.4,0.44,,,2026-03-15 00:18:26,
274,,paper,levburn_sec_fr_extreme,COS_USDT,long,10.0,132802.12483399734,0.002259,2026-03-15T09:18:27.107687,0.002240928,2026-03-15T09:20:05.229453,0.0023041800000000003,0.002240928,,closed,SL,-10.2,-30.6,0.66,,,2026-03-15 00:18:27,
275,,paper,levburn_sec_lev1,COS_USDT,long,1.0,88105.7268722467,0.00227,2026-03-15T09:18:27.569377,0.00225865,2026-03-15T09:20:05.244830,0.0023040499999999998,0.00225865,,closed,SL,-0.72,-1.44,0.44,,,2026-03-15 00:18:27,
276,,paper,levburn_sec_fr_extreme_lev1,COS_USDT,long,1.0,132158.59030837004,0.00227,2026-03-15T09:18:28.087356,0.0022518399999999997,2026-03-15T09:20:05.259808,0.0023154,0.0022518399999999997,,closed,SL,-1.02,-3.06,0.66,,,2026-03-15 00:18:28,
277,,paper,levburn_sec_scalp_micro,COS_USDT,long,20.0,44267.374944665775,0.002259,2026-03-15T09:21:14.146105,0.0022544820000000004,2026-03-15T09:22:50.121717,0.002270295,0.0022544820000000004,,closed,SL,-8.4,-8.4,0.22,,,2026-03-15 00:21:14,
278,,paper,levburn_sec_scalp_micro_lev1,RESOLV_USDT,long,1.0,1426.1266400456361,0.07012,2026-03-15T09:22:00.790449,0.06997976,2026-03-15T09:22:50.145735,0.0704706,0.06997976,,closed,SL,-0.42,-0.42,0.22,,,2026-03-15 00:22:00,
279,,paper,levburn_sec,COS_USDT,long,10.0,88928.4126278346,0.002249,2026-03-15T09:22:11.800800,0.002237755,2026-03-15T09:28:16.743541,0.0022827349999999997,0.002237755,,closed,SL,-7.2,-14.4,0.44,,,2026-03-15 00:22:11,
280,,paper,levburn_sec_aggressive_lev1,COS_USDT,long,1.0,44642.857142857145,0.00224,2026-03-15T09:29:14.379297,0.0022175999999999997,2026-03-15T13:49:52.298246,0.0023071999999999997,0.0022175999999999997,,closed,SL,-1.22,-1.22,0.22,,,2026-03-15 00:29:14,
281,,paper,levburn_sec_aggressive_lev3,COS_USDT,long,3.0,44642.857142857145,0.00224,2026-03-15T09:29:15.355158,0.0022175999999999997,2026-03-15T13:49:52.308271,0.0023071999999999997,0.0022175999999999997,,closed,SL,-3.66,-3.66,0.22,,,2026-03-15 00:29:15,
282,,paper,levburn_sec_aggressive,TOWNS_USDT,long,7.0,23218.017181332714,0.004307,2026-03-15T13:57:49.090214,0.00426393,2026-03-15T13:59:45.424769,0.00443621,0.00426393,,closed,SL,-8.54,-8.54,0.22,,,2026-03-15 04:57:49,
283,,paper,levburn_sec_aggressive_lev1,TOWNS_USDT,long,1.0,23218.017181332714,0.004307,2026-03-15T13:57:50.069779,0.00426393,2026-03-15T13:59:45.436692,0.00443621,0.00426393,,closed,SL,-1.22,-1.22,0.22,,,2026-03-15 04:57:50,
284,,paper,levburn_sec_aggressive_lev3,TOWNS_USDT,long,3.0,23218.017181332714,0.004307,2026-03-15T13:57:50.531459,0.00426393,2026-03-15T13:59:45.446410,0.00443621,0.00426393,,closed,SL,-3.66,-3.66,0.22,,,2026-03-15 04:57:50,
285,,paper,levburn_sec_aggressive,COS_USDT,long,7.0,46948.35680751174,0.00213,2026-03-15T13:58:41.176771,0.0021087,2026-03-15T14:56:18.680059,0.0021939,0.0021087,,closed,SL,-8.54,-8.54,0.22,,,2026-03-15 04:58:41,
286,,paper,levburn_sec_aggressive_lev1,COS_USDT,long,1.0,46948.35680751174,0.00213,2026-03-15T13:58:42.223232,0.0021087,2026-03-15T14:56:18.691438,0.0021939,0.0021087,,closed,SL,-1.22,-1.22,0.22,,,2026-03-15 04:58:42,
287,,paper,levburn_sec_aggressive_lev3,COS_USDT,long,3.0,46948.35680751174,0.00213,2026-03-15T13:58:42.701563,0.0021087,2026-03-15T14:56:18.715931,0.0021939,0.0021087,,closed,SL,-3.66,-3.66,0.22,,,2026-03-15 04:58:42,
288,,paper,levburn_sec_agg_lev1,COS_USDT,long,1.0,93676.8149882904,0.002135,2026-03-15T13:58:48.188690,0.0021136500000000003,2026-03-15T14:56:18.727157,0.00219905,0.0021136500000000003,,closed,SL,-1.22,-2.44,0.44,,,2026-03-15 04:58:48,
289,,paper,levburn_sec_aggressive,RESOLV_USDT,long,7.0,1508.2956259426849,0.0663,2026-03-15T14:04:04.999725,0.068289,2026-03-15T16:54:30.054552,0.068289,0.065637,,closed,TP,19.46,19.46,0.22,,,2026-03-15 05:04:04,
290,,paper,levburn_sec_aggressive_lev1,RESOLV_USDT,long,1.0,1508.2956259426849,0.0663,2026-03-15T14:04:05.978736,0.068289,2026-03-15T16:54:30.066828,0.068289,0.065637,,closed,TP,2.78,2.78,0.22,,,2026-03-15 05:04:05,
291,,paper,levburn_sec_aggressive_lev3,RESOLV_USDT,long,3.0,1508.2956259426849,0.0663,2026-03-15T14:04:06.443994,0.068289,2026-03-15T16:54:30.079075,0.068289,0.065637,,closed,TP,8.34,8.34,0.22,,,2026-03-15 05:04:06,
292,,paper,levburn_sec_aggressive,AGT_USDT,short,7.0,13266.118333775537,0.007538,2026-03-15T14:09:07.823198,0.00761338,2026-03-15T19:31:48.581239,0.00731186,0.00761338,,closed,SL,-8.54,-8.54,0.22,,,2026-03-15 05:09:07,
293,,paper,levburn_sec_aggressive_lev1,AGT_USDT,short,1.0,13187.392852433073,0.007583,2026-03-15T14:09:33.908631,0.00765883,2026-03-15T19:35:12.880579,0.00735551,0.00765883,,closed,SL,-1.22,-1.22,0.22,,,2026-03-15 05:09:33,
294,,paper,levburn_sec_aggressive_lev3,AGT_USDT,short,3.0,13187.392852433073,0.007583,2026-03-15T14:09:34.901142,0.00765883,2026-03-15T19:35:12.893050,0.00735551,0.00765883,,closed,SL,-3.66,-3.66,0.22,,,2026-03-15 05:09:34,
295,,paper,levburn_sec_aggressive,TOWNS_USDT,long,7.0,23073.373327180434,0.004334,2026-03-15T14:29:33.133567,0.00429066,2026-03-15T15:05:33.487591,0.00446402,0.00429066,,closed,SL,-8.54,-8.54,0.22,,,2026-03-15 05:29:33,LSA-000001
296,,paper,levburn_sec_aggressive_lev1,TOWNS_USDT,long,1.0,23073.373327180434,0.004334,2026-03-15T14:29:34.131611,0.00429066,2026-03-15T15:05:33.514624,0.00446402,0.00429066,,closed,SL,-1.22,-1.22,0.22,,,2026-03-15 05:29:34,LA1-000001
297,,paper,levburn_sec_aggressive_lev3,TOWNS_USDT,long,3.0,23073.373327180434,0.004334,2026-03-15T14:29:34.595224,0.00429066,2026-03-15T15:05:33.527886,0.00446402,0.00429066,,closed,SL,-3.66,-3.66,0.22,,,2026-03-15 05:29:34,LA3-000001
298,,paper,levburn_sec_agg_lev3_ls,COS_USDT,long,3.0,93457.94392523365,0.00214,2026-03-15T14:33:55.776625,0.0021186,2026-03-15T14:43:58.176843,0.0022042,0.0021186,,closed,SL,-3.66,-7.32,0.44,,,2026-03-15 05:33:55,AG3-000001
299,,paper,levburn_sec_agg_lev1_fr,COS_USDT,long,1.0,93457.94392523365,0.00214,2026-03-15T14:33:57.004764,0.0021186,2026-03-15T14:43:58.188145,0.0022042,0.0021186,,closed,SL,-1.22,-2.44,0.44,,,2026-03-15 05:33:57,AF1-000001
300,,paper,levburn_sec_agg_lev3_fr,COS_USDT,long,3.0,93457.94392523365,0.00214,2026-03-15T14:33:57.485321,0.0021186,2026-03-15T14:43:58.200692,0.0022042,0.0021186,,closed,SL,-3.66,-7.32,0.44,,,2026-03-15 05:33:57,AF3-000001
301,,paper,levburn_sec_agg_7x,COS_USDT,long,7.0,46403.712296983766,0.002155,2026-03-15T14:33:58.127484,0.00213345,2026-03-15T14:41:05.925547,0.0022196499999999997,0.00213345,,closed,SL,-8.54,-8.54,0.22,,,2026-03-15 05:33:58,A7X-000001
302,,paper,levburn_sec_agg_7x_fr,COS_USDT,long,7.0,46403.712296983766,0.002155,2026-03-15T14:33:58.623152,0.00213345,2026-03-15T14:41:05.937946,0.0022196499999999997,0.00213345,,closed,SL,-8.54,-8.54,0.22,,,2026-03-15 05:33:58,A7F-000001
303,,paper,levburn_sec_scalp_micro,COS_USDT,long,20.0,47103.15591144607,0.002123,2026-03-15T14:34:54.236186,0.0021336149999999997,2026-03-15T14:35:21.474143,0.0021336149999999997,0.002118754,,closed,TP,5.6,5.6,0.22,,,2026-03-15 05:34:54,LSM-000001
304,,paper,levburn_sec_scalp_micro,COS_USDT,long,20.0,46926.32566870014,0.002131,2026-03-15T14:38:35.906444,0.002126738,2026-03-15T14:43:58.211663,0.0021416549999999997,0.002126738,,closed,SL,-8.4,-8.4,0.22,,,2026-03-15 05:38:35,LSM-000002
305,,paper,levburn_sec_agg_lev1,RESOLV_USDT,long,1.0,2985.965959988056,0.06698,2026-03-15T15:04:26.487055,0.0663102,2026-03-15T22:11:18.644723,0.0689894,0.0663102,,closed,SL,-1.22,-2.44,0.44,,,2026-03-15 06:04:26,AG1-000001
306,,paper,levburn_sec_agg_lev3_ls,RESOLV_USDT,long,3.0,2985.965959988056,0.06698,2026-03-15T15:04:27.615670,0.0663102,2026-03-15T22:11:18.656332,0.0689894,0.0663102,,closed,SL,-3.66,-7.32,0.44,,,2026-03-15 06:04:27,AG3-000002
307,,paper,levburn_sec_agg_lev1_fr,RESOLV_USDT,long,1.0,2974.862412613417,0.06723,2026-03-15T15:04:28.109557,0.0665577,2026-03-15T15:53:55.076124,0.0692469,0.0665577,,closed,SL,-1.22,-2.44,0.44,,,2026-03-15 06:04:28,AF1-000002
308,,paper,levburn_sec_agg_lev3_fr,RESOLV_USDT,long,3.0,2974.862412613417,0.06723,2026-03-15T15:04:28.579720,0.0665577,2026-03-15T15:53:55.088367,0.0692469,0.0665577,,closed,SL,-3.66,-7.32,0.44,,,2026-03-15 06:04:28,AF3-000002
309,,paper,levburn_sec_agg_7x,RESOLV_USDT,long,7.0,1487.4312063067084,0.06723,2026-03-15T15:04:29.056432,0.0665577,2026-03-15T15:53:55.100581,0.0692469,0.0665577,,closed,SL,-8.54,-8.54,0.22,,,2026-03-15 06:04:29,A7X-000002
310,,paper,levburn_sec_agg_7x_fr,RESOLV_USDT,long,7.0,1487.4312063067084,0.06723,2026-03-15T15:04:29.563424,0.0665577,2026-03-15T15:53:55.113536,0.0692469,0.0665577,,closed,SL,-8.54,-8.54,0.22,,,2026-03-15 06:04:29,A7F-000002
311,,paper,levburn_sec_aggressive,COS_USDT,long,7.0,47619.04761904762,0.0021,2026-03-15T15:04:58.323379,0.0020789999999999997,2026-03-15T15:26:55.181694,0.002163,0.0020789999999999997,,closed,SL,-8.54,-8.54,0.22,,,2026-03-15 06:04:58,LSA-000002
312,,paper,levburn_sec_aggressive_lev1,COS_USDT,long,1.0,47619.04761904762,0.0021,2026-03-15T15:04:59.310736,0.0020789999999999997,2026-03-15T15:26:55.190833,0.002163,0.0020789999999999997,,closed,SL,-1.22,-1.22,0.22,,,2026-03-15 06:04:59,LA1-000002
313,,paper,levburn_sec_aggressive_lev3,COS_USDT,long,3.0,47619.04761904762,0.0021,2026-03-15T15:04:59.775030,0.0020789999999999997,2026-03-15T15:26:55.201316,0.002163,0.0020789999999999997,,closed,SL,-3.66,-3.66,0.22,,,2026-03-15 06:04:59,LA3-000002
314,,paper,levburn_sec_agg_lev1,COS_USDT,long,1.0,95693.77990430623,0.00209,2026-03-15T15:05:05.255053,0.0020691,2026-03-15T15:26:55.210642,0.0021527,0.0020691,,closed,SL,-1.22,-2.44,0.44,,,2026-03-15 06:05:05,AG1-000002
315,,paper,levburn_sec_agg_lev3_ls,COS_USDT,long,3.0,95693.77990430623,0.00209,2026-03-15T15:05:06.261421,0.0020691,2026-03-15T15:26:55.220867,0.0021527,0.0020691,,closed,SL,-3.66,-7.32,0.44,,,2026-03-15 06:05:06,AG3-000003
316,,paper,levburn_sec_agg_lev1_fr,COS_USDT,long,1.0,95693.77990430623,0.00209,2026-03-15T15:05:06.724895,0.0020691,2026-03-15T15:26:55.230179,0.0021527,0.0020691,,closed,SL,-1.22,-2.44,0.44,,,2026-03-15 06:05:06,AF1-000003
317,,paper,levburn_sec_agg_lev3_fr,COS_USDT,long,3.0,95693.77990430623,0.00209,2026-03-15T15:05:07.187767,0.0020691,2026-03-15T15:26:55.239025,0.0021527,0.0020691,,closed,SL,-3.66,-7.32,0.44,,,2026-03-15 06:05:07,AF3-000003
318,,paper,levburn_sec_agg_7x,COS_USDT,long,7.0,47619.04761904762,0.0021,2026-03-15T15:05:07.672621,0.0020789999999999997,2026-03-15T15:26:55.249458,0.002163,0.0020789999999999997,,closed,SL,-8.54,-8.54,0.22,,,2026-03-15 06:05:07,A7X-000003
319,,paper,levburn_sec_agg_7x_fr,COS_USDT,long,7.0,47619.04761904762,0.0021,2026-03-15T15:05:08.137634,0.0020789999999999997,2026-03-15T15:26:55.258957,0.002163,0.0020789999999999997,,closed,SL,-8.54,-8.54,0.22,,,2026-03-15 06:05:08,A7F-000003
320,,paper,levburn_sec_aggressive,TOWNS_USDT,long,7.0,23457.658925639218,0.004263,2026-03-15T15:05:56.893001,0.004390890000000001,2026-03-15T16:14:25.786530,0.004390890000000001,0.00422037,,closed,TP,19.46,19.46,0.22,,,2026-03-15 06:05:56,LSA-000003
321,,paper,levburn_sec_aggressive_lev1,TOWNS_USDT,long,1.0,23457.658925639218,0.004263,2026-03-15T15:05:57.893173,0.004390890000000001,2026-03-15T16:14:25.797747,0.004390890000000001,0.00422037,,closed,TP,2.78,2.78,0.22,,,2026-03-15 06:05:57,LA1-000003
322,,paper,levburn_sec_aggressive_lev3,TOWNS_USDT,long,3.0,23457.658925639218,0.004263,2026-03-15T15:05:58.352214,0.004390890000000001,2026-03-15T16:14:25.807864,0.004390890000000001,0.00422037,,closed,TP,8.34,8.34,0.22,,,2026-03-15 06:05:58,LA3-000003
323,,paper,levburn_sec_aggressive,COS_USDT,long,7.0,49950.04995004995,0.002002,2026-03-15T15:39:13.846345,0.00198198,2026-03-15T16:19:12.197364,0.00206206,0.00198198,,closed,SL,-8.54,-8.54,0.22,,,2026-03-15 06:39:13,LSA-000004
324,,paper,levburn_sec_aggressive_lev1,COS_USDT,long,1.0,49950.04995004995,0.002002,2026-03-15T15:39:14.918776,0.00198198,2026-03-15T16:19:12.205858,0.00206206,0.00198198,,closed,SL,-1.22,-1.22,0.22,,,2026-03-15 06:39:14,LA1-000004
325,,paper,levburn_sec_scalp_micro,COS_USDT,long,20.0,49652.432969215486,0.002014,2026-03-15T15:47:06.476585,0.002009972,2026-03-15T15:47:28.838817,0.0020240699999999998,0.002009972,,closed,SL,-8.4,-8.4,0.22,,,2026-03-15 06:47:06,LSM-000003
326,,paper,levburn_sec_aggressive_lev3,COS_USDT,long,3.0,50352.467270896275,0.001986,2026-03-15T15:50:02.878484,0.00204558,2026-03-15T16:35:22.514354,0.00204558,0.00196614,,closed,TP,8.34,8.34,0.22,,,2026-03-15 06:50:02,LA3-000004
327,,paper,levburn_sec_scalp_micro,COS_USDT,long,20.0,51098.6203372509,0.001957,2026-03-15T16:20:05.542775,0.001966785,2026-03-15T16:24:08.067804,0.001966785,0.001953086,,closed,TP,5.6,5.6,0.22,,,2026-03-15 07:20:05,LSM-000004
328,,paper,levburn_sec_scalp_micro_lev1,COS_USDT,long,1.0,51020.40816326531,0.00196,2026-03-15T16:20:11.614908,0.0019698,2026-03-15T16:31:10.582274,0.0019698,0.00195608,,closed,TP,0.28,0.28,0.22,,,2026-03-15 07:20:11,LM1-000001
329,,paper,levburn_sec_aggressive,TOWNS_USDT,long,7.0,20833.333333333336,0.0048,2026-03-15T16:25:22.031304,0.004751999999999999,2026-03-15T16:35:22.527228,0.004944,0.004751999999999999,,closed,SL,-8.54,-8.54,0.22,,,2026-03-15 07:25:22,LSA-000005
330,,paper,levburn_sec_aggressive,COS_USDT,long,7.0,50813.008130081296,0.001968,2026-03-15T16:27:33.301736,0.0020270400000000004,2026-03-15T16:35:22.540234,0.0020270400000000004,0.0019483200000000001,,closed,TP,19.46,19.46,0.22,,,2026-03-15 07:27:33,LSA-000006
331,,paper,levburn_sec_aggressive_lev1,COS_USDT,long,1.0,50632.91139240506,0.001975,2026-03-15T16:27:34.317219,0.0020342500000000005,2026-03-15T16:35:22.561597,0.0020342500000000005,0.00195525,,closed,TP,2.78,2.78,0.22,,,2026-03-15 07:27:34,LA1-000005
332,,paper,levburn_sec_aggressive_lev1,TOWNS_USDT,long,1.0,20772.746157041962,0.004814,2026-03-15T16:31:00.240283,0.004765859999999999,2026-03-15T16:35:22.573688,0.00495842,0.004765859999999999,,closed,SL,-1.22,-1.22,0.22,,,2026-03-15 07:31:00,LA1-000006
333,,paper,levburn_sec_aggressive_lev3,TOWNS_USDT,long,3.0,20772.746157041962,0.004814,2026-03-15T16:31:01.235133,0.004765859999999999,2026-03-15T16:35:22.585192,0.00495842,0.004765859999999999,,closed,SL,-3.66,-3.66,0.22,,,2026-03-15 07:31:01,LA3-000005
334,,paper,levburn_sec_agg_lev1,TOWNS_USDT,long,1.0,41545.492314083924,0.004814,2026-03-15T16:31:01.706675,0.004765859999999999,2026-03-15T16:35:22.597347,0.00495842,0.004765859999999999,,closed,SL,-1.22,-2.44,0.44,,,2026-03-15 07:31:01,AG1-000003
335,,paper,levburn_sec_scalp_micro,COS_USDT,long,20.0,48520.1358563804,0.002061,2026-03-15T16:32:52.491920,0.002056878,2026-03-15T16:39:47.938518,0.002071305,0.002056878,,closed,SL,-8.4,-8.4,0.22,,,2026-03-15 07:32:52,LSM-000005
336,,paper,levburn_sec_scalp_micro,TOWNS_USDT,long,20.0,21168.501270110075,0.004724,2026-03-15T16:33:13.592696,0.004714552,2026-03-15T16:43:14.440990,0.004747619999999999,0.004714552,,closed,SL,-8.4,-8.4,0.22,,,2026-03-15 07:33:13,LSM-000006
337,,paper,levburn_sec_scalp_micro_lev1,TOWNS_USDT,long,1.0,20920.502092050207,0.00478,2026-03-15T16:33:34.672546,0.004770440000000001,2026-03-15T16:35:22.610085,0.0048039,0.004770440000000001,,closed,SL,-0.42,-0.42,0.22,,,2026-03-15 07:33:34,LM1-000002
338,,paper,levburn_sec_aggressive,TOWNS_USDT,long,7.0,21349.274124679763,0.004684,2026-03-15T16:37:56.326714,0.0046371599999999995,2026-03-15T16:51:00.733059,0.00482452,0.0046371599999999995,,closed,SL,-8.54,-8.54,0.22,,,2026-03-15 07:37:56,LSA-000007
339,,paper,levburn_sec_aggressive_lev1,TOWNS_USDT,long,1.0,21436.227224008577,0.004665,2026-03-15T16:39:52.644810,0.00461835,2026-03-15T16:51:00.745162,0.00480495,0.00461835,,closed,SL,-1.22,-1.22,0.22,,,2026-03-15 07:39:52,LA1-000007
340,,paper,levburn_sec_aggressive_lev3,TOWNS_USDT,long,3.0,21436.227224008577,0.004665,2026-03-15T16:39:53.099802,0.00461835,2026-03-15T16:51:00.760373,0.00480495,0.00461835,,closed,SL,-3.66,-3.66,0.22,,,2026-03-15 07:39:53,LA3-000006
341,,paper,levburn_sec_scalp_micro_lev3,TOWNS_USDT,long,3.0,21436.227224008577,0.004665,2026-03-15T16:39:53.560373,0.00465567,2026-03-15T16:43:14.454021,0.004688324999999999,0.00465567,,closed,SL,-1.26,-1.26,0.22,,,2026-03-15 07:39:53,LM3-000001
342,,paper,levburn_sec_aggressive,COS_USDT,long,7.0,49504.9504950495,0.00202,2026-03-15T16:41:54.327146,0.0020806,2026-03-15T17:13:38.906254,0.0020806,0.0019998,,closed,TP,19.46,19.46,0.22,,,2026-03-15 07:41:54,LSA-000008
343,,paper,levburn_sec_aggressive_lev1,COS_USDT,long,1.0,49504.9504950495,0.00202,2026-03-15T16:41:55.374152,0.0020806,2026-03-15T17:13:38.919691,0.0020806,0.0019998,,closed,TP,2.78,2.78,0.22,,,2026-03-15 07:41:55,LA1-000008
344,,paper,levburn_sec_scalp_micro,TOWNS_USDT,long,20.0,21696.68040789759,0.004609,2026-03-15T16:52:12.415158,0.004599782,2026-03-15T16:58:48.811570,0.0046320449999999996,0.004599782,,closed,SL,-8.4,-8.4,0.22,,,2026-03-15 07:52:12,LSM-000007
345,,paper,levburn_sec_aggressive,TOWNS_USDT,long,7.0,21872.265966754156,0.004572,2026-03-15T16:56:14.005903,0.00452628,2026-03-15T17:13:38.932031,0.0047091599999999996,0.00452628,,closed,SL,-8.54,-8.54,0.22,,,2026-03-15 07:56:14,LSA-000009
346,,paper,levburn_sec_aggressive_lev3,COS_USDT,long,3.0,46838.4074941452,0.002135,2026-03-15T17:09:37.237311,0.0021136500000000003,2026-03-15T17:30:22.269373,0.00219905,0.0021136500000000003,,closed,SL,-3.66,-3.66,0.22,,,2026-03-15 08:09:37,LA3-000007
347,,paper,levburn_sec_agg_lev1,COS_USDT,long,1.0,94161.95856873824,0.002124,2026-03-15T17:10:58.491470,0.00218772,2026-03-15T17:16:55.806046,0.00218772,0.00210276,,closed,TP,2.78,5.56,0.44,,,2026-03-15 08:10:58,AG1-000004
348,,paper,levburn_sec_agg_lev3_ls,COS_USDT,long,3.0,93109.86964618249,0.002148,2026-03-15T17:11:49.608681,0.0021265200000000002,2026-03-15T17:26:02.063606,0.0022124400000000004,0.0021265200000000002,,closed,SL,-3.66,-7.32,0.44,,,2026-03-15 08:11:49,AG3-000004
349,,paper,levburn_sec_aggressive,COS_USDT,long,7.0,47573.73929590866,0.002102,2026-03-15T17:25:27.723145,0.00208098,2026-03-15T18:15:40.307430,0.0021650600000000003,0.00208098,,closed,SL,-8.54,-8.54,0.22,,,2026-03-15 08:25:27,LSA-000010
350,,paper,levburn_sec_scalp_micro,COS_USDT,long,20.0,47192.071731949036,0.002119,2026-03-15T17:25:48.791348,0.0021147619999999996,2026-03-15T17:26:02.073999,0.0021295949999999998,0.0021147619999999996,,closed,SL,-8.4,-8.4,0.22,,,2026-03-15 08:25:48,LSM-000008
351,,paper,levburn_sec_aggressive_lev1,COS_USDT,long,1.0,47192.071731949036,0.002119,2026-03-15T17:25:49.788477,0.00209781,2026-03-15T17:30:22.280377,0.00218257,0.00209781,,closed,SL,-1.22,-1.22,0.22,,,2026-03-15 08:25:49,LA1-000009
352,,paper,levburn_sec_aggressive,TOWNS_USDT,long,7.0,22650.056625141566,0.004415,2026-03-15T17:58:54.494022,0.00437085,2026-03-15T19:41:47.419268,0.00454745,0.00437085,,closed,SL,-8.54,-8.54,0.22,,,2026-03-15 08:58:54,LSA-000011
353,,paper,levburn_sec_aggressive_lev1,COS_USDT,long,1.0,47147.57190004714,0.002121,2026-03-15T18:01:45.855631,0.0020997900000000003,2026-03-15T18:09:03.285736,0.00218463,0.0020997900000000003,,closed,SL,-1.22,-1.22,0.22,,,2026-03-15 09:01:45,LA1-000010
354,,paper,levburn_sec_aggressive_lev3,COS_USDT,long,3.0,47147.57190004714,0.002121,2026-03-15T18:01:46.844839,0.0020997900000000003,2026-03-15T18:09:03.295689,0.00218463,0.0020997900000000003,,closed,SL,-3.66,-3.66,0.22,,,2026-03-15 09:01:46,LA3-000008
355,,paper,levburn_sec_aggressive,RESOLV_USDT,long,7.0,1471.6703458425313,0.06795,2026-03-15T18:36:06.887226,0.0672705,2026-03-15T19:31:48.590697,0.0699885,0.0672705,,closed,SL,-8.54,-8.54,0.22,,,2026-03-15 09:36:06,LSA-000012
356,,paper,levburn_sec_aggressive_lev1,RESOLV_USDT,long,1.0,1471.6703458425313,0.06795,2026-03-15T18:36:07.861075,0.0672705,2026-03-15T19:31:48.601218,0.0699885,0.0672705,,closed,SL,-1.22,-1.22,0.22,,,2026-03-15 09:36:07,LA1-000011
357,,paper,levburn_sec_aggressive_lev3,RESOLV_USDT,long,3.0,1467.3514306676448,0.06815,2026-03-15T18:36:08.320781,0.0674685,2026-03-15T19:28:37.584219,0.0701945,0.0674685,,closed,SL,-3.66,-3.66,0.22,,,2026-03-15 09:36:08,LA3-000009
358,,paper,levburn_sec_aggressive,COS_USDT,long,7.0,48449.61240310078,0.002064,2026-03-15T18:38:04.105298,0.0020433599999999997,2026-03-15T19:10:25.209429,0.00212592,0.0020433599999999997,,closed,SL,-8.54,-8.54,0.22,,,2026-03-15 09:38:04,LSA-000013
359,,paper,levburn_sec_scalp_micro,COS_USDT,long,20.0,48449.61240310078,0.002064,2026-03-15T18:38:05.585438,0.002059872,2026-03-15T18:50:40.214151,0.0020743199999999997,0.002059872,,closed,SL,-8.4,-8.4,0.22,,,2026-03-15 09:38:05,LSM-000009
360,,paper,levburn_sec_aggressive_lev1,COS_USDT,long,1.0,48449.61240310078,0.002064,2026-03-15T18:38:06.047162,0.0020433599999999997,2026-03-15T19:10:25.220982,0.00212592,0.0020433599999999997,,closed,SL,-1.22,-1.22,0.22,,,2026-03-15 09:38:06,LA1-000012
361,,paper,levburn_sec_aggressive_lev3,COS_USDT,long,3.0,48449.61240310078,0.002064,2026-03-15T18:38:06.502784,0.0020433599999999997,2026-03-15T19:10:25.230157,0.00212592,0.0020433599999999997,,closed,SL,-3.66,-3.66,0.22,,,2026-03-15 09:38:06,LA3-000010
362,,paper,levburn_sec_aggressive_lev1,TOWNS_USDT,long,1.0,22237.046920169,0.004497,2026-03-15T19:01:04.845565,0.00445203,2026-03-15T19:10:25.242801,0.00463191,0.00445203,,closed,SL,-1.22,-1.22,0.22,,,2026-03-15 10:01:04,LA1-000013
363,,paper,levburn_sec_aggressive_lev3,TOWNS_USDT,long,3.0,22237.046920169,0.004497,2026-03-15T19:01:05.842973,0.00445203,2026-03-15T19:10:25.252924,0.00463191,0.00445203,,closed,SL,-3.66,-3.66,0.22,,,2026-03-15 10:01:05,LA3-000011
364,,paper,levburn_sec_agg_lev1,TOWNS_USDT,long,1.0,44474.093840338,0.004497,2026-03-15T19:01:06.308037,0.00445203,2026-03-15T19:10:25.264287,0.00463191,0.00445203,,closed,SL,-1.22,-2.44,0.44,,,2026-03-15 10:01:06,AG1-000005
365,,paper,levburn_sec_agg_lev3_ls,TOWNS_USDT,long,3.0,44474.093840338,0.004497,2026-03-15T19:01:06.771047,0.00445203,2026-03-15T19:10:25.273099,0.00463191,0.00445203,,closed,SL,-3.66,-7.32,0.44,,,2026-03-15 10:01:06,AG3-000005
366,,paper,levburn_sec_agg_lev1_fr,TOWNS_USDT,long,1.0,44474.093840338,0.004497,2026-03-15T19:01:07.229782,0.00445203,2026-03-15T19:10:25.282117,0.00463191,0.00445203,,closed,SL,-1.22,-2.44,0.44,,,2026-03-15 10:01:07,AF1-000004
367,,paper,levburn_sec_agg_lev3_fr,TOWNS_USDT,long,3.0,44474.093840338,0.004497,2026-03-15T19:01:07.693370,0.00445203,2026-03-15T19:10:25.291898,0.00463191,0.00445203,,closed,SL,-3.66,-7.32,0.44,,,2026-03-15 10:01:07,AF3-000004
368,,paper,levburn_sec_aggressive,THE_USDT,long,7.0,374.9531308586427,0.2667,2026-03-15T22:12:55.707524,0.274701,2026-03-15T22:13:35.182014,0.274701,0.264033,,closed,TP,19.46,19.46,0.22,,,2026-03-15 13:12:55,LSA-000014
369,,paper,levburn_sec,THE_USDT,long,10.0,766.2835249042146,0.261,2026-03-15T22:13:11.787654,0.264915,2026-03-15T22:13:35.197507,0.264915,0.259695,,closed,TP,12.8,25.6,0.44,,,2026-03-15 13:13:11,LS1-000001
370,,paper,levburn_sec_aggressive_lev1,THE_USDT,long,1.0,387.2966692486445,0.2582,2026-03-15T22:13:32.865759,0.265946,2026-03-15T22:13:35.218228,0.265946,0.25561799999999996,,closed,TP,2.78,2.78,0.22,,,2026-03-15 13:13:32,LA1-000014
371,,paper,levburn_sec,THE_USDT,long,10.0,886.1320336730172,0.2257,2026-03-15T22:14:53.079250,0.2290855,2026-03-15T22:22:03.945541,0.2290855,0.2245715,,closed,TP,12.8,25.6,0.44,,,2026-03-15 13:14:53,LS1-000001
372,,paper,levburn_sec_aggressive,THE_USDT,long,7.0,454.9590536851683,0.2198,2026-03-15T22:15:03.955909,0.226394,2026-03-15T22:22:03.957705,0.226394,0.217602,,closed,TP,19.46,19.46,0.22,,,2026-03-15 13:15:03,LSA-000014
373,,paper,levburn_sec_aggressive_lev1,THE_USDT,long,1.0,454.9590536851683,0.2198,2026-03-15T22:15:04.014662,0.226394,2026-03-15T22:22:03.970524,0.226394,0.217602,,closed,TP,2.78,2.78,0.22,,,2026-03-15 13:15:04,LA1-000015
374,,paper,levburn_sec_fr_extreme,THE_USDT,long,10.0,1344.0860215053763,0.2232,2026-03-15T22:15:14.975631,0.227664,2026-03-15T22:22:03.981006,0.227664,0.2214144,,closed,TP,17.8,53.4,0.66,,,2026-03-15 13:15:14,LSF-000001
375,,paper,levburn_sec_lev1,THE_USDT,long,1.0,896.0573476702508,0.2232,2026-03-15T22:15:15.016906,0.226548,2026-03-15T22:22:04.000301,0.226548,0.222084,,closed,TP,1.28,2.56,0.44,,,2026-03-15 13:15:15,L11-000001
376,,paper,levburn_sec_fr_extreme_lev1,THE_USDT,long,1.0,1344.0860215053763,0.2232,2026-03-15T22:15:16.003970,0.227664,2026-03-15T22:22:04.009962,0.227664,0.2214144,,closed,TP,1.78,5.34,0.66,,,2026-03-15 13:15:16,LF1-000001
377,,paper,levburn_sec_lev3,THE_USDT,long,3.0,896.0573476702508,0.2232,2026-03-15T22:15:16.467163,0.226548,2026-03-15T22:22:04.021133,0.226548,0.222084,,closed,TP,3.84,7.68,0.44,,,2026-03-15 13:15:16,L31-000001
378,,paper,levburn_sec_scalp_micro,THE_USDT,long,20.0,431.40638481449525,0.2318,2026-03-15T22:15:24.265997,0.23295899999999997,2026-03-15T22:22:04.031370,0.23295899999999997,0.2313364,,closed,TP,5.6,5.6,0.22,,,2026-03-15 13:15:24,LSM-000010
379,,paper,levburn_sec_aggressive_lev3,THE_USDT,long,3.0,428.0821917808219,0.2336,2026-03-15T22:15:25.335036,0.24060800000000002,2026-03-15T22:29:17.059922,0.24060800000000002,0.231264,,closed,TP,8.34,8.34,0.22,,,2026-03-15 13:15:25,LA3-000012
380,,paper,levburn_sec_agg_lev1,THE_USDT,long,1.0,856.1643835616438,0.2336,2026-03-15T22:15:25.992550,0.24060800000000002,2026-03-15T22:29:17.071257,0.24060800000000002,0.231264,,closed,TP,2.78,5.56,0.44,,,2026-03-15 13:15:25,AG1-000006
381,,paper,levburn_sec_fr_extreme_lev3,THE_USDT,long,3.0,1244.296972210701,0.2411,2026-03-15T22:15:26.959597,0.245922,2026-03-15T22:29:17.083608,0.245922,0.2391712,,closed,TP,5.34,16.02,0.66,,,2026-03-15 13:15:26,LF3-000001
382,,paper,levburn_sec_agg_lev3_ls,THE_USDT,long,3.0,829.531314807134,0.2411,2026-03-15T22:15:27.015896,0.24833300000000003,2026-03-15T22:29:17.096474,0.24833300000000003,0.238689,,closed,TP,8.34,16.68,0.44,,,2026-03-15 13:15:27,AG3-000006
383,,paper,levburn_sec_agg_lev1_fr,THE_USDT,long,1.0,850.3401360544218,0.2352,2026-03-15T22:15:33.028691,0.242256,2026-03-15T22:29:17.109613,0.242256,0.232848,,closed,TP,2.78,5.56,0.44,,,2026-03-15 13:15:33,AF1-000005
384,,paper,levburn_sec_agg_lev3_fr,THE_USDT,long,3.0,829.1873963515754,0.2412,2026-03-15T22:15:45.947598,,,0.24843600000000002,0.238788,,open,,,,,,,2026-03-15 13:15:45,AF3-000005
385,,paper,levburn_sec_agg_7x,THE_USDT,long,7.0,408.49673202614383,0.2448,2026-03-15T22:15:47.625263,0.24235199999999998,2026-03-15T22:22:04.042771,0.252144,0.24235199999999998,,closed,SL,-8.54,-8.54,0.22,,,2026-03-15 13:15:47,A7X-000004
386,,paper,levburn_sec_agg_7x_fr,THE_USDT,long,7.0,429.36882782310005,0.2329,2026-03-15T22:16:43.740504,0.239887,2026-03-15T22:29:17.126753,0.239887,0.230571,,closed,TP,19.46,19.46,0.22,,,2026-03-15 13:16:43,A7F-000004
387,,paper,levburn_sec_evo_agg,THE_USDT,long,7.0,429.36882782310005,0.2329,2026-03-15T22:16:44.181904,0.239887,2026-03-15T22:29:17.141058,0.239887,0.230571,,closed,TP,19.46,19.46,0.22,,,2026-03-15 13:16:44,EVA-000001
388,,paper,levburn_sec_evo_lev1,THE_USDT,long,1.0,851.0638297872341,0.235,2026-03-15T22:16:44.725769,0.24205,2026-03-15T22:29:17.157359,0.24205,0.23265,,closed,TP,2.78,5.56,0.44,,,2026-03-15 13:16:44,EV1-000001
389,,paper,levburn_sec_aggressive,THE_USDT,long,7.0,428.4490145672665,0.2334,2026-03-15T22:22:52.930856,0.240402,2026-03-15T22:29:17.175183,0.240402,0.231066,,closed,TP,19.46,19.46,0.22,,,2026-03-15 13:22:52,LSA-000015
390,,paper,levburn_sec_aggressive_lev1,THE_USDT,long,1.0,428.0821917808219,0.2336,2026-03-15T22:22:53.904905,0.24060800000000002,2026-03-15T22:29:17.190741,0.24060800000000002,0.231264,,closed,TP,2.78,2.78,0.22,,,2026-03-15 13:22:53,LA1-000016
391,,paper,levburn_sec_agg_7x,THE_USDT,long,7.0,421.9409282700422,0.237,2026-03-15T22:23:59.499458,0.24411,2026-03-15T22:29:17.204779,0.24411,0.23462999999999998,,closed,TP,19.46,19.46,0.22,,,2026-03-15 13:23:59,A7X-000005
392,,paper,levburn_sec_scalp_micro,THE_USDT,long,20.0,414.5936981757877,0.2412,2026-03-15T22:25:05.628772,0.24240599999999998,2026-03-15T22:29:17.217535,0.24240599999999998,0.2407176,,closed,TP,5.6,5.6,0.22,,,2026-03-15 13:25:05,LSM-000011
393,,paper,levburn_sec,THE_USDT,long,10.0,835.421888053467,0.2394,2026-03-15T22:25:46.746655,0.24299099999999998,2026-03-15T22:29:17.232368,0.24299099999999998,0.238203,,closed,TP,12.8,25.6,0.44,,,2026-03-15 13:25:46,LS1-000002
394,,paper,levburn_sec_scalp_micro_lev1,THE_USDT,long,1.0,404.53074433656957,0.2472,2026-03-15T22:26:52.911411,0.2467056,2026-03-15T22:32:39.777578,0.248436,0.2467056,,closed,SL,-0.42,-0.42,0.22,,,2026-03-15 13:26:52,LM1-000003
395,,paper,levburn_sec_fr_extreme,THE_USDT,long,10.0,1204.8192771084337,0.249,2026-03-15T22:27:34.018737,0.247008,2026-03-15T22:32:39.786993,0.25398,0.247008,,closed,SL,-10.2,-30.6,0.66,,,2026-03-15 13:27:34,LSF-000002
396,,paper,levburn_sec_aggressive,THE_USDT,long,7.0,412.0313143798929,0.2427,2026-03-15T22:29:20.289703,,,0.249981,0.240273,,open,,,,,,,2026-03-15 13:29:20,LSA-000016
397,,paper,levburn_sec_aggressive_lev1,THE_USDT,long,1.0,421.9409282700422,0.237,2026-03-15T22:29:59.097605,,,0.24411,0.23462999999999998,,open,,,,,,,2026-03-15 13:29:59,LA1-000017
398,,paper,levburn_sec_aggressive_lev3,THE_USDT,long,3.0,415.2823920265781,0.2408,2026-03-15T22:30:00.124870,,,0.248024,0.238392,,open,,,,,,,2026-03-15 13:30:00,LA3-000013
399,,paper,levburn_sec_scalp_micro_lev3,THE_USDT,long,3.0,415.2823920265781,0.2408,2026-03-15T22:30:00.654192,0.24200399999999997,2026-03-15T22:32:39.799544,0.24200399999999997,0.2403184,,closed,TP,0.84,0.84,0.22,,,2026-03-15 13:30:00,LM3-000002
400,,paper,levburn_sec_agg_lev1,THE_USDT,long,1.0,834.0283569641367,0.2398,2026-03-15T22:30:21.202639,,,0.24699400000000002,0.237402,,open,,,,,,,2026-03-15 13:30:21,AG1-000007
401,,paper,levburn_sec_agg_lev3_ls,THE_USDT,long,3.0,829.8755186721992,0.241,2026-03-15T22:31:02.423481,,,0.24823,0.23859,,open,,,,,,,2026-03-15 13:31:02,AG3-000007
402,,paper,levburn_sec_agg_lev1_fr,THE_USDT,long,1.0,855.4319931565441,0.2338,2026-03-15T22:33:03.697469,,,0.24081400000000003,0.231462,,open,,,,,,,2026-03-15 13:33:03,AF1-000006
403,,paper,levburn_sec_agg_7x,THE_USDT,long,7.0,427.71599657827204,0.2338,2026-03-15T22:33:04.689650,,,0.24081400000000003,0.231462,,open,,,,,,,2026-03-15 13:33:04,A7X-000006
404,,paper,levburn_sec_agg_7x_fr,THE_USDT,long,7.0,427.71599657827204,0.2338,2026-03-15T22:33:05.159309,,,0.24081400000000003,0.231462,,open,,,,,,,2026-03-15 13:33:05,A7F-000005
405,,paper,levburn_sec_scalp_micro,THE_USDT,long,20.0,414.9377593360996,0.241,2026-03-15T22:33:20.655224,,,0.24220499999999998,0.24051799999999998,,open,,,,,,,2026-03-15 13:33:20,LSM-000012
406,,paper,levburn_sec,THE_USDT,long,10.0,834.7245409015025,0.2396,2026-03-15T22:34:41.809166,,,0.243194,0.238402,,open,,,,,,,2026-03-15 13:34:41,LS1-000003
407,,paper,levburn_sec_scalp_micro_lev1,THE_USDT,long,1.0,414.9377593360996,0.241,2026-03-15T22:35:17.946969,,,0.24220499999999998,0.24051799999999998,,open,,,,,,,2026-03-15 13:35:17,LM1-000004
408,,paper,levburn_sec_evo_agg,THE_USDT,long,7.0,417.3622704507512,0.2396,2026-03-15T22:36:09.064340,,,0.246788,0.237204,,open,,,,,,,2026-03-15 13:36:09,EVA-000002
409,,paper,levburn_sec_evo_lev1,THE_USDT,long,1.0,834.7245409015025,0.2396,2026-03-15T22:36:10.055606,,,0.246788,0.237204,,open,,,,,,,2026-03-15 13:36:10,EV1-000002
