symbol,entry_date,entry_price,side,leverage,exit_date,exit_price,exit_reason,holding_days,pnl_pct,pnl_leveraged_pct,pnl_amount
FTT/USDT:USDT,2020-03-16,2.089,long,15,2020-03-16,2.082733,SL,0,-0.52,-7.8,-23400.0
CHZ/USDT:USDT,2020-04-05,0.006834,short,15,2020-04-05,0.00676566,TP,0,0.78,11.7,34278.66
COS/USDT:USDT,2020-04-11,0.0054,short,15,2020-04-11,0.005346,TP,0,0.78,11.7,35481.84
CELR/USDT:USDT,2020-04-26,0.00195,short,15,2020-04-26,0.00195585,SL,0,-0.52,-7.8,-24484.84
FET/USDT:USDT,2020-04-27,0.0188,short,15,2020-04-27,0.018612,TP,0,0.78,11.7,35867.84
DOGE/USDT:USDT,2020-04-28,0.0023459,short,15,2020-04-28,0.002322441,TP,0,0.78,11.7,37126.8
CHZ/USDT:USDT,2020-05-09,0.009892,short,15,2020-05-09,0.00979308,TP,0,0.78,11.7,38429.95
CELR/USDT:USDT,2020-05-18,0.00259,short,15,2020-05-18,0.0025640999999999997,TP,0,0.78,11.7,39778.84
BNT/USDT:USDT,2020-05-21,0.273,short,15,2020-05-21,0.27027,TP,0,0.78,11.7,41175.08
DENT/USDT:USDT,2020-05-28,0.000213,short,15,2020-05-28,0.00021087,TP,0,0.78,11.7,42620.32
CVC/USDT:USDT,2020-06-07,0.02818,short,15,2020-06-07,0.0278982,TP,0,0.78,11.7,44116.29
BTC/USDT:USDT,2020-06-11,9880.5,short,15,2020-06-11,9781.695,TP,0,0.78,11.7,45664.78
DENT/USDT:USDT,2020-07-04,0.0002152,short,15,2020-07-04,0.000213048,TP,0,0.78,11.7,47267.61
DENT/USDT:USDT,2020-07-05,0.0002123,short,15,2020-07-05,0.000210177,TP,0,0.78,11.7,48926.7
DASH/USDT:USDT,2020-07-06,67.24,long,15,2020-07-06,67.91239999999999,TP,0,0.78,11.7,50644.03
DOGE/USDT:USDT,2020-07-11,0.0035313,short,15,2020-07-11,0.003495987,TP,0,0.78,11.7,52421.64
CTSI/USDT:USDT,2020-07-12,0.05286,short,15,2020-07-12,0.0523314,TP,0,0.78,11.7,54261.64
ALGO/USDT:USDT,2020-07-19,0.3558,short,15,2020-07-19,0.352242,TP,0,0.78,11.7,56166.22
COTI/USDT:USDT,2020-07-23,0.04105,short,15,2020-07-23,0.0406395,TP,0,0.78,11.7,58137.65
FUN/USDT:USDT,2020-07-25,0.00478,short,15,2020-07-25,0.004732200000000001,TP,0,0.78,11.7,58500.0
FUN/USDT:USDT,2020-07-26,0.004558,short,15,2020-07-26,0.0045124200000000005,TP,0,0.78,11.7,58500.0
FTT/USDT:USDT,2020-07-30,3.326,short,15,2020-07-30,3.2927400000000002,TP,0,0.78,11.7,58500.0
CHZ/USDT:USDT,2020-08-02,0.013413,short,15,2020-08-02,0.01327887,TP,0,0.78,11.7,58500.0
DUSK/USDT:USDT,2020-08-08,0.0851,short,15,2020-08-08,0.08424899999999999,TP,0,0.78,11.7,58500.0
ALGO/USDT:USDT,2020-08-11,0.4704,short,15,2020-08-11,0.465696,TP,0,0.78,11.7,58500.0
ANKR/USDT:USDT,2020-08-12,0.013563,short,15,2020-08-12,0.013427370000000001,TP,0,0.78,11.7,58500.0
COMP/USDT:USDT,2020-08-14,205.02,short,15,2020-08-14,202.96980000000002,TP,0,0.78,11.7,58500.0
COMP/USDT:USDT,2020-08-15,196.32,short,15,2020-08-15,194.3568,TP,0,0.78,11.7,58500.0
FET/USDT:USDT,2020-08-20,0.12792,short,15,2020-08-20,0.1266408,TP,0,0.78,11.7,58500.0
COMP/USDT:USDT,2020-09-11,171.23,short,15,2020-09-11,169.5177,TP,0,0.78,11.7,58500.0
COMP/USDT:USDT,2020-09-12,172.75,short,15,2020-09-12,171.0225,TP,0,0.78,11.7,58500.0
CVC/USDT:USDT,2020-10-12,0.02969,short,15,2020-10-12,0.029393100000000002,TP,0,0.78,11.7,58500.0
CVC/USDT:USDT,2020-10-13,0.02823,short,15,2020-10-13,0.027947700000000002,TP,0,0.78,11.7,58500.0
BTC/USDT:USDT,2020-10-23,12968.5,short,15,2020-10-23,12838.815,TP,0,0.78,11.7,58500.0
EGLD/USDT:USDT,2020-10-26,9.25,short,15,2020-10-26,9.1575,TP,0,0.78,11.7,58500.0
BNT/USDT:USDT,2020-10-30,0.6274,long,15,2020-10-30,0.633674,TP,0,0.78,11.7,58500.0
ADA/USDT:USDT,2020-11-09,0.10642,short,15,2020-11-09,0.1053558,TP,0,0.78,11.7,58500.0
AAVE/USDT:USDT,2020-11-10,55.19,short,15,2020-11-10,54.638099999999994,TP,0,0.78,11.7,58500.0
AAVE/USDT:USDT,2020-11-11,66.9,short,15,2020-11-11,66.23100000000001,TP,0,0.78,11.7,58500.0
BNT/USDT:USDT,2020-11-20,1.0068,short,15,2020-11-20,0.996732,TP,0,0.78,11.7,58500.0
DUSK/USDT:USDT,2020-11-24,0.0585,short,15,2020-11-24,0.057915,TP,0,0.78,11.7,58500.0
ADA/USDT:USDT,2020-11-25,0.16715,short,15,2020-11-25,0.1654785,TP,0,0.78,11.7,58500.0
ADA/USDT:USDT,2020-11-26,0.15527,short,15,2020-11-26,0.1537173,TP,0,0.78,11.7,58500.0
FTT/USDT:USDT,2020-12-02,4.477,short,15,2020-12-02,4.432230000000001,TP,0,0.78,11.7,58500.0
AUDIO/USDT:USDT,2020-12-10,0.18562,short,15,2020-12-10,0.1837638,TP,0,0.78,11.7,58500.0
FUN/USDT:USDT,2020-12-11,0.003922,long,15,2020-12-11,0.0039612200000000005,TP,0,0.78,11.7,58500.0
BNT/USDT:USDT,2020-12-17,1.5465,short,15,2020-12-17,1.531035,TP,0,0.78,11.7,58500.0
DUSK/USDT:USDT,2020-12-18,0.0532,long,15,2020-12-18,0.053731999999999995,TP,0,0.78,11.7,58500.0
FUN/USDT:USDT,2020-12-19,0.004105,short,15,2020-12-19,0.00406395,TP,0,0.78,11.7,58500.0
FIO/USDT:USDT,2020-12-22,0.0812,short,15,2020-12-22,0.08038799999999999,TP,0,0.78,11.7,58500.0
DOGE/USDT:USDT,2020-12-23,0.004517,short,15,2020-12-23,0.00447183,TP,0,0.78,11.7,58500.0
DOGE/USDT:USDT,2020-12-24,0.003769,short,15,2020-12-24,0.0037313100000000003,TP,0,0.78,11.7,58500.0
ARPA/USDT:USDT,2021-01-01,0.02386,short,15,2021-01-01,0.0236214,TP,0,0.78,11.7,58500.0
FUN/USDT:USDT,2021-01-02,0.007323,short,15,2021-01-02,0.00724977,TP,0,0.78,11.7,58500.0
FUN/USDT:USDT,2021-01-03,0.005541,short,15,2021-01-03,0.005557622999999999,SL,0,-0.52,-7.8,-39000.0
DOGE/USDT:USDT,2021-01-04,0.009901,short,15,2021-01-04,0.00980199,TP,0,0.78,11.7,58500.0
DOGE/USDT:USDT,2021-01-05,0.009777,short,15,2021-01-05,0.009679229999999999,TP,0,0.78,11.7,58500.0
FIO/USDT:USDT,2021-01-06,0.0634,short,15,2021-01-06,0.062766,TP,0,0.78,11.7,58500.0
CTK/USDT:USDT,2021-01-07,0.94396,short,15,2021-01-07,0.9345204,TP,0,0.78,11.7,58500.0
DENT/USDT:USDT,2021-01-11,0.0003127,short,15,2021-01-11,0.000309573,TP,0,0.78,11.7,58500.0
COS/USDT:USDT,2021-01-17,0.00799,short,15,2021-01-17,0.0079101,TP,0,0.78,11.7,58500.0
AVA/USDT:USDT,2021-01-18,1.51,short,15,2021-01-18,1.4949,TP,0,0.78,11.7,58500.0
AVA/USDT:USDT,2021-01-19,1.3901,short,15,2021-01-19,1.3942702999999996,SL,0,-0.52,-7.8,-39000.0
COS/USDT:USDT,2021-01-21,0.00901,short,15,2021-01-21,0.0089199,TP,0,0.78,11.7,58500.0
BNT/USDT:USDT,2021-01-27,1.9002,short,15,2021-01-27,1.881198,TP,0,0.78,11.7,58500.0
DUSK/USDT:USDT,2021-02-02,0.0743,short,15,2021-02-02,0.073557,TP,0,0.78,11.7,58500.0
FUN/USDT:USDT,2021-02-04,0.047023,short,15,2021-02-04,0.04655277,TP,0,0.78,11.7,58500.0
ANKR/USDT:USDT,2021-02-06,0.017227,short,15,2021-02-06,0.01705473,TP,0,0.78,11.7,58500.0
BNB/USDT:USDT,2021-02-08,68.192,short,15,2021-02-08,68.39657599999998,SL,0,-0.52,-7.8,-39000.0
EGLD/USDT:USDT,2021-02-09,165.203,short,15,2021-02-09,163.55097,TP,0,0.78,11.7,58500.0
EGLD/USDT:USDT,2021-02-10,196.629,short,15,2021-02-10,194.66270999999998,TP,0,0.78,11.7,58500.0
CTK/USDT:USDT,2021-02-12,2.12534,short,15,2021-02-12,2.1040866,TP,0,0.78,11.7,58500.0
CTSI/USDT:USDT,2021-02-13,0.2858,short,15,2021-02-13,0.28294199999999997,TP,0,0.78,11.7,58500.0
BAT/USDT:USDT,2021-02-14,0.621,short,15,2021-02-14,0.61479,TP,0,0.78,11.7,58500.0
DASH/USDT:USDT,2021-02-15,231.83,short,15,2021-02-15,229.51170000000002,TP,0,0.78,11.7,58500.0
BSV/USDT:USDT,2021-02-16,239.8,short,15,2021-02-16,237.40200000000002,TP,0,0.78,11.7,58500.0
AXS/USDT:USDT,2021-02-17,1.96742,short,15,2021-02-17,1.9477457999999999,TP,0,0.78,11.7,58500.0
FTT/USDT:USDT,2021-02-21,31.447,short,15,2021-02-21,31.13253,TP,0,0.78,11.7,58500.0
BTC/USDT:USDT,2021-03-03,48444.5,long,15,2021-03-03,48928.945,TP,0,0.78,11.7,58500.0
AUDIO/USDT:USDT,2021-03-06,0.5997,short,15,2021-03-06,0.6014991,SL,0,-0.52,-7.8,-39000.0
ARPA/USDT:USDT,2021-03-07,0.04269,short,15,2021-03-07,0.0422631,TP,0,0.78,11.7,58500.0
ARPA/USDT:USDT,2021-03-12,0.0713,short,15,2021-03-12,0.070587,TP,0,0.78,11.7,58500.0
ASR/USDT:USDT,2021-03-13,8.966,short,15,2021-03-13,8.876339999999999,TP,0,0.78,11.7,58500.0
FUN/USDT:USDT,2021-03-14,0.033082,long,15,2021-03-14,0.03341282,TP,0,0.78,11.7,58500.0
DENT/USDT:USDT,2021-03-15,0.0034501,short,15,2021-03-15,0.003415599,TP,0,0.78,11.7,58500.0
DENT/USDT:USDT,2021-03-24,0.010509,short,15,2021-03-24,0.010403909999999999,TP,0,0.78,11.7,58500.0
DENT/USDT:USDT,2021-03-25,0.0095178,short,15,2021-03-25,0.009422622,TP,0,0.78,11.7,58500.0
AUDIO/USDT:USDT,2021-03-29,3.67775,short,15,2021-03-29,3.6409725,TP,0,0.78,11.7,58500.0
ETC/USDT:USDT,2021-04-09,19.7,short,15,2021-04-09,19.503,TP,0,0.78,11.7,58500.0
DODO/USDT:USDT,2021-04-14,4.946,short,15,2021-04-14,4.89654,TP,0,0.78,11.7,58500.0
ADA/USDT:USDT,2021-04-16,1.48252,short,15,2021-04-16,1.4676948,TP,0,0.78,11.7,58500.0
DOGE/USDT:USDT,2021-04-18,0.282758,short,15,2021-04-18,0.27993042,TP,0,0.78,11.7,58500.0
ETC/USDT:USDT,2021-04-19,36.956,short,15,2021-04-19,36.58644,TP,0,0.78,11.7,58500.0
DUSK/USDT:USDT,2021-04-22,0.2689,long,15,2021-04-22,0.27158899999999997,TP,0,0.78,11.7,58500.0
COMP/USDT:USDT,2021-04-25,567.74,short,15,2021-04-25,562.0626,TP,0,0.78,11.7,58500.0
CTSI/USDT:USDT,2021-05-06,0.93764,short,15,2021-05-06,0.9282636,TP,0,0.78,11.7,58500.0
ASR/USDT:USDT,2021-05-18,10.191,short,15,2021-05-18,10.221573,SL,0,-0.52,-7.8,-39000.0
BTC/USDT:USDT,2021-05-21,40534.5,long,15,2021-05-21,40939.845,TP,0,0.78,11.7,58500.0
CHZ/USDT:USDT,2021-06-14,0.28528,short,15,2021-06-14,0.2824272,TP,0,0.78,11.7,58500.0
AVA/USDT:USDT,2021-06-18,3.0921,short,15,2021-06-18,3.0611789999999997,TP,0,0.78,11.7,58500.0
DOGE/USDT:USDT,2021-06-23,0.190343,long,15,2021-06-23,0.19224643000000002,TP,0,0.78,11.7,58500.0
DOGE/USDT:USDT,2021-06-24,0.234733,long,15,2021-06-24,0.23708033,TP,0,0.78,11.7,58500.0
BNT/USDT:USDT,2021-07-01,3.3538,short,15,2021-07-01,3.320262,TP,0,0.78,11.7,58500.0
ETC/USDT:USDT,2021-07-02,53.089,short,15,2021-07-02,52.55811,TP,0,0.78,11.7,58500.0
FTT/USDT:USDT,2021-07-18,26.383,long,15,2021-07-18,26.646829999999998,TP,0,0.78,11.7,58500.0
BAR/USDT:USDT,2021-07-23,22.691,short,15,2021-07-23,22.46409,TP,0,0.78,11.7,58500.0
BAR/USDT:USDT,2021-07-24,22.102,short,15,2021-07-24,21.88098,TP,0,0.78,11.7,58500.0
DEGO/USDT:USDT,2021-07-27,8.36,short,15,2021-07-27,8.276399999999999,TP,0,0.78,11.7,58500.0
ANKR/USDT:USDT,2021-07-28,0.083776,short,15,2021-07-28,0.08293824,TP,0,0.78,11.7,58500.0
CVC/USDT:USDT,2021-07-29,0.26455,short,15,2021-07-29,0.2619045,TP,0,0.78,11.7,58500.0
CVC/USDT:USDT,2021-07-30,0.27491,short,15,2021-07-30,0.2721609,TP,0,0.78,11.7,58500.0
BSV/USDT:USDT,2021-07-31,141.7,short,15,2021-07-31,140.283,TP,0,0.78,11.7,58500.0
BSV/USDT:USDT,2021-08-01,140.75,short,15,2021-08-01,141.17225,SL,0,-0.52,-7.8,-39000.0
FUN/USDT:USDT,2021-08-04,0.018464,short,15,2021-08-04,0.01827936,TP,0,0.78,11.7,58500.0
FORTH/USDT:USDT,2021-08-08,18.21,short,15,2021-08-08,18.0279,TP,0,0.78,11.7,58500.0
DIA/USDT:USDT,2021-08-10,1.621,short,15,2021-08-10,1.60479,TP,0,0.78,11.7,58500.0
CTSI/USDT:USDT,2021-08-11,0.7478,short,15,2021-08-11,0.740322,TP,0,0.78,11.7,58500.0
ARPA/USDT:USDT,2021-08-15,0.05803,short,15,2021-08-15,0.0574497,TP,0,0.78,11.7,58500.0
DENT/USDT:USDT,2021-08-16,0.0074344,short,15,2021-08-16,0.007360055999999999,TP,0,0.78,11.7,58500.0
AR/USDT:USDT,2021-08-20,30.162,short,15,2021-08-20,29.86038,TP,0,0.78,11.7,58500.0
AR/USDT:USDT,2021-08-21,31.092,short,15,2021-08-21,30.78108,TP,0,0.78,11.7,58500.0
COS/USDT:USDT,2021-08-23,0.02533,short,15,2021-08-23,0.025076699999999997,TP,0,0.78,11.7,58500.0
COS/USDT:USDT,2021-08-24,0.02475,short,15,2021-08-24,0.0245025,TP,0,0.78,11.7,58500.0
AVA/USDT:USDT,2021-08-25,3.0183,long,15,2021-08-25,3.048483,TP,0,0.78,11.7,58500.0
CELO/USDT:USDT,2021-08-30,4.264,short,15,2021-08-30,4.22136,TP,0,0.78,11.7,58500.0
CVC/USDT:USDT,2021-09-06,0.6257,short,15,2021-09-06,0.6194430000000001,TP,0,0.78,11.7,58500.0
ASR/USDT:USDT,2021-09-23,7.592,long,15,2021-09-23,7.66792,TP,0,0.78,11.7,58500.0
DOGE/USDT:USDT,2021-10-08,0.243049,short,15,2021-10-08,0.24377814699999997,SL,0,-0.52,-7.8,-39000.0
DODO/USDT:USDT,2021-10-17,1.602,short,15,2021-10-17,1.5859800000000002,TP,0,0.78,11.7,58500.0
FIO/USDT:USDT,2021-10-19,0.1915,short,15,2021-10-19,0.189585,TP,0,0.78,11.7,58500.0
CKB/USDT:USDT,2021-10-20,0.02081,short,15,2021-10-20,0.0206019,TP,0,0.78,11.7,58500.0
CTSI/USDT:USDT,2021-10-22,0.8178,short,15,2021-10-22,0.809622,TP,0,0.78,11.7,58500.0
ANKR/USDT:USDT,2021-11-02,0.120761,short,15,2021-11-02,0.12112328299999998,SL,0,-0.52,-7.8,-39000.0
ANKR/USDT:USDT,2021-11-04,0.128183,short,15,2021-11-04,0.12690116999999998,TP,0,0.78,11.7,58500.0
FIDA/USDT:USDT,2021-11-05,9.923,short,15,2021-11-05,9.82377,TP,0,0.78,11.7,58500.0
FIDA/USDT:USDT,2021-11-06,9.413,short,15,2021-11-06,9.31887,TP,0,0.78,11.7,58500.0
DIA/USDT:USDT,2021-11-11,1.865,short,15,2021-11-11,1.84635,TP,0,0.78,11.7,58500.0
CELR/USDT:USDT,2021-11-12,0.12906,short,15,2021-11-12,0.1277694,TP,0,0.78,11.7,58500.0
BTC/USDT:USDT,2021-11-14,64414.0,long,15,2021-11-14,65058.14,TP,0,0.78,11.7,58500.0
BTC/USDT:USDT,2021-11-15,65542.5,long,15,2021-11-15,66197.925,TP,0,0.78,11.7,58500.0
DEGO/USDT:USDT,2021-11-22,10.71,short,15,2021-11-22,10.6029,TP,0,0.78,11.7,58500.0
EGLD/USDT:USDT,2021-11-24,467.177,short,15,2021-11-24,462.50523000000004,TP,0,0.78,11.7,58500.0
CRV/USDT:USDT,2021-11-27,4.927,short,15,2021-11-27,4.87773,TP,0,0.78,11.7,58500.0
BAT/USDT:USDT,2021-11-28,1.7604,short,15,2021-11-28,1.742796,TP,0,0.78,11.7,58500.0
BNT/USDT:USDT,2021-12-02,4.088,short,15,2021-12-02,4.04712,TP,0,0.78,11.7,58500.0
CTK/USDT:USDT,2021-12-03,2.29,short,15,2021-12-03,2.2671,TP,0,0.78,11.7,58500.0
ETC/USDT:USDT,2021-12-06,38.804,long,15,2021-12-06,39.192040000000006,TP,0,0.78,11.7,58500.0
BAR/USDT:USDT,2021-12-07,9.76,long,15,2021-12-07,9.8576,TP,0,0.78,11.7,58500.0
BAR/USDT:USDT,2021-12-13,9.41,long,15,2021-12-13,9.504100000000001,TP,0,0.78,11.7,58500.0
DUSK/USDT:USDT,2021-12-15,0.553,short,15,2021-12-15,0.54747,TP,0,0.78,11.7,58500.0
ASR/USDT:USDT,2021-12-25,4.003,short,15,2021-12-25,4.015009,SL,0,-0.52,-7.8,-39000.0
DENT/USDT:USDT,2021-12-26,0.004552,short,15,2021-12-26,0.004506479999999999,TP,0,0.78,11.7,58500.0
FIDA/USDT:USDT,2021-12-29,3.959,long,15,2021-12-29,3.99859,TP,0,0.78,11.7,58500.0
FARM/USDT:USDT,2021-12-30,162.9,short,15,2021-12-30,161.27100000000002,TP,0,0.78,11.7,58500.0
DIA/USDT:USDT,2022-01-01,1.303,long,15,2022-01-01,1.31603,TP,0,0.78,11.7,58500.0
BTC/USDT:USDT,2022-01-07,43100.0,long,15,2022-01-07,42970.7,SL,0,-0.52,-7.8,-39000.0
BNB/USDT:USDT,2022-01-09,429.552,long,15,2022-01-09,433.84752000000003,TP,0,0.78,11.7,58500.0
DOGE/USDT:USDT,2022-01-16,0.184625,short,15,2022-01-16,0.18277875000000002,TP,0,0.78,11.7,58500.0
ADA/USDT:USDT,2022-01-19,1.4616,short,15,2022-01-19,1.446984,TP,0,0.78,11.7,58500.0
GALA/USDT:USDT,2022-01-21,0.26191,long,15,2022-01-21,0.26452909999999996,TP,0,0.78,11.7,58500.0
ASR/USDT:USDT,2022-01-22,3.168,long,15,2022-01-22,3.1996800000000003,TP,0,0.78,11.7,58500.0
BNT/USDT:USDT,2022-01-23,2.322,long,15,2022-01-23,2.3452200000000003,TP,0,0.78,11.7,58500.0
AUDIO/USDT:USDT,2022-01-24,0.9362,long,15,2022-01-24,0.9333914,SL,0,-0.52,-7.8,-39000.0
GALA/USDT:USDT,2022-01-25,0.18499,long,15,2022-01-25,0.18683989999999998,TP,0,0.78,11.7,58500.0
BNT/USDT:USDT,2022-01-29,2.396,long,15,2022-01-29,2.41996,TP,0,0.78,11.7,58500.0
CFX/USDT:USDT,2022-02-08,0.1439,short,15,2022-02-08,0.142461,TP,0,0.78,11.7,58500.0
ARPA/USDT:USDT,2022-02-09,0.08658,short,15,2022-02-09,0.0857142,TP,0,0.78,11.7,58500.0
CITY/USDT:USDT,2022-02-11,10.59,short,15,2022-02-11,10.4841,TP,0,0.78,11.7,58500.0
AAVE/USDT:USDT,2022-02-12,163.3,short,15,2022-02-12,161.667,TP,0,0.78,11.7,58500.0
AMP/USDT:USDT,2022-02-13,0.03121,long,15,2022-02-13,0.03111637,SL,0,-0.52,-7.8,-39000.0
API3/USDT:USDT,2022-02-22,5.212,short,15,2022-02-22,5.2276359999999995,SL,0,-0.52,-7.8,-39000.0
ALICE/USDT:USDT,2022-02-23,6.795,long,15,2022-02-23,6.86295,TP,0,0.78,11.7,58500.0
ASR/USDT:USDT,2022-03-02,3.069,short,15,2022-03-02,3.03831,TP,0,0.78,11.7,58500.0
FARM/USDT:USDT,2022-03-15,88.0,long,15,2022-03-15,88.88,TP,0,0.78,11.7,58500.0
ASR/USDT:USDT,2022-03-16,3.233,short,15,2022-03-16,3.20067,TP,0,0.78,11.7,58500.0
COS/USDT:USDT,2022-03-22,0.0172,short,15,2022-03-22,0.017028,TP,0,0.78,11.7,58500.0
ETC/USDT:USDT,2022-03-23,45.84,short,15,2022-03-23,45.381600000000006,TP,0,0.78,11.7,58500.0
ETC/USDT:USDT,2022-03-24,45.142,short,15,2022-03-24,44.690580000000004,TP,0,0.78,11.7,58500.0
ARPA/USDT:USDT,2022-03-26,0.08022,short,15,2022-03-26,0.0794178,TP,0,0.78,11.7,58500.0
FTT/USDT:USDT,2022-03-27,49.9,short,15,2022-03-27,50.049699999999994,SL,0,-0.52,-7.8,-39000.0
CFX/USDT:USDT,2022-03-30,0.174,short,15,2022-03-30,0.17226,TP,0,0.78,11.7,58500.0
ASTR/USDT:USDT,2022-03-31,0.1543,short,15,2022-03-31,0.152757,TP,0,0.78,11.7,58500.0
ASTR/USDT:USDT,2022-04-02,0.2557,short,15,2022-04-02,0.253143,TP,0,0.78,11.7,58500.0
ASTR/USDT:USDT,2022-04-03,0.2345,short,15,2022-04-03,0.23215499999999997,TP,0,0.78,11.7,58500.0
ASTR/USDT:USDT,2022-04-04,0.2163,short,15,2022-04-04,0.214137,TP,0,0.78,11.7,58500.0
CELO/USDT:USDT,2022-04-06,4.2646,short,15,2022-04-06,4.221953999999999,TP,0,0.78,11.7,58500.0
ACH/USDT:USDT,2022-04-15,0.03649,long,15,2022-04-15,0.0368549,TP,0,0.78,11.7,58500.0
AMP/USDT:USDT,2022-04-24,0.02204,short,15,2022-04-24,0.0218196,TP,0,0.78,11.7,58500.0
BSV/USDT:USDT,2022-04-26,80.65,long,15,2022-04-26,80.40805,SL,0,-0.52,-7.8,-39000.0
COMP/USDT:USDT,2022-04-27,120.44,long,15,2022-04-27,121.6444,TP,0,0.78,11.7,58500.0
CITY/USDT:USDT,2022-04-28,12.22,long,15,2022-04-28,12.3422,TP,0,0.78,11.7,58500.0
ATOM/USDT:USDT,2022-04-29,20.741,long,15,2022-04-29,20.678777,SL,0,-0.52,-7.8,-39000.0
CRV/USDT:USDT,2022-05-03,2.101,long,15,2022-05-03,2.12201,TP,0,0.78,11.7,58500.0
BOBA/USDT:USDT,2022-05-05,0.9095,long,15,2022-05-05,0.9185949999999999,TP,0,0.78,11.7,58500.0
CRV/USDT:USDT,2022-05-06,2.46,short,15,2022-05-06,2.4354,TP,0,0.78,11.7,58500.0
CRV/USDT:USDT,2022-05-07,2.291,short,15,2022-05-07,2.26809,TP,0,0.78,11.7,58500.0
AAVE/USDT:USDT,2022-05-10,99.46,long,15,2022-05-10,100.4546,TP,0,0.78,11.7,58500.0
ADA/USDT:USDT,2022-05-11,0.62792,long,15,2022-05-11,0.6341992000000001,TP,0,0.78,11.7,58500.0
COTI/USDT:USDT,2022-05-12,0.11254,long,15,2022-05-12,0.1136654,TP,0,0.78,11.7,58500.0
AVA/USDT:USDT,2022-05-13,0.591,long,15,2022-05-13,0.5969099999999999,TP,0,0.78,11.7,58500.0
AXS/USDT:USDT,2022-05-14,20.1959,long,15,2022-05-14,20.397859,TP,0,0.78,11.7,58500.0
FORTH/USDT:USDT,2022-05-18,3.83,short,15,2022-05-18,3.7917,TP,0,0.78,11.7,58500.0
DODO/USDT:USDT,2022-05-26,0.17,short,15,2022-05-26,0.1683,TP,0,0.78,11.7,58500.0
COTI/USDT:USDT,2022-06-03,0.12357,short,15,2022-06-03,0.12233429999999999,TP,0,0.78,11.7,58500.0
EGLD/USDT:USDT,2022-06-08,66.519,long,15,2022-06-08,67.18419,TP,0,0.78,11.7,58500.0
ANKR/USDT:USDT,2022-06-09,0.038178,short,15,2022-06-09,0.03779622,TP,0,0.78,11.7,58500.0
ANKR/USDT:USDT,2022-06-12,0.031813,long,15,2022-06-12,0.03213113,TP,0,0.78,11.7,58500.0
CVX/USDT:USDT,2022-06-13,4.99,long,15,2022-06-13,5.0399,TP,0,0.78,11.7,58500.0
AUDIO/USDT:USDT,2022-06-14,0.3023,long,15,2022-06-14,0.305323,TP,0,0.78,11.7,58500.0
BTC/USDT:USDT,2022-06-15,22126.0,long,15,2022-06-15,22347.26,TP,0,0.78,11.7,58500.0
BTC/USDT:USDT,2022-06-16,22569.5,long,15,2022-06-16,22795.195,TP,0,0.78,11.7,58500.0
BNT/USDT:USDT,2022-06-17,0.594,long,15,2022-06-17,0.59994,TP,0,0.78,11.7,58500.0
BNT/USDT:USDT,2022-06-18,0.561,long,15,2022-06-18,0.5666100000000001,TP,0,0.78,11.7,58500.0
BNT/USDT:USDT,2022-06-20,0.518,long,15,2022-06-20,0.52318,TP,0,0.78,11.7,58500.0
BOBA/USDT:USDT,2022-06-24,0.354,short,15,2022-06-24,0.35506199999999993,SL,0,-0.52,-7.8,-39000.0
BOBA/USDT:USDT,2022-06-25,0.386,short,15,2022-06-25,0.38214,TP,0,0.78,11.7,58500.0
FIO/USDT:USDT,2022-07-02,0.0378,long,15,2022-07-02,0.038178000000000004,TP,0,0.78,11.7,58500.0
FORTH/USDT:USDT,2022-07-08,3.52,long,15,2022-07-08,3.5552,TP,0,0.78,11.7,58500.0
FIDA/USDT:USDT,2022-07-11,0.4196,short,15,2022-07-11,0.415404,TP,0,0.78,11.7,58500.0
ALPINE/USDT:USDT,2022-07-18,2.506,short,15,2022-07-18,2.48094,TP,0,0.78,11.7,58500.0
ETC/USDT:USDT,2022-07-19,25.239,short,15,2022-07-19,24.98661,TP,0,0.78,11.7,58500.0
ETC/USDT:USDT,2022-07-20,25.225,short,15,2022-07-20,24.97275,TP,0,0.78,11.7,58500.0
ETC/USDT:USDT,2022-07-21,23.338,short,15,2022-07-21,23.10462,TP,0,0.78,11.7,58500.0
FORTH/USDT:USDT,2022-07-31,5.75,short,15,2022-07-31,5.6925,TP,0,0.78,11.7,58500.0
FARM/USDT:USDT,2022-08-01,53.6,short,15,2022-08-01,53.064,TP,0,0.78,11.7,58500.0
CRV/USDT:USDT,2022-08-03,1.333,long,15,2022-08-03,1.34633,TP,0,0.78,11.7,58500.0
CRV/USDT:USDT,2022-08-04,1.331,long,15,2022-08-04,1.34431,TP,0,0.78,11.7,58500.0
COTI/USDT:USDT,2022-08-07,0.11398,long,15,2022-08-07,0.1151198,TP,0,0.78,11.7,58500.0
COTI/USDT:USDT,2022-08-11,0.12178,short,15,2022-08-11,0.1205622,TP,0,0.78,11.7,58500.0
DUSK/USDT:USDT,2022-08-12,0.16456,short,15,2022-08-12,0.16291440000000001,TP,0,0.78,11.7,58500.0
API3/USDT:USDT,2022-08-15,2.382,short,15,2022-08-15,2.3891459999999998,SL,0,-0.52,-7.8,-39000.0
CITY/USDT:USDT,2022-08-21,6.54,short,15,2022-08-21,6.4746,TP,0,0.78,11.7,58500.0
ATOM/USDT:USDT,2022-08-26,12.853,short,15,2022-08-26,12.72447,TP,0,0.78,11.7,58500.0
CFX/USDT:USDT,2022-08-28,0.0545,short,15,2022-08-28,0.053954999999999996,TP,0,0.78,11.7,58500.0
ATA/USDT:USDT,2022-09-04,0.1538,long,15,2022-09-04,0.155338,TP,0,0.78,11.7,58500.0
ATA/USDT:USDT,2022-09-05,0.1571,long,15,2022-09-05,0.15867099999999998,TP,0,0.78,11.7,58500.0
FIDA/USDT:USDT,2022-09-12,0.5181,short,15,2022-09-12,0.512919,TP,0,0.78,11.7,58500.0
AMP/USDT:USDT,2022-09-13,0.0062,short,15,2022-09-13,0.006137999999999999,TP,0,0.78,11.7,58500.0
CKB/USDT:USDT,2022-09-15,0.00417,short,15,2022-09-15,0.0041283,TP,0,0.78,11.7,58500.0
CKB/USDT:USDT,2022-09-16,0.0039,short,15,2022-09-16,0.003861,TP,0,0.78,11.7,58500.0
CHZ/USDT:USDT,2022-09-17,0.21007,long,15,2022-09-17,0.21217070000000002,TP,0,0.78,11.7,58500.0
CHZ/USDT:USDT,2022-09-18,0.22522,long,15,2022-09-18,0.2274722,TP,0,0.78,11.7,58500.0
ETHW/USDT:USDT,2022-09-20,6.02,long,15,2022-09-20,6.0802,TP,0,0.78,11.7,58500.0
CHZ/USDT:USDT,2022-09-21,0.24,short,15,2022-09-21,0.23759999999999998,TP,0,0.78,11.7,58500.0
COS/USDT:USDT,2022-09-23,0.00611,long,15,2022-09-23,0.0061711,TP,0,0.78,11.7,58500.0
ALGO/USDT:USDT,2022-09-24,0.3991,short,15,2022-09-24,0.395109,TP,0,0.78,11.7,58500.0
COTI/USDT:USDT,2022-09-25,0.10589,short,15,2022-09-25,0.1048311,TP,0,0.78,11.7,58500.0
ETHW/USDT:USDT,2022-09-27,10.962,short,15,2022-09-27,10.85238,TP,0,0.78,11.7,58500.0
BSV/USDT:USDT,2022-09-28,49.74,long,15,2022-09-28,50.2374,TP,0,0.78,11.7,58500.0
ACH/USDT:USDT,2022-09-30,0.01207,long,15,2022-09-30,0.01203379,SL,0,-0.52,-7.8,-39000.0
FIO/USDT:USDT,2022-10-01,0.0449,long,15,2022-10-01,0.0447653,SL,0,-0.52,-7.8,-39000.0
ATA/USDT:USDT,2022-10-02,0.1577,short,15,2022-10-02,0.156123,TP,0,0.78,11.7,58500.0
FIDA/USDT:USDT,2022-10-03,0.4283,short,15,2022-10-03,0.42401700000000003,TP,0,0.78,11.7,58500.0
DODO/USDT:USDT,2022-10-04,0.1404,short,15,2022-10-04,0.138996,TP,0,0.78,11.7,58500.0
DODO/USDT:USDT,2022-10-05,0.1359,short,15,2022-10-05,0.134541,TP,0,0.78,11.7,58500.0
EGLD/USDT:USDT,2022-10-06,54.38,short,15,2022-10-06,54.543139999999994,SL,0,-0.52,-7.8,-39000.0
AUDIO/USDT:USDT,2022-10-11,0.1871,long,15,2022-10-11,0.1865387,SL,0,-0.52,-7.8,-39000.0
AUDIO/USDT:USDT,2022-10-12,0.1852,long,15,2022-10-12,0.187052,TP,0,0.78,11.7,58500.0
AUDIO/USDT:USDT,2022-10-13,0.1862,long,15,2022-10-13,0.1856414,SL,0,-0.52,-7.8,-39000.0
AMP/USDT:USDT,2022-10-14,0.00479,long,15,2022-10-14,0.0048379,TP,0,0.78,11.7,58500.0
AUCTION/USDT:USDT,2022-10-15,5.77,long,15,2022-10-15,5.752689999999999,SL,0,-0.52,-7.8,-39000.0
ENS/USDT:USDT,2022-10-16,19.518,short,15,2022-10-16,19.32282,TP,0,0.78,11.7,58500.0
ANKR/USDT:USDT,2022-10-20,0.02973,short,15,2022-10-20,0.0294327,TP,0,0.78,11.7,58500.0
AAVE/USDT:USDT,2022-10-21,80.67,short,15,2022-10-21,79.8633,TP,0,0.78,11.7,58500.0
ALPINE/USDT:USDT,2022-10-22,2.9334,long,15,2022-10-22,2.9245997999999997,SL,0,-0.52,-7.8,-39000.0
AXS/USDT:USDT,2022-10-23,8.985,long,15,2022-10-23,9.07485,TP,0,0.78,11.7,58500.0
DUSK/USDT:USDT,2022-10-29,0.12833,short,15,2022-10-29,0.12871498999999997,SL,0,-0.52,-7.8,-39000.0
DOGE/USDT:USDT,2022-10-30,0.1217,short,15,2022-10-30,0.120483,TP,0,0.78,11.7,58500.0
DOGE/USDT:USDT,2022-10-31,0.117686,short,15,2022-10-31,0.11650914,TP,0,0.78,11.7,58500.0
GALA/USDT:USDT,2022-11-02,0.03986,short,15,2022-11-02,0.0394614,TP,0,0.78,11.7,58500.0
BAT/USDT:USDT,2022-11-04,0.3234,long,15,2022-11-04,0.32663400000000004,TP,0,0.78,11.7,58500.0
GALA/USDT:USDT,2022-11-05,0.03856,long,15,2022-11-05,0.0389456,TP,0,0.78,11.7,58500.0
DIA/USDT:USDT,2022-11-06,0.429,short,15,2022-11-06,0.42471,TP,0,0.78,11.7,58500.0
AVA/USDT:USDT,2022-11-08,0.774,short,15,2022-11-08,0.76626,TP,0,0.78,11.7,58500.0
BAR/USDT:USDT,2022-11-09,4.47,short,15,2022-11-09,4.4253,TP,0,0.78,11.7,58500.0
FTT/USDT:USDT,2022-11-10,2.2871,long,15,2022-11-10,2.309971,TP,0,0.78,11.7,58500.0
AXS/USDT:USDT,2022-11-11,7.34,long,15,2022-11-11,7.4134,TP,0,0.78,11.7,58500.0
FARM/USDT:USDT,2022-11-27,31.8,short,15,2022-11-27,31.8954,SL,0,-0.52,-7.8,-39000.0
FARM/USDT:USDT,2022-11-28,32.4,short,15,2022-11-28,32.076,TP,0,0.78,11.7,58500.0
CELO/USDT:USDT,2022-11-30,0.616,short,15,2022-11-30,0.6098399999999999,TP,0,0.78,11.7,58500.0
DEGO/USDT:USDT,2022-12-02,2.28,short,15,2022-12-02,2.2571999999999997,TP,0,0.78,11.7,58500.0
FORTH/USDT:USDT,2022-12-04,3.27,short,15,2022-12-04,3.2798099999999994,SL,0,-0.52,-7.8,-39000.0
FORTH/USDT:USDT,2022-12-05,3.6,short,15,2022-12-05,3.564,TP,0,0.78,11.7,58500.0
FET/USDT:USDT,2022-12-09,0.0889,short,15,2022-12-09,0.0891667,SL,0,-0.52,-7.8,-39000.0
FET/USDT:USDT,2022-12-10,0.1202,short,15,2022-12-10,0.118998,TP,0,0.78,11.7,58500.0
FET/USDT:USDT,2022-12-11,0.093,short,15,2022-12-11,0.09327899999999999,SL,0,-0.52,-7.8,-39000.0
FIDA/USDT:USDT,2022-12-15,0.3523,long,15,2022-12-15,0.355823,TP,0,0.78,11.7,58500.0
BNB/USDT:USDT,2022-12-18,241.7,long,15,2022-12-18,244.117,TP,0,0.78,11.7,58500.0
BNB/USDT:USDT,2022-12-19,250.74,long,15,2022-12-19,249.98778000000001,SL,0,-0.52,-7.8,-39000.0
BOBA/USDT:USDT,2022-12-24,0.1765,long,15,2022-12-24,0.17826499999999998,TP,0,0.78,11.7,58500.0
CELO/USDT:USDT,2022-12-27,0.491,long,15,2022-12-27,0.49591,TP,0,0.78,11.7,58500.0
API3/USDT:USDT,2023-01-01,1.011,long,15,2023-01-01,1.0079669999999998,SL,0,-0.52,-7.8,-39000.0
API3/USDT:USDT,2023-01-02,1.012,long,15,2023-01-02,1.02212,TP,0,0.78,11.7,58500.0
CTK/USDT:USDT,2023-01-03,0.7233,short,15,2023-01-03,0.716067,TP,0,0.78,11.7,58500.0
AAVE/USDT:USDT,2023-01-06,55.44,short,15,2023-01-06,54.8856,TP,0,0.78,11.7,58500.0
FIDA/USDT:USDT,2023-01-08,0.3218,short,15,2023-01-08,0.318582,TP,0,0.78,11.7,58500.0
GALA/USDT:USDT,2023-01-09,0.03444,short,15,2023-01-09,0.0340956,TP,0,0.78,11.7,58500.0
CTSI/USDT:USDT,2023-01-10,0.1124,long,15,2023-01-10,0.113524,TP,0,0.78,11.7,58500.0
CRV/USDT:USDT,2023-01-11,0.651,short,15,2023-01-11,0.652953,SL,0,-0.52,-7.8,-39000.0
1000BTT/USDT:USDT,2023-01-13,0.000684,short,15,2023-01-13,0.00067716,TP,0,0.78,11.7,58500.0
BAT/USDT:USDT,2023-01-14,0.2142,short,15,2023-01-14,0.21484259999999997,SL,0,-0.52,-7.8,-39000.0
ALICE/USDT:USDT,2023-01-15,1.476,short,15,2023-01-15,1.4612399999999999,TP,0,0.78,11.7,58500.0
COMP/USDT:USDT,2023-01-16,52.23,short,15,2023-01-16,51.707699999999996,TP,0,0.78,11.7,58500.0
CVX/USDT:USDT,2023-01-17,4.816,short,15,2023-01-17,4.76784,TP,0,0.78,11.7,58500.0
CELO/USDT:USDT,2023-01-18,0.681,short,15,2023-01-18,0.6741900000000001,TP,0,0.78,11.7,58500.0
BAT/USDT:USDT,2023-01-21,0.253,long,15,2023-01-21,0.25553,TP,0,0.78,11.7,58500.0
ASTR/USDT:USDT,2023-01-24,0.051,short,15,2023-01-24,0.05048999999999999,TP,0,0.78,11.7,58500.0
DUSK/USDT:USDT,2023-01-26,0.13995,short,15,2023-01-26,0.1385505,TP,0,0.78,11.7,58500.0
COTI/USDT:USDT,2023-01-27,0.12019,short,15,2023-01-27,0.1189881,TP,0,0.78,11.7,58500.0
CFX/USDT:USDT,2023-01-28,0.06911,short,15,2023-01-28,0.0684189,TP,0,0.78,11.7,58500.0
CFX/USDT:USDT,2023-01-29,0.06369,short,15,2023-01-29,0.0630531,TP,0,0.78,11.7,58500.0
ARPA/USDT:USDT,2023-01-30,0.0372,short,15,2023-01-30,0.036828,TP,0,0.78,11.7,58500.0
ACH/USDT:USDT,2023-02-02,0.01415,short,15,2023-02-02,0.0140085,TP,0,0.78,11.7,58500.0
DYDX/USDT:USDT,2023-02-03,3.197,short,15,2023-02-03,3.1650300000000002,TP,0,0.78,11.7,58500.0
DODO/USDT:USDT,2023-02-07,0.1554,short,15,2023-02-07,0.15586619999999998,SL,0,-0.52,-7.8,-39000.0
DEGO/USDT:USDT,2023-02-09,2.675,short,15,2023-02-09,2.64825,TP,0,0.78,11.7,58500.0
ASTR/USDT:USDT,2023-02-11,0.0759,short,15,2023-02-11,0.075141,TP,0,0.78,11.7,58500.0
DENT/USDT:USDT,2023-02-18,0.001094,short,15,2023-02-18,0.0010830599999999998,TP,0,0.78,11.7,58500.0
CFX/USDT:USDT,2023-02-19,0.15536,short,15,2023-02-19,0.1538064,TP,0,0.78,11.7,58500.0
COS/USDT:USDT,2023-02-20,0.00805,short,15,2023-02-20,0.0079695,TP,0,0.78,11.7,58500.0
DENT/USDT:USDT,2023-02-21,0.001319,short,15,2023-02-21,0.0013058100000000001,TP,0,0.78,11.7,58500.0
CFX/USDT:USDT,2023-02-22,0.32732,short,15,2023-02-22,0.3240468,TP,0,0.78,11.7,58500.0
DODO/USDT:USDT,2023-02-23,0.2211,short,15,2023-02-23,0.218889,TP,0,0.78,11.7,58500.0
AMP/USDT:USDT,2023-02-24,0.00741,short,15,2023-02-24,0.0073359,TP,0,0.78,11.7,58500.0
AMP/USDT:USDT,2023-02-25,0.00689,short,15,2023-02-25,0.0068211,TP,0,0.78,11.7,58500.0
COTI/USDT:USDT,2023-03-12,0.06448,long,15,2023-03-12,0.0651248,TP,0,0.78,11.7,58500.0
ALGO/USDT:USDT,2023-03-13,0.201,long,15,2023-03-13,0.20301000000000002,TP,0,0.78,11.7,58500.0
FUN/USDT:USDT,2023-03-15,0.00674,short,15,2023-03-15,0.0066726,TP,0,0.78,11.7,58500.0
ARPA/USDT:USDT,2023-03-17,0.04208,short,15,2023-03-17,0.04220623999999999,SL,0,-0.52,-7.8,-39000.0
API3/USDT:USDT,2023-03-21,1.784,short,15,2023-03-21,1.76616,TP,0,0.78,11.7,58500.0
FORTH/USDT:USDT,2023-04-05,3.63,short,15,2023-04-05,3.5936999999999997,TP,0,0.78,11.7,58500.0
AUDIO/USDT:USDT,2023-04-09,0.292,short,15,2023-04-09,0.28908,TP,0,0.78,11.7,58500.0
ALPINE/USDT:USDT,2023-04-10,3.7703,short,15,2023-04-10,3.732597,TP,0,0.78,11.7,58500.0
ALPINE/USDT:USDT,2023-04-11,3.4173,short,15,2023-04-11,3.383127,TP,0,0.78,11.7,58500.0
BNT/USDT:USDT,2023-04-12,0.5295,short,15,2023-04-12,0.5242049999999999,TP,0,0.78,11.7,58500.0
CITY/USDT:USDT,2023-04-13,5.47,short,15,2023-04-13,5.486409999999999,SL,0,-0.52,-7.8,-39000.0
FTT/USDT:USDT,2023-04-14,2.06,short,15,2023-04-14,2.0394,TP,0,0.78,11.7,58500.0
1000BONK/USDT:USDT,2023-04-15,0.000831,short,15,2023-04-15,0.00082269,TP,0,0.78,11.7,58500.0
1000BONK/USDT:USDT,2023-04-16,0.000824,short,15,2023-04-16,0.00081576,TP,0,0.78,11.7,58500.0
CTSI/USDT:USDT,2023-04-17,0.255,short,15,2023-04-17,0.25245,TP,0,0.78,11.7,58500.0
CTSI/USDT:USDT,2023-04-18,0.233,short,15,2023-04-18,0.23067000000000001,TP,0,0.78,11.7,58500.0
COTI/USDT:USDT,2023-04-19,0.09856,short,15,2023-04-19,0.09757439999999999,TP,0,0.78,11.7,58500.0
COTI/USDT:USDT,2023-04-23,0.08314,long,15,2023-04-23,0.08289058,SL,0,-0.52,-7.8,-39000.0
EGLD/USDT:USDT,2023-04-30,41.81,short,15,2023-04-30,41.3919,TP,0,0.78,11.7,58500.0
EGLD/USDT:USDT,2023-05-03,40.63,long,15,2023-05-03,41.036300000000004,TP,0,0.78,11.7,58500.0
COS/USDT:USDT,2023-05-08,0.00639,short,15,2023-05-08,0.006326099999999999,TP,0,0.78,11.7,58500.0
ASR/USDT:USDT,2023-05-11,2.83,long,15,2023-05-11,2.82151,SL,0,-0.52,-7.8,-39000.0
FUN/USDT:USDT,2023-05-13,0.005084,long,15,2023-05-13,0.005068748,SL,0,-0.52,-7.8,-39000.0
ARPA/USDT:USDT,2023-05-14,0.0542,short,15,2023-05-14,0.053658,TP,0,0.78,11.7,58500.0
ARPA/USDT:USDT,2023-05-15,0.05181,short,15,2023-05-15,0.0512919,TP,0,0.78,11.7,58500.0
CFX/USDT:USDT,2023-05-18,0.3007,short,15,2023-05-18,0.29769300000000004,TP,0,0.78,11.7,58500.0
CTSI/USDT:USDT,2023-05-19,0.192,short,15,2023-05-19,0.19008,TP,0,0.78,11.7,58500.0
ENS/USDT:USDT,2023-05-20,10.426,short,15,2023-05-20,10.32174,TP,0,0.78,11.7,58500.0
ACH/USDT:USDT,2023-05-24,0.02806,long,15,2023-05-24,0.0283406,TP,0,0.78,11.7,58500.0
ARPA/USDT:USDT,2023-05-26,0.11426,short,15,2023-05-26,0.11311739999999999,TP,0,0.78,11.7,58500.0
ARPA/USDT:USDT,2023-05-27,0.10716,short,15,2023-05-27,0.1060884,TP,0,0.78,11.7,58500.0
ARPA/USDT:USDT,2023-05-28,0.08414,short,15,2023-05-28,0.0832986,TP,0,0.78,11.7,58500.0
CORE/USDT:USDT,2023-06-03,1.28,short,15,2023-06-03,1.2672,TP,0,0.78,11.7,58500.0
CORE/USDT:USDT,2023-06-04,1.407,short,15,2023-06-04,1.39293,TP,0,0.78,11.7,58500.0
CORE/USDT:USDT,2023-06-05,1.175,short,15,2023-06-05,1.1632500000000001,TP,0,0.78,11.7,58500.0
BNB/USDT:USDT,2023-06-08,259.19,long,15,2023-06-08,261.7819,TP,0,0.78,11.7,58500.0
BAT/USDT:USDT,2023-06-12,0.1703,long,15,2023-06-12,0.1697891,SL,0,-0.52,-7.8,-39000.0
BNB/USDT:USDT,2023-06-14,243.88,long,15,2023-06-14,246.3188,TP,0,0.78,11.7,58500.0
AUCTION/USDT:USDT,2023-06-15,3.58,long,15,2023-06-15,3.6158,TP,0,0.78,11.7,58500.0
1000BTT/USDT:USDT,2023-06-19,0.00048,long,15,2023-06-19,0.00047856,SL,0,-0.52,-7.8,-39000.0
AMP/USDT:USDT,2023-06-20,0.002005,short,15,2023-06-20,0.0020110149999999997,SL,0,-0.52,-7.8,-39000.0
ASTR/USDT:USDT,2023-06-22,0.04509,short,15,2023-06-22,0.0446391,TP,0,0.78,11.7,58500.0
1000BTT/USDT:USDT,2023-06-23,0.000475,long,15,2023-06-23,0.00047975,TP,0,0.78,11.7,58500.0
FLOKI/USDT:USDT,2023-06-24,2.698e-05,short,15,2023-06-24,2.67102e-05,TP,0,0.78,11.7,58500.0
FIDA/USDT:USDT,2023-06-25,0.2415,short,15,2023-06-25,0.24222449999999995,SL,0,-0.52,-7.8,-39000.0
FTT/USDT:USDT,2023-06-30,2.055,short,15,2023-06-30,2.03445,TP,0,0.78,11.7,58500.0
FTT/USDT:USDT,2023-07-01,1.92,short,15,2023-07-01,1.9007999999999998,TP,0,0.78,11.7,58500.0
FTT/USDT:USDT,2023-07-02,1.65,short,15,2023-07-02,1.6335,TP,0,0.78,11.7,58500.0
ALICE/USDT:USDT,2023-07-04,1.109,short,15,2023-07-04,1.09791,TP,0,0.78,11.7,58500.0
CELO/USDT:USDT,2023-07-05,0.558,short,15,2023-07-05,0.55242,TP,0,0.78,11.7,58500.0
AR/USDT:USDT,2023-07-07,5.528,short,15,2023-07-07,5.47272,TP,0,0.78,11.7,58500.0
AUCTION/USDT:USDT,2023-07-12,4.63,short,15,2023-07-12,4.583699999999999,TP,0,0.78,11.7,58500.0
ENS/USDT:USDT,2023-07-15,9.815,short,15,2023-07-15,9.716849999999999,TP,0,0.78,11.7,58500.0
CITY/USDT:USDT,2023-07-25,3.157,short,15,2023-07-25,3.12543,TP,0,0.78,11.7,58500.0
AMP/USDT:USDT,2023-07-26,0.002644,long,15,2023-07-26,0.00267044,TP,0,0.78,11.7,58500.0
DOGE/USDT:USDT,2023-07-28,0.07758,short,15,2023-07-28,0.07680419999999999,TP,0,0.78,11.7,58500.0
ALPINE/USDT:USDT,2023-07-29,2.023,long,15,2023-07-29,2.0432300000000003,TP,0,0.78,11.7,58500.0
ASTR/USDT:USDT,2023-07-30,0.0522,short,15,2023-07-30,0.052356599999999996,SL,0,-0.52,-7.8,-39000.0
CETUS/USDT:USDT,2023-07-31,0.03382,short,15,2023-07-31,0.0334818,TP,0,0.78,11.7,58500.0
BSV/USDT:USDT,2023-08-01,40.2,short,15,2023-08-01,39.798,TP,0,0.78,11.7,58500.0
BSV/USDT:USDT,2023-08-02,38.43,short,15,2023-08-02,38.0457,TP,0,0.78,11.7,58500.0
FTT/USDT:USDT,2023-08-03,1.333,long,15,2023-08-03,1.3290009999999999,SL,0,-0.52,-7.8,-39000.0
ASR/USDT:USDT,2023-08-06,2.586,short,15,2023-08-06,2.593758,SL,0,-0.52,-7.8,-39000.0
FLOKI/USDT:USDT,2023-08-07,2.267e-05,long,15,2023-08-07,2.28967e-05,TP,0,0.78,11.7,58500.0
CKB/USDT:USDT,2023-08-09,0.002976,short,15,2023-08-09,0.0029849279999999995,SL,0,-0.52,-7.8,-39000.0
ALGO/USDT:USDT,2023-08-10,0.113,short,15,2023-08-10,0.11187,TP,0,0.78,11.7,58500.0
DIA/USDT:USDT,2023-08-16,0.2448,short,15,2023-08-16,0.24235199999999998,TP,0,0.78,11.7,58500.0
DASH/USDT:USDT,2023-08-17,28.38,long,15,2023-08-17,28.6638,TP,0,0.78,11.7,58500.0
DASH/USDT:USDT,2023-08-19,26.44,long,15,2023-08-19,26.704400000000003,TP,0,0.78,11.7,58500.0
AR/USDT:USDT,2023-08-20,4.445,long,15,2023-08-20,4.489450000000001,TP,0,0.78,11.7,58500.0
CAKE/USDT:USDT,2023-08-21,1.316,long,15,2023-08-21,1.312052,SL,0,-0.52,-7.8,-39000.0
ALPINE/USDT:USDT,2023-08-23,2.094,short,15,2023-08-23,2.07306,TP,0,0.78,11.7,58500.0
ALPINE/USDT:USDT,2023-08-24,2.004,short,15,2023-08-24,1.98396,TP,0,0.78,11.7,58500.0
AVA/USDT:USDT,2023-08-25,0.552,short,15,2023-08-25,0.5464800000000001,TP,0,0.78,11.7,58500.0
DYDX/USDT:USDT,2023-08-26,2.169,short,15,2023-08-26,2.14731,TP,0,0.78,11.7,58500.0
EDU/USDT:USDT,2023-08-29,0.4081,long,15,2023-08-29,0.412181,TP,0,0.78,11.7,58500.0
EDU/USDT:USDT,2023-08-30,0.4397,long,15,2023-08-30,0.44409699999999996,TP,0,0.78,11.7,58500.0
EDU/USDT:USDT,2023-09-04,0.45,long,15,2023-09-04,0.4545,TP,0,0.78,11.7,58500.0
GALA/USDT:USDT,2023-09-05,0.01583,long,15,2023-09-05,0.0159883,TP,0,0.78,11.7,58500.0
GALA/USDT:USDT,2023-09-06,0.0164,long,15,2023-09-06,0.016350800000000002,SL,0,-0.52,-7.8,-39000.0
CTK/USDT:USDT,2023-09-07,0.558,short,15,2023-09-07,0.55242,TP,0,0.78,11.7,58500.0
1000BONK/USDT:USDT,2023-09-08,0.000231,long,15,2023-09-08,0.00023331,TP,0,0.78,11.7,58500.0
DUSK/USDT:USDT,2023-09-09,0.1102,short,15,2023-09-09,0.109098,TP,0,0.78,11.7,58500.0
DUSK/USDT:USDT,2023-09-10,0.10988,short,15,2023-09-10,0.10878120000000001,TP,0,0.78,11.7,58500.0
FTT/USDT:USDT,2023-09-11,1.055,short,15,2023-09-11,1.0444499999999999,TP,0,0.78,11.7,58500.0
1000BTT/USDT:USDT,2023-09-12,0.000382,long,15,2023-09-12,0.00038582000000000004,TP,0,0.78,11.7,58500.0
CETUS/USDT:USDT,2023-09-13,0.05081,short,15,2023-09-13,0.050301900000000004,TP,0,0.78,11.7,58500.0
BSV/USDT:USDT,2023-09-14,30.8,long,15,2023-09-14,31.108,TP,0,0.78,11.7,58500.0
AR/USDT:USDT,2023-09-17,4.368,short,15,2023-09-17,4.32432,TP,0,0.78,11.7,58500.0
EGLD/USDT:USDT,2023-09-18,25.36,short,15,2023-09-18,25.436079999999997,SL,0,-0.52,-7.8,-39000.0
AUDIO/USDT:USDT,2023-09-19,0.1518,short,15,2023-09-19,0.15225539999999999,SL,0,-0.52,-7.8,-39000.0
FARM/USDT:USDT,2023-09-20,22.61,short,15,2023-09-20,22.3839,TP,0,0.78,11.7,58500.0
AAVE/USDT:USDT,2023-09-22,62.47,short,15,2023-09-22,61.8453,TP,0,0.78,11.7,58500.0
ASTR/USDT:USDT,2023-09-23,0.05149,short,15,2023-09-23,0.0509751,TP,0,0.78,11.7,58500.0
FTT/USDT:USDT,2023-09-26,1.262,short,15,2023-09-26,1.24938,TP,0,0.78,11.7,58500.0
CSPR/USDT:USDT,2023-09-27,0.03144,long,15,2023-09-27,0.0317544,TP,0,0.78,11.7,58500.0
CSPR/USDT:USDT,2023-09-29,0.03125,long,15,2023-09-29,0.0315625,TP,0,0.78,11.7,58500.0
GMX/USDT:USDT,2023-09-30,38.59,short,15,2023-09-30,38.70577,SL,0,-0.52,-7.8,-39000.0
GMX/USDT:USDT,2023-10-01,40.58,short,15,2023-10-01,40.701739999999994,SL,0,-0.52,-7.8,-39000.0
FLOKI/USDT:USDT,2023-10-02,1.937e-05,short,15,2023-10-02,1.9176299999999998e-05,TP,0,0.78,11.7,58500.0
CTSI/USDT:USDT,2023-10-03,0.1322,short,15,2023-10-03,0.13087800000000002,TP,0,0.78,11.7,58500.0
ASR/USDT:USDT,2023-10-04,2.183,short,15,2023-10-04,2.16117,TP,0,0.78,11.7,58500.0
ANKR/USDT:USDT,2023-10-08,0.02002,long,15,2023-10-08,0.0202202,TP,0,0.78,11.7,58500.0
API3/USDT:USDT,2023-10-11,1.0344,short,15,2023-10-11,1.024056,TP,0,0.78,11.7,58500.0
FUN/USDT:USDT,2023-10-13,0.003978,long,15,2023-10-13,0.0040177799999999994,TP,0,0.78,11.7,58500.0
CTK/USDT:USDT,2023-10-14,0.42,long,15,2023-10-14,0.42419999999999997,TP,0,0.78,11.7,58500.0
FARM/USDT:USDT,2023-10-15,23.29,long,15,2023-10-15,23.5229,TP,0,0.78,11.7,58500.0
BAT/USDT:USDT,2023-10-17,0.1827,short,15,2023-10-17,0.180873,TP,0,0.78,11.7,58500.0
DIA/USDT:USDT,2023-10-18,0.2366,short,15,2023-10-18,0.234234,TP,0,0.78,11.7,58500.0
CVC/USDT:USDT,2023-10-19,0.08628,short,15,2023-10-19,0.0854172,TP,0,0.78,11.7,58500.0
GLM/USDT:USDT,2023-10-20,0.2014,short,15,2023-10-20,0.199386,TP,0,0.78,11.7,58500.0
BSV/USDT:USDT,2023-10-23,50.84,short,15,2023-10-23,50.3316,TP,0,0.78,11.7,58500.0
1000BONK/USDT:USDT,2023-10-24,0.000317,short,15,2023-10-24,0.00031383,TP,0,0.78,11.7,58500.0
1000BONK/USDT:USDT,2023-10-25,0.0003157,short,15,2023-10-25,0.000312543,TP,0,0.78,11.7,58500.0
ASTR/USDT:USDT,2023-10-26,0.05167,short,15,2023-10-26,0.0511533,TP,0,0.78,11.7,58500.0
FET/USDT:USDT,2023-10-27,0.2961,short,15,2023-10-27,0.293139,TP,0,0.78,11.7,58500.0
GALA/USDT:USDT,2023-10-28,0.01756,short,15,2023-10-28,0.01761268,SL,0,-0.52,-7.8,-39000.0
BAR/USDT:USDT,2023-10-29,2.212,short,15,2023-10-29,2.218636,SL,0,-0.52,-7.8,-39000.0
ARK/USDT:USDT,2023-10-31,0.9767,short,15,2023-10-31,0.966933,TP,0,0.78,11.7,58500.0
ARK/USDT:USDT,2023-11-01,1.0088,short,15,2023-11-01,0.9987119999999999,TP,0,0.78,11.7,58500.0
CYBER/USDT:USDT,2023-11-02,6.419,short,15,2023-11-02,6.35481,TP,0,0.78,11.7,58500.0
1000BONK/USDT:USDT,2023-11-03,0.0006755,short,15,2023-11-03,0.000668745,TP,0,0.78,11.7,58500.0
FARM/USDT:USDT,2023-11-09,28.86,short,15,2023-11-09,28.5714,TP,0,0.78,11.7,58500.0
FARM/USDT:USDT,2023-11-10,29.72,short,15,2023-11-10,29.4228,TP,0,0.78,11.7,58500.0
CVC/USDT:USDT,2023-11-11,0.10938,short,15,2023-11-11,0.1082862,TP,0,0.78,11.7,58500.0
BNT/USDT:USDT,2023-11-14,0.8504,short,15,2023-11-14,0.8418960000000001,TP,0,0.78,11.7,58500.0
CITY/USDT:USDT,2023-11-15,2.874,short,15,2023-11-15,2.882622,SL,0,-0.52,-7.8,-39000.0
BICO/USDT:USDT,2023-11-16,0.2974,long,15,2023-11-16,0.300374,TP,0,0.78,11.7,58500.0
CVC/USDT:USDT,2023-11-19,0.13984,short,15,2023-11-19,0.1384416,TP,0,0.78,11.7,58500.0
ETHW/USDT:USDT,2023-11-27,2.846,short,15,2023-11-27,2.81754,TP,0,0.78,11.7,58500.0
COS/USDT:USDT,2023-11-28,0.00662,short,15,2023-11-28,0.0065538,TP,0,0.78,11.7,58500.0
COS/USDT:USDT,2023-11-29,0.007,short,15,2023-11-29,0.00693,TP,0,0.78,11.7,58500.0
ETHW/USDT:USDT,2023-11-30,2.734,short,15,2023-11-30,2.70666,TP,0,0.78,11.7,58500.0
BIGTIME/USDT:USDT,2023-12-05,0.8273,short,15,2023-12-05,0.8190270000000001,TP,0,0.78,11.7,58500.0
BIGTIME/USDT:USDT,2023-12-06,0.783,short,15,2023-12-06,0.77517,TP,0,0.78,11.7,58500.0
CSPR/USDT:USDT,2023-12-07,0.04251,short,15,2023-12-07,0.0420849,TP,0,0.78,11.7,58500.0
1000BTT/USDT:USDT,2023-12-08,0.0007661,short,15,2023-12-08,0.0007683983,SL,0,-0.52,-7.8,-39000.0
AMP/USDT:USDT,2023-12-09,0.003427,short,15,2023-12-09,0.00339273,TP,0,0.78,11.7,58500.0
ADA/USDT:USDT,2023-12-10,0.5791,short,15,2023-12-10,0.573309,TP,0,0.78,11.7,58500.0
ADA/USDT:USDT,2023-12-11,0.5952,short,15,2023-12-11,0.589248,TP,0,0.78,11.7,58500.0
EGLD/USDT:USDT,2023-12-12,63.84,short,15,2023-12-12,63.201600000000006,TP,0,0.78,11.7,58500.0
ADA/USDT:USDT,2023-12-13,0.5788,short,15,2023-12-13,0.573012,TP,0,0.78,11.7,58500.0
1000RATS/USDT:USDT,2023-12-17,0.40081,short,15,2023-12-17,0.3968019,TP,0,0.78,11.7,58500.0
FIDA/USDT:USDT,2023-12-24,0.4154,short,15,2023-12-24,0.411246,TP,0,0.78,11.7,58500.0
CAKE/USDT:USDT,2023-12-25,2.8389,short,15,2023-12-25,2.810511,TP,0,0.78,11.7,58500.0
DEGO/USDT:USDT,2023-12-26,4.04,short,15,2023-12-26,3.9996,TP,0,0.78,11.7,58500.0
DEGO/USDT:USDT,2023-12-27,4.48,short,15,2023-12-27,4.4352,TP,0,0.78,11.7,58500.0
FARM/USDT:USDT,2023-12-28,49.49,short,15,2023-12-28,48.9951,TP,0,0.78,11.7,58500.0
FARM/USDT:USDT,2023-12-29,45.96,short,15,2023-12-29,45.5004,TP,0,0.78,11.7,58500.0
BSV/USDT:USDT,2024-01-01,96.03,short,15,2024-01-01,95.0697,TP,0,0.78,11.7,58500.0
BAT/USDT:USDT,2024-01-05,0.2476,short,15,2024-01-05,0.24512399999999998,TP,0,0.78,11.7,58500.0
ENS/USDT:USDT,2024-01-06,14.305,short,15,2024-01-06,14.16195,TP,0,0.78,11.7,58500.0
GLM/USDT:USDT,2024-01-08,0.2263,long,15,2024-01-08,0.22856300000000002,TP,0,0.78,11.7,58500.0
BAR/USDT:USDT,2024-01-09,2.273,short,15,2024-01-09,2.25027,TP,0,0.78,11.7,58500.0
ETC/USDT:USDT,2024-01-13,29.011,short,15,2024-01-13,28.72089,TP,0,0.78,11.7,58500.0
ETC/USDT:USDT,2024-01-14,28.586,short,15,2024-01-14,28.30014,TP,0,0.78,11.7,58500.0
BAR/USDT:USDT,2024-01-15,2.534,short,15,2024-01-15,2.50866,TP,0,0.78,11.7,58500.0
AXL/USDT:USDT,2024-01-19,0.9307,long,15,2024-01-19,0.9279079,SL,0,-0.52,-7.8,-39000.0
CFX/USDT:USDT,2024-01-20,0.1819,short,15,2024-01-20,0.180081,TP,0,0.78,11.7,58500.0
AXL/USDT:USDT,2024-01-21,0.9029,long,15,2024-01-21,0.911929,TP,0,0.78,11.7,58500.0
AXL/USDT:USDT,2024-01-22,0.8953,long,15,2024-01-22,0.904253,TP,0,0.78,11.7,58500.0
AXL/USDT:USDT,2024-01-24,0.9287,long,15,2024-01-24,0.937987,TP,0,0.78,11.7,58500.0
FORTH/USDT:USDT,2024-01-25,3.256,long,15,2024-01-25,3.28856,TP,0,0.78,11.7,58500.0
CVC/USDT:USDT,2024-01-26,0.0949,long,15,2024-01-26,0.095849,TP,0,0.78,11.7,58500.0
COS/USDT:USDT,2024-01-30,0.00774,short,15,2024-01-30,0.0076626,TP,0,0.78,11.7,58500.0
CKB/USDT:USDT,2024-02-03,0.004022,short,15,2024-02-03,0.004034066,SL,0,-0.52,-7.8,-39000.0
FTT/USDT:USDT,2024-02-04,1.788,long,15,2024-02-04,1.8058800000000002,TP,0,0.78,11.7,58500.0
ENS/USDT:USDT,2024-02-09,20.423,short,15,2024-02-09,20.484268999999998,SL,0,-0.52,-7.8,-39000.0
ADA/USDT:USDT,2024-02-10,0.5408,short,15,2024-02-10,0.535392,TP,0,0.78,11.7,58500.0
FIDA/USDT:USDT,2024-02-11,0.2869,short,15,2024-02-11,0.284031,TP,0,0.78,11.7,58500.0
FARM/USDT:USDT,2024-02-12,41.34,short,15,2024-02-12,40.9266,TP,0,0.78,11.7,58500.0
AR/USDT:USDT,2024-02-17,11.618,short,15,2024-02-17,11.50182,TP,0,0.78,11.7,58500.0
AR/USDT:USDT,2024-02-18,12.602,short,15,2024-02-18,12.47598,TP,0,0.78,11.7,58500.0
AGI/USDT:USDT,2024-02-19,0.11074,short,15,2024-02-19,0.11107222,SL,0,-0.52,-7.8,-39000.0
CVX/USDT:USDT,2024-02-20,4.221,short,15,2024-02-20,4.17879,TP,0,0.78,11.7,58500.0
AGI/USDT:USDT,2024-02-21,0.1568,short,15,2024-02-21,0.15523199999999998,TP,0,0.78,11.7,58500.0
GLM/USDT:USDT,2024-02-22,0.36596,short,15,2024-02-22,0.3623004,TP,0,0.78,11.7,58500.0
AERGO/USDT:USDT,2024-02-23,0.1474,short,15,2024-02-23,0.14784219999999998,SL,0,-0.52,-7.8,-39000.0
AMP/USDT:USDT,2024-02-24,0.004799,short,15,2024-02-24,0.00475101,TP,0,0.78,11.7,58500.0
COTI/USDT:USDT,2024-02-27,0.26926,short,15,2024-02-27,0.2665674,TP,0,0.78,11.7,58500.0
COTI/USDT:USDT,2024-02-28,0.22275,short,15,2024-02-28,0.2205225,TP,0,0.78,11.7,58500.0
FLOKI/USDT:USDT,2024-02-29,5.643e-05,short,15,2024-02-29,5.58657e-05,TP,0,0.78,11.7,58500.0
FLOKI/USDT:USDT,2024-03-01,5.38e-05,short,15,2024-03-01,5.3961399999999995e-05,SL,0,-0.52,-7.8,-39000.0
1000BONK/USDT:USDT,2024-03-02,0.024855,short,15,2024-03-02,0.02460645,TP,0,0.78,11.7,58500.0
DOGE/USDT:USDT,2024-03-03,0.14217,short,15,2024-03-03,0.1407483,TP,0,0.78,11.7,58500.0
ASR/USDT:USDT,2024-03-04,3.042,short,15,2024-03-04,3.01158,TP,0,0.78,11.7,58500.0
ASR/USDT:USDT,2024-03-05,2.941,short,15,2024-03-05,2.91159,TP,0,0.78,11.7,58500.0
AVA/USDT:USDT,2024-03-06,0.796,short,15,2024-03-06,0.7880400000000001,TP,0,0.78,11.7,58500.0
AVA/USDT:USDT,2024-03-07,0.8343,short,15,2024-03-07,0.8368028999999999,SL,0,-0.52,-7.8,-39000.0
FUN/USDT:USDT,2024-03-11,0.006708,short,15,2024-03-11,0.006640920000000001,TP,0,0.78,11.7,58500.0
FUN/USDT:USDT,2024-03-12,0.006705,short,15,2024-03-12,0.00663795,TP,0,0.78,11.7,58500.0
BAR/USDT:USDT,2024-03-16,3.847,short,15,2024-03-16,3.8085299999999997,TP,0,0.78,11.7,58500.0
BAR/USDT:USDT,2024-03-17,3.422,short,15,2024-03-17,3.3877800000000002,TP,0,0.78,11.7,58500.0
CORE/USDT:USDT,2024-03-28,1.0014,short,15,2024-03-28,0.9913860000000001,TP,0,0.78,11.7,58500.0
GLM/USDT:USDT,2024-03-31,0.59073,short,15,2024-03-31,0.5925021899999999,SL,0,-0.52,-7.8,-39000.0
CORE/USDT:USDT,2024-04-02,3.7802,short,15,2024-04-02,3.7423979999999997,TP,0,0.78,11.7,58500.0
CORE/USDT:USDT,2024-04-03,3.3271,short,15,2024-04-03,3.293829,TP,0,0.78,11.7,58500.0
BICO/USDT:USDT,2024-04-05,0.7235,short,15,2024-04-05,0.716265,TP,0,0.78,11.7,58500.0
FUN/USDT:USDT,2024-04-08,0.006851,short,15,2024-04-08,0.00678249,TP,0,0.78,11.7,58500.0
BNT/USDT:USDT,2024-04-09,0.9062,short,15,2024-04-09,0.897138,TP,0,0.78,11.7,58500.0
CKB/USDT:USDT,2024-04-11,0.032314,short,15,2024-04-11,0.03199086,TP,0,0.78,11.7,58500.0
AUCTION/USDT:USDT,2024-04-13,17.13,long,15,2024-04-13,17.301299999999998,TP,0,0.78,11.7,58500.0
GMX/USDT:USDT,2024-04-14,24.14,long,15,2024-04-14,24.3814,TP,0,0.78,11.7,58500.0
DASH/USDT:USDT,2024-04-15,30.1,long,15,2024-04-15,30.401000000000003,TP,0,0.78,11.7,58500.0
1000BONK/USDT:USDT,2024-04-23,0.020219,short,15,2024-04-23,0.02001681,TP,0,0.78,11.7,58500.0
ATA/USDT:USDT,2024-04-27,0.2013,short,15,2024-04-27,0.199287,TP,0,0.78,11.7,58500.0
DENT/USDT:USDT,2024-04-28,0.001318,long,15,2024-04-28,0.00133118,TP,0,0.78,11.7,58500.0
CTSI/USDT:USDT,2024-04-29,0.206,long,15,2024-04-29,0.20806,TP,0,0.78,11.7,58500.0
DENT/USDT:USDT,2024-04-30,0.001289,long,15,2024-04-30,0.00130189,TP,0,0.78,11.7,58500.0
DENT/USDT:USDT,2024-05-02,0.001212,long,15,2024-05-02,0.00122412,TP,0,0.78,11.7,58500.0
COS/USDT:USDT,2024-05-03,0.011814,long,15,2024-05-03,0.01193214,TP,0,0.78,11.7,58500.0
AI/USDT:USDT,2024-05-07,1.158,short,15,2024-05-07,1.14642,TP,0,0.78,11.7,58500.0
BNT/USDT:USDT,2024-05-08,0.6874,short,15,2024-05-08,0.680526,TP,0,0.78,11.7,58500.0
CITY/USDT:USDT,2024-05-12,3.325,short,15,2024-05-12,3.29175,TP,0,0.78,11.7,58500.0
CITY/USDT:USDT,2024-05-13,3.267,short,15,2024-05-13,3.2768009999999994,SL,0,-0.52,-7.8,-39000.0
GMX/USDT:USDT,2024-05-14,28.22,short,15,2024-05-14,27.9378,TP,0,0.78,11.7,58500.0
AUCTION/USDT:USDT,2024-05-15,14.39,long,15,2024-05-15,14.533900000000001,TP,0,0.78,11.7,58500.0
AEVO/USDT:USDT,2024-05-17,0.798,long,15,2024-05-17,0.80598,TP,0,0.78,11.7,58500.0
AEVO/USDT:USDT,2024-05-18,0.819,long,15,2024-05-18,0.82719,TP,0,0.78,11.7,58500.0
BICO/USDT:USDT,2024-05-20,0.5146,short,15,2024-05-20,0.509454,TP,0,0.78,11.7,58500.0
EDU/USDT:USDT,2024-05-25,1.1366,short,15,2024-05-25,1.125234,TP,0,0.78,11.7,58500.0
EDU/USDT:USDT,2024-05-26,1.0279,short,15,2024-05-26,1.017621,TP,0,0.78,11.7,58500.0
AAVE/USDT:USDT,2024-05-28,108.66,short,15,2024-05-28,107.57339999999999,TP,0,0.78,11.7,58500.0
AUDIO/USDT:USDT,2024-05-30,0.2023,long,15,2024-05-30,0.204323,TP,0,0.78,11.7,58500.0
AUCTION/USDT:USDT,2024-05-31,22.84,short,15,2024-05-31,22.6116,TP,0,0.78,11.7,58500.0
AUCTION/USDT:USDT,2024-06-01,24.38,short,15,2024-06-01,24.1362,TP,0,0.78,11.7,58500.0
ALICE/USDT:USDT,2024-06-03,1.658,short,15,2024-06-03,1.6629739999999997,SL,0,-0.52,-7.8,-39000.0
GODS/USDT:USDT,2024-06-05,0.2469,long,15,2024-06-05,0.249369,TP,0,0.78,11.7,58500.0
DODO/USDT:USDT,2024-06-06,0.22127,short,15,2024-06-06,0.21905729999999998,TP,0,0.78,11.7,58500.0
BNB/USDT:USDT,2024-06-07,711.15,short,15,2024-06-07,704.0385,TP,0,0.78,11.7,58500.0
FIDA/USDT:USDT,2024-06-08,0.3569,short,15,2024-06-08,0.353331,TP,0,0.78,11.7,58500.0
CETUS/USDT:USDT,2024-06-09,0.10711,short,15,2024-06-09,0.10603889999999999,TP,0,0.78,11.7,58500.0
CVX/USDT:USDT,2024-06-19,3.685,short,15,2024-06-19,3.6481500000000002,TP,0,0.78,11.7,58500.0
CVX/USDT:USDT,2024-06-20,3.871,short,15,2024-06-20,3.83229,TP,0,0.78,11.7,58500.0
CVX/USDT:USDT,2024-06-21,3.398,short,15,2024-06-21,3.36402,TP,0,0.78,11.7,58500.0
1000RATS/USDT:USDT,2024-06-25,0.10178,short,15,2024-06-25,0.10208533999999998,SL,0,-0.52,-7.8,-39000.0
AAVE/USDT:USDT,2024-06-26,92.01,long,15,2024-06-26,92.93010000000001,TP,0,0.78,11.7,58500.0
DYM/USDT:USDT,2024-07-11,1.438,short,15,2024-07-11,1.4236199999999999,TP,0,0.78,11.7,58500.0
DYM/USDT:USDT,2024-07-12,1.342,short,15,2024-07-12,1.32858,TP,0,0.78,11.7,58500.0
ASR/USDT:USDT,2024-07-13,2.252,short,15,2024-07-13,2.2587559999999995,SL,0,-0.52,-7.8,-39000.0
AR/USDT:USDT,2024-07-14,24.618,short,15,2024-07-14,24.37182,TP,0,0.78,11.7,58500.0
ASTR/USDT:USDT,2024-07-15,0.0748,short,15,2024-07-15,0.07502439999999999,SL,0,-0.52,-7.8,-39000.0
GODS/USDT:USDT,2024-07-18,0.4206,short,15,2024-07-18,0.416394,TP,0,0.78,11.7,58500.0
GODS/USDT:USDT,2024-07-19,0.3699,short,15,2024-07-19,0.366201,TP,0,0.78,11.7,58500.0
ALICE/USDT:USDT,2024-07-20,1.338,short,15,2024-07-20,1.3246200000000001,TP,0,0.78,11.7,58500.0
CTK/USDT:USDT,2024-07-21,0.6806,long,15,2024-07-21,0.687406,TP,0,0.78,11.7,58500.0
GMX/USDT:USDT,2024-07-23,33.14,short,15,2024-07-23,32.8086,TP,0,0.78,11.7,58500.0
BIGTIME/USDT:USDT,2024-07-26,0.0928,long,15,2024-07-26,0.09372799999999999,TP,0,0.78,11.7,58500.0
BNT/USDT:USDT,2024-07-27,0.6011,long,15,2024-07-27,0.607111,TP,0,0.78,11.7,58500.0
1000BTT/USDT:USDT,2024-07-28,0.0008947,long,15,2024-07-28,0.0008920159,SL,0,-0.52,-7.8,-39000.0
AMP/USDT:USDT,2024-07-30,0.004339,short,15,2024-07-30,0.00429561,TP,0,0.78,11.7,58500.0
BSV/USDT:USDT,2024-07-31,52.15,short,15,2024-07-31,51.628499999999995,TP,0,0.78,11.7,58500.0
BSV/USDT:USDT,2024-08-01,49.89,short,15,2024-08-01,49.3911,TP,0,0.78,11.7,58500.0
AAVE/USDT:USDT,2024-08-03,110.29,short,15,2024-08-03,109.1871,TP,0,0.78,11.7,58500.0
GLM/USDT:USDT,2024-08-04,0.2996,long,15,2024-08-04,0.2987012,SL,0,-0.52,-7.8,-39000.0
1000BTT/USDT:USDT,2024-08-05,0.000758,long,15,2024-08-05,0.000755726,SL,0,-0.52,-7.8,-39000.0
1000BTT/USDT:USDT,2024-08-06,0.0006932,long,15,2024-08-06,0.000700132,TP,0,0.78,11.7,58500.0
BAT/USDT:USDT,2024-08-07,0.1564,long,15,2024-08-07,0.15796400000000002,TP,0,0.78,11.7,58500.0
GLM/USDT:USDT,2024-08-13,0.3197,short,15,2024-08-13,0.316503,TP,0,0.78,11.7,58500.0
GLM/USDT:USDT,2024-08-14,0.3165,short,15,2024-08-14,0.313335,TP,0,0.78,11.7,58500.0
BANANA/USDT:USDT,2024-08-17,49.53,short,15,2024-08-17,49.0347,TP,0,0.78,11.7,58500.0
CTSI/USDT:USDT,2024-08-19,0.1237,long,15,2024-08-19,0.124937,TP,0,0.78,11.7,58500.0
BICO/USDT:USDT,2024-08-20,0.2608,short,15,2024-08-20,0.258192,TP,0,0.78,11.7,58500.0
ARPA/USDT:USDT,2024-08-21,0.04008,short,15,2024-08-21,0.0396792,TP,0,0.78,11.7,58500.0
DEGO/USDT:USDT,2024-08-22,1.547,short,15,2024-08-22,1.5315299999999998,TP,0,0.78,11.7,58500.0
AUCTION/USDT:USDT,2024-08-23,17.69,short,15,2024-08-23,17.5131,TP,0,0.78,11.7,58500.0
BAT/USDT:USDT,2024-08-24,0.1867,short,15,2024-08-24,0.184833,TP,0,0.78,11.7,58500.0
CKB/USDT:USDT,2024-08-25,0.01067,short,15,2024-08-25,0.010563300000000001,TP,0,0.78,11.7,58500.0
CYBER/USDT:USDT,2024-08-26,4.216,short,15,2024-08-26,4.17384,TP,0,0.78,11.7,58500.0
BOBA/USDT:USDT,2024-08-27,0.219,short,15,2024-08-27,0.21681,TP,0,0.78,11.7,58500.0
FIO/USDT:USDT,2024-08-28,0.02468,short,15,2024-08-28,0.0244332,TP,0,0.78,11.7,58500.0
DENT/USDT:USDT,2024-08-30,0.000799,long,15,2024-08-30,0.00080699,TP,0,0.78,11.7,58500.0
DENT/USDT:USDT,2024-08-31,0.000791,long,15,2024-08-31,0.00079891,TP,0,0.78,11.7,58500.0
AUDIO/USDT:USDT,2024-09-03,0.13,long,15,2024-09-03,0.1313,TP,0,0.78,11.7,58500.0
EIGEN/USDT:USDT,2024-09-06,2.5977,long,15,2024-09-06,2.6236770000000003,TP,0,0.78,11.7,58500.0
EIGEN/USDT:USDT,2024-09-07,2.5349,long,15,2024-09-07,2.5602489999999998,TP,0,0.78,11.7,58500.0
AERGO/USDT:USDT,2024-09-12,0.0969,short,15,2024-09-12,0.095931,TP,0,0.78,11.7,58500.0
DRIFT/USDT:USDT,2024-09-13,0.656,short,15,2024-09-13,0.64944,TP,0,0.78,11.7,58500.0
DRIFT/USDT:USDT,2024-09-14,0.7032,short,15,2024-09-14,0.696168,TP,0,0.78,11.7,58500.0
COTI/USDT:USDT,2024-09-15,0.1127,short,15,2024-09-15,0.11157299999999999,TP,0,0.78,11.7,58500.0
CKB/USDT:USDT,2024-09-16,0.016651,short,15,2024-09-16,0.016484489999999997,TP,0,0.78,11.7,58500.0
CKB/USDT:USDT,2024-09-17,0.016056,short,15,2024-09-17,0.01589544,TP,0,0.78,11.7,58500.0
CKB/USDT:USDT,2024-09-18,0.016669,short,15,2024-09-18,0.01650231,TP,0,0.78,11.7,58500.0
CITY/USDT:USDT,2024-09-21,2.095,short,15,2024-09-21,2.07405,TP,0,0.78,11.7,58500.0
DODO/USDT:USDT,2024-09-22,0.14497,short,15,2024-09-22,0.1435203,TP,0,0.78,11.7,58500.0
CTK/USDT:USDT,2024-09-23,0.568,short,15,2024-09-23,0.5623199999999999,TP,0,0.78,11.7,58500.0
AKT/USDT:USDT,2024-09-24,2.901,short,15,2024-09-24,2.87199,TP,0,0.78,11.7,58500.0
CELO/USDT:USDT,2024-09-28,0.65,short,15,2024-09-28,0.6435,TP,0,0.78,11.7,58500.0
1000BONK/USDT:USDT,2024-09-29,0.023998,short,15,2024-09-29,0.023758019999999998,TP,0,0.78,11.7,58500.0
ETHW/USDT:USDT,2024-10-01,3.679,short,15,2024-10-01,3.64221,TP,0,0.78,11.7,58500.0
DIA/USDT:USDT,2024-10-02,0.8174,short,15,2024-10-02,0.809226,TP,0,0.78,11.7,58500.0
DIA/USDT:USDT,2024-10-03,0.6705,short,15,2024-10-03,0.663795,TP,0,0.78,11.7,58500.0
ARPA/USDT:USDT,2024-10-05,0.03953,long,15,2024-10-05,0.03941141,SL,0,-0.52,-7.8,-39000.0
COS/USDT:USDT,2024-10-06,0.006841,long,15,2024-10-06,0.0069094099999999995,TP,0,0.78,11.7,58500.0
BAR/USDT:USDT,2024-10-09,1.751,short,15,2024-10-09,1.73349,TP,0,0.78,11.7,58500.0
BAR/USDT:USDT,2024-10-10,1.76,short,15,2024-10-10,1.7424,TP,0,0.78,11.7,58500.0
ATA/USDT:USDT,2024-10-15,0.085,short,15,2024-10-15,0.08415,TP,0,0.78,11.7,58500.0
DYDX/USDT:USDT,2024-10-16,0.998,short,15,2024-10-16,0.98802,TP,0,0.78,11.7,58500.0
ARK/USDT:USDT,2024-10-17,0.6248,short,15,2024-10-17,0.618552,TP,0,0.78,11.7,58500.0
ARK/USDT:USDT,2024-10-18,0.5798,short,15,2024-10-18,0.574002,TP,0,0.78,11.7,58500.0
CTK/USDT:USDT,2024-10-23,0.5894,short,15,2024-10-23,0.5835060000000001,TP,0,0.78,11.7,58500.0
ATA/USDT:USDT,2024-10-24,0.0914,short,15,2024-10-24,0.090486,TP,0,0.78,11.7,58500.0
AXS/USDT:USDT,2024-10-25,4.975,short,15,2024-10-25,4.925249999999999,TP,0,0.78,11.7,58500.0
CSPR/USDT:USDT,2024-10-26,0.00768,long,15,2024-10-27,0.0077568,TP,1,0.78,11.7,58500.0
FUN/USDT:USDT,2024-10-29,0.003047,long,15,2024-10-29,0.0030774699999999997,TP,0,0.78,11.7,58500.0
BAR/USDT:USDT,2024-10-31,2.407,short,15,2024-10-31,2.38293,TP,0,0.78,11.7,58500.0
BICO/USDT:USDT,2024-11-01,0.2203,short,15,2024-11-01,0.21809699999999999,TP,0,0.78,11.7,58500.0
BICO/USDT:USDT,2024-11-02,0.2439,short,15,2024-11-02,0.241461,TP,0,0.78,11.7,58500.0
CAKE/USDT:USDT,2024-11-05,1.5821,long,15,2024-11-05,1.5979210000000001,TP,0,0.78,11.7,58500.0
DRIFT/USDT:USDT,2024-11-10,1.7879,short,15,2024-11-10,1.770021,TP,0,0.78,11.7,58500.0
BLAST/USDT:USDT,2024-11-11,0.009393,short,15,2024-11-11,0.00929907,TP,0,0.78,11.7,58500.0
ADA/USDT:USDT,2024-11-12,0.6138,short,15,2024-11-12,0.607662,TP,0,0.78,11.7,58500.0
ALICE/USDT:USDT,2024-11-13,1.136,short,15,2024-11-13,1.1246399999999999,TP,0,0.78,11.7,58500.0
AKT/USDT:USDT,2024-11-14,3.209,short,15,2024-11-14,3.17691,TP,0,0.78,11.7,58500.0
1000BONK/USDT:USDT,2024-11-15,0.035573,short,15,2024-11-15,0.03521727,TP,0,0.78,11.7,58500.0
1000BTT/USDT:USDT,2024-11-17,0.001162,long,15,2024-11-17,0.00117362,TP,0,0.78,11.7,58500.0
CSPR/USDT:USDT,2024-11-19,0.0179,short,15,2024-11-19,0.017721,TP,0,0.78,11.7,58500.0
CATI/USDT:USDT,2024-11-20,0.6122,short,15,2024-11-20,0.606078,TP,0,0.78,11.7,58500.0
FARM/USDT:USDT,2024-11-21,49.36,short,15,2024-11-21,48.8664,TP,0,0.78,11.7,58500.0
FTT/USDT:USDT,2024-11-23,2.475,short,15,2024-11-23,2.45025,TP,0,0.78,11.7,58500.0
ADA/USDT:USDT,2024-11-24,1.0665,short,15,2024-11-24,1.055835,TP,0,0.78,11.7,58500.0
ADA/USDT:USDT,2024-11-25,1.0232,short,15,2024-11-25,1.012968,TP,0,0.78,11.7,58500.0
DYM/USDT:USDT,2024-11-26,2.367,short,15,2024-11-26,2.34333,TP,0,0.78,11.7,58500.0
COS/USDT:USDT,2024-11-27,0.011394,short,15,2024-11-27,0.01128006,TP,0,0.78,11.7,58500.0
ALPINE/USDT:USDT,2024-11-28,1.492,short,15,2024-11-28,1.47708,TP,0,0.78,11.7,58500.0
GLM/USDT:USDT,2024-11-29,0.471,short,15,2024-11-29,0.46629,TP,0,0.78,11.7,58500.0
CORE/USDT:USDT,2024-12-02,1.5995,short,15,2024-12-02,1.583505,TP,0,0.78,11.7,58500.0
AIOZ/USDT:USDT,2024-12-03,1.1179,short,15,2024-12-03,1.1067209999999998,TP,0,0.78,11.7,58500.0
DASH/USDT:USDT,2024-12-04,57.43,short,15,2024-12-04,56.8557,TP,0,0.78,11.7,58500.0
FUN/USDT:USDT,2024-12-05,0.005733,short,15,2024-12-05,0.00567567,TP,0,0.78,11.7,58500.0
COMP/USDT:USDT,2024-12-06,114.34,short,15,2024-12-06,114.68301999999998,SL,0,-0.52,-7.8,-39000.0
ANKR/USDT:USDT,2024-12-07,0.05689,short,15,2024-12-07,0.056321100000000006,TP,0,0.78,11.7,58500.0
ASR/USDT:USDT,2024-12-08,2.417,short,15,2024-12-08,2.39283,TP,0,0.78,11.7,58500.0
ASR/USDT:USDT,2024-12-09,2.49,short,15,2024-12-09,2.4651,TP,0,0.78,11.7,58500.0
COW/USDT:USDT,2024-12-15,0.6374,short,15,2024-12-15,0.631026,TP,0,0.78,11.7,58500.0
CITY/USDT:USDT,2024-12-19,1.918,long,15,2024-12-19,1.93718,TP,0,0.78,11.7,58500.0
CITY/USDT:USDT,2024-12-20,1.838,long,15,2024-12-20,1.8563800000000001,TP,0,0.78,11.7,58500.0
CITY/USDT:USDT,2024-12-21,1.913,long,15,2024-12-21,1.9321300000000001,TP,0,0.78,11.7,58500.0
ACS/USDT:USDT,2024-12-24,0.001549,long,15,2024-12-24,0.00156449,TP,0,0.78,11.7,58500.0
ACS/USDT:USDT,2024-12-25,0.001596,long,15,2024-12-25,0.00161196,TP,0,0.78,11.7,58500.0
CTK/USDT:USDT,2024-12-26,0.8704,short,15,2024-12-26,0.8616959999999999,TP,0,0.78,11.7,58500.0
BAR/USDT:USDT,2024-12-28,2.275,short,15,2024-12-28,2.25225,TP,0,0.78,11.7,58500.0
BAR/USDT:USDT,2024-12-29,2.31,short,15,2024-12-29,2.2869,TP,0,0.78,11.7,58500.0
COOK/USDT:USDT,2024-12-31,0.02689,short,15,2024-12-31,0.0266211,TP,0,0.78,11.7,58500.0
BOBA/USDT:USDT,2025-01-03,0.2133,long,15,2025-01-03,0.21543299999999999,TP,0,0.78,11.7,58500.0
FARTCOIN/USDT:USDT,2025-01-04,1.5231,short,15,2025-01-04,1.507869,TP,0,0.78,11.7,58500.0
CHILLGUY/USDT:USDT,2025-01-06,0.2168,short,15,2025-01-06,0.214632,TP,0,0.78,11.7,58500.0
AIOZ/USDT:USDT,2025-01-07,1.1483,short,15,2025-01-07,1.1368170000000002,TP,0,0.78,11.7,58500.0
ARK/USDT:USDT,2025-01-08,0.5564,short,15,2025-01-08,0.5580691999999999,SL,0,-0.52,-7.8,-39000.0
CATI/USDT:USDT,2025-01-11,0.3083,long,15,2025-01-11,0.311383,TP,0,0.78,11.7,58500.0
FET/USDT:USDT,2025-01-12,1.3175,long,15,2025-01-12,1.3135474999999999,SL,0,-0.52,-7.8,-39000.0
AERO/USDT:USDT,2025-01-15,1.176,long,15,2025-01-15,1.18776,TP,0,0.78,11.7,58500.0
ARPA/USDT:USDT,2025-01-16,0.04764,long,15,2025-01-16,0.047497080000000004,SL,0,-0.52,-7.8,-39000.0
BANANA/USDT:USDT,2025-01-17,38.2,long,15,2025-01-17,38.582,TP,0,0.78,11.7,58500.0
AMP/USDT:USDT,2025-01-19,0.00827,short,15,2025-01-19,0.0081873,TP,0,0.78,11.7,58500.0
AERO/USDT:USDT,2025-01-23,1.043,long,15,2025-01-23,1.0534299999999999,TP,0,0.78,11.7,58500.0
COOK/USDT:USDT,2025-01-26,0.02445,long,15,2025-01-26,0.0246945,TP,0,0.78,11.7,58500.0
BAN/USDT:USDT,2025-01-27,0.0365,long,15,2025-01-27,0.036864999999999995,TP,0,0.78,11.7,58500.0
GIGA/USDT:USDT,2025-01-29,0.05587,long,15,2025-01-29,0.056428700000000005,TP,0,0.78,11.7,58500.0
FLOKI/USDT:USDT,2025-01-30,0.00012279,long,15,2025-01-30,0.0001240179,TP,0,0.78,11.7,58500.0
AXL/USDT:USDT,2025-01-31,0.5515,long,15,2025-01-31,0.557015,TP,0,0.78,11.7,58500.0
ARPA/USDT:USDT,2025-02-03,0.04065,short,15,2025-02-03,0.0402435,TP,0,0.78,11.7,58500.0
AI/USDT:USDT,2025-02-05,0.3051,long,15,2025-02-05,0.308151,TP,0,0.78,11.7,58500.0
AUDIO/USDT:USDT,2025-02-06,0.1087,long,15,2025-02-06,0.10978700000000001,TP,0,0.78,11.7,58500.0
CVC/USDT:USDT,2025-02-09,0.1139,long,15,2025-02-09,0.115039,TP,0,0.78,11.7,58500.0
BNB/USDT:USDT,2025-02-11,618.39,short,15,2025-02-11,620.2451699999999,SL,0,-0.52,-7.8,-39000.0
F/USDT:USDT,2025-02-12,0.0348,short,15,2025-02-12,0.034451999999999997,TP,0,0.78,11.7,58500.0
BNB/USDT:USDT,2025-02-13,696.74,short,15,2025-02-13,689.7726,TP,0,0.78,11.7,58500.0
CAKE/USDT:USDT,2025-02-14,2.6279,short,15,2025-02-14,2.6016209999999997,TP,0,0.78,11.7,58500.0
CAKE/USDT:USDT,2025-02-15,2.4635,short,15,2025-02-15,2.438865,TP,0,0.78,11.7,58500.0
ARK/USDT:USDT,2025-02-18,0.4718,long,15,2025-02-18,0.4703846,SL,0,-0.52,-7.8,-39000.0
CLOUD/USDT:USDT,2025-02-19,0.081,long,15,2025-02-19,0.08181000000000001,TP,0,0.78,11.7,58500.0
CLOUD/USDT:USDT,2025-02-20,0.081,long,15,2025-02-20,0.080757,SL,0,-0.52,-7.8,-39000.0
DSYNC/USDT:USDT,2025-02-21,0.2068,long,15,2025-02-21,0.20886800000000003,TP,0,0.78,11.7,58500.0
BAN/USDT:USDT,2025-02-24,0.147,short,15,2025-02-24,0.14553,TP,0,0.78,11.7,58500.0
CTSI/USDT:USDT,2025-02-28,0.0906,long,15,2025-02-28,0.091506,TP,0,0.78,11.7,58500.0
COOK/USDT:USDT,2025-03-01,0.01111,long,15,2025-03-01,0.0112211,TP,0,0.78,11.7,58500.0
ALCH/USDT:USDT,2025-03-02,0.0424,short,15,2025-03-02,0.041976,TP,0,0.78,11.7,58500.0
ATH/USDT:USDT,2025-03-03,0.04062,short,15,2025-03-03,0.0402138,TP,0,0.78,11.7,58500.0
DEGO/USDT:USDT,2025-03-09,2.0301,short,15,2025-03-09,2.009799,TP,0,0.78,11.7,58500.0
AVL/USDT:USDT,2025-03-10,0.516,short,15,2025-03-10,0.51084,TP,0,0.78,11.7,58500.0
GIGA/USDT:USDT,2025-03-11,0.00918,long,15,2025-03-11,0.0092718,TP,0,0.78,11.7,58500.0
FIDA/USDT:USDT,2025-03-12,0.1094,long,15,2025-03-12,0.110494,TP,0,0.78,11.7,58500.0
AUCTION/USDT:USDT,2025-03-13,25.27,short,15,2025-03-13,25.0173,TP,0,0.78,11.7,58500.0
CAKE/USDT:USDT,2025-03-17,1.7794,short,15,2025-03-17,1.7847381999999998,SL,0,-0.52,-7.8,-39000.0
DBR/USDT:USDT,2025-03-18,0.03255,short,15,2025-03-18,0.0322245,TP,0,0.78,11.7,58500.0
DBR/USDT:USDT,2025-03-20,0.03033,short,15,2025-03-20,0.0300267,TP,0,0.78,11.7,58500.0
ACX/USDT:USDT,2025-03-23,0.2943,short,15,2025-03-23,0.291357,TP,0,0.78,11.7,58500.0
ACX/USDT:USDT,2025-03-24,0.3022,short,15,2025-03-24,0.299178,TP,0,0.78,11.7,58500.0
CHEEMS/USDT:USDT,2025-03-27,1.8044e-06,short,15,2025-03-27,1.786356e-06,TP,0,0.78,11.7,58500.0
ATA/USDT:USDT,2025-03-28,0.0653,short,15,2025-03-28,0.064647,TP,0,0.78,11.7,58500.0
DUSK/USDT:USDT,2025-03-30,0.07567,long,15,2025-03-30,0.0764267,TP,0,0.78,11.7,58500.0
DIA/USDT:USDT,2025-03-31,0.3522,long,15,2025-03-31,0.35572200000000004,TP,0,0.78,11.7,58500.0
CELO/USDT:USDT,2025-04-01,0.329,long,15,2025-04-01,0.33229000000000003,TP,0,0.78,11.7,58500.0
ALPINE/USDT:USDT,2025-04-07,0.667,long,15,2025-04-07,0.67367,TP,0,0.78,11.7,58500.0
ARK/USDT:USDT,2025-04-08,0.3041,short,15,2025-04-08,0.30501229999999996,SL,0,-0.52,-7.8,-39000.0
BAN/USDT:USDT,2025-04-10,0.033,long,15,2025-04-10,0.032901,SL,0,-0.52,-7.8,-39000.0
BAN/USDT:USDT,2025-04-11,0.0322,long,15,2025-04-11,0.032522,TP,0,0.78,11.7,58500.0
DEGO/USDT:USDT,2025-04-16,1.8815,short,15,2025-04-16,1.862685,TP,0,0.78,11.7,58500.0
ANKR/USDT:USDT,2025-04-20,0.01876,short,15,2025-04-20,0.0185724,TP,0,0.78,11.7,58500.0
ACE/USDT:USDT,2025-04-22,0.6582,short,15,2025-04-22,0.651618,TP,0,0.78,11.7,58500.0
ACE/USDT:USDT,2025-04-23,0.6384,short,15,2025-04-23,0.6320159999999999,TP,0,0.78,11.7,58500.0
AUDIO/USDT:USDT,2025-04-24,0.07505,short,15,2025-04-24,0.0742995,TP,0,0.78,11.7,58500.0
CAT/USDT:USDT,2025-04-25,6.88e-06,short,15,2025-04-25,6.8112e-06,TP,0,0.78,11.7,58500.0
B3/USDT:USDT,2025-04-26,0.005013,short,15,2025-04-26,0.00496287,TP,0,0.78,11.7,58500.0
BSV/USDT:USDT,2025-04-27,41.15,short,15,2025-04-27,40.738499999999995,TP,0,0.78,11.7,58500.0
1000BTT/USDT:USDT,2025-04-28,0.0007248,short,15,2025-04-28,0.0007175520000000001,TP,0,0.78,11.7,58500.0
CSPR/USDT:USDT,2025-04-29,0.014902,short,15,2025-04-29,0.01475298,TP,0,0.78,11.7,58500.0
CSPR/USDT:USDT,2025-04-30,0.013762,short,15,2025-04-30,0.01362438,TP,0,0.78,11.7,58500.0
AKT/USDT:USDT,2025-05-03,1.645,short,15,2025-05-03,1.62855,TP,0,0.78,11.7,58500.0
CITY/USDT:USDT,2025-05-05,1.102,short,15,2025-05-05,1.09098,TP,0,0.78,11.7,58500.0
ASR/USDT:USDT,2025-05-06,1.342,short,15,2025-05-06,1.32858,TP,0,0.78,11.7,58500.0
AMP/USDT:USDT,2025-05-07,0.003976,long,15,2025-05-07,0.00401576,TP,0,0.78,11.7,58500.0
FIDA/USDT:USDT,2025-05-08,0.05739,long,15,2025-05-08,0.0579639,TP,0,0.78,11.7,58500.0
BAN/USDT:USDT,2025-05-09,0.06549,short,15,2025-05-09,0.0648351,TP,0,0.78,11.7,58500.0
AUCTION/USDT:USDT,2025-05-12,13.24,short,15,2025-05-12,13.1076,TP,0,0.78,11.7,58500.0
FIDA/USDT:USDT,2025-05-13,0.10478,short,15,2025-05-13,0.1037322,TP,0,0.78,11.7,58500.0
FIDA/USDT:USDT,2025-05-14,0.11108,short,15,2025-05-14,0.1099692,TP,0,0.78,11.7,58500.0
CVC/USDT:USDT,2025-05-17,0.13041,short,15,2025-05-17,0.1291059,TP,0,0.78,11.7,58500.0
CVC/USDT:USDT,2025-05-18,0.11875,short,15,2025-05-18,0.1175625,TP,0,0.78,11.7,58500.0
B3/USDT:USDT,2025-05-20,0.005097,long,15,2025-05-20,0.00514797,TP,0,0.78,11.7,58500.0
COOKIE/USDT:USDT,2025-05-25,0.3006,short,15,2025-05-25,0.29759399999999997,TP,0,0.78,11.7,58500.0
B3/USDT:USDT,2025-05-30,0.003449,long,15,2025-05-30,0.003438653,SL,0,-0.52,-7.8,-39000.0
B3/USDT:USDT,2025-05-31,0.00312,long,15,2025-05-31,0.0031512,TP,0,0.78,11.7,58500.0
AIOT/USDT:USDT,2025-06-02,0.13349,long,15,2025-06-02,0.1348249,TP,0,0.78,11.7,58500.0
FLOCK/USDT:USDT,2025-06-03,0.2,short,15,2025-06-03,0.198,TP,0,0.78,11.7,58500.0
AIOT/USDT:USDT,2025-06-04,0.13361,long,15,2025-06-04,0.1349461,TP,0,0.78,11.7,58500.0
COMP/USDT:USDT,2025-06-05,44.87,short,15,2025-06-05,44.421299999999995,TP,0,0.78,11.7,58500.0
ANIME/USDT:USDT,2025-06-06,0.03337,short,15,2025-06-06,0.0330363,TP,0,0.78,11.7,58500.0
ANIME/USDT:USDT,2025-06-07,0.02857,short,15,2025-06-07,0.028284300000000002,TP,0,0.78,11.7,58500.0
GPS/USDT:USDT,2025-06-11,0.02904,short,15,2025-06-11,0.0287496,TP,0,0.78,11.7,58500.0
COMP/USDT:USDT,2025-06-12,59.77,short,15,2025-06-12,59.1723,TP,0,0.78,11.7,58500.0
ALICE/USDT:USDT,2025-06-13,0.423,short,15,2025-06-13,0.41877,TP,0,0.78,11.7,58500.0
BMT/USDT:USDT,2025-06-17,0.12985,short,15,2025-06-17,0.12855149999999999,TP,0,0.78,11.7,58500.0
F/USDT:USDT,2025-06-20,0.009218,long,15,2025-06-20,0.009310180000000001,TP,0,0.78,11.7,58500.0
FUN/USDT:USDT,2025-06-22,0.00704,short,15,2025-06-22,0.0069696,TP,0,0.78,11.7,58500.0
FUN/USDT:USDT,2025-06-23,0.008501,short,15,2025-06-23,0.00841599,TP,0,0.78,11.7,58500.0
FUN/USDT:USDT,2025-06-24,0.009955,short,15,2025-06-24,0.00985545,TP,0,0.78,11.7,58500.0
FUN/USDT:USDT,2025-06-25,0.009607,short,15,2025-06-25,0.009510929999999999,TP,0,0.78,11.7,58500.0
BANANAS31/USDT:USDT,2025-06-26,0.015537,short,15,2025-06-26,0.01538163,TP,0,0.78,11.7,58500.0
BANANAS31/USDT:USDT,2025-06-27,0.008098,short,15,2025-06-27,0.00801702,TP,0,0.78,11.7,58500.0
CTK/USDT:USDT,2025-06-28,0.2584,short,15,2025-06-28,0.25581600000000004,TP,0,0.78,11.7,58500.0
DBR/USDT:USDT,2025-06-30,0.02197,short,15,2025-06-30,0.0217503,TP,0,0.78,11.7,58500.0
FIDA/USDT:USDT,2025-07-02,0.06982,short,15,2025-07-02,0.0691218,TP,0,0.78,11.7,58500.0
BOBA/USDT:USDT,2025-07-03,0.0933,short,15,2025-07-03,0.09236699999999999,TP,0,0.78,11.7,58500.0
BMT/USDT:USDT,2025-07-07,0.08964,long,15,2025-07-07,0.08937107999999999,SL,0,-0.52,-7.8,-39000.0
1000BONK/USDT:USDT,2025-07-08,0.02278,short,15,2025-07-08,0.0225522,TP,0,0.78,11.7,58500.0
1000BONK/USDT:USDT,2025-07-09,0.022033,short,15,2025-07-09,0.02181267,TP,0,0.78,11.7,58500.0
DUSK/USDT:USDT,2025-07-10,0.05972,short,15,2025-07-10,0.0591228,TP,0,0.78,11.7,58500.0
CATI/USDT:USDT,2025-07-11,0.0949,short,15,2025-07-11,0.09395099999999999,TP,0,0.78,11.7,58500.0
COS/USDT:USDT,2025-07-12,0.00338,short,15,2025-07-12,0.0033462,TP,0,0.78,11.7,58500.0
ALT/USDT:USDT,2025-07-13,0.03617,short,15,2025-07-13,0.0358083,TP,0,0.78,11.7,58500.0
ACE/USDT:USDT,2025-07-14,0.5686,short,15,2025-07-14,0.562914,TP,0,0.78,11.7,58500.0
AUCTION/USDT:USDT,2025-07-15,11.762,short,15,2025-07-15,11.64438,TP,0,0.78,11.7,58500.0
CVX/USDT:USDT,2025-07-16,4.21,short,15,2025-07-16,4.22263,SL,0,-0.52,-7.8,-39000.0
CTSI/USDT:USDT,2025-07-17,0.07401,short,15,2025-07-17,0.0732699,TP,0,0.78,11.7,58500.0
CVX/USDT:USDT,2025-07-18,4.496,short,15,2025-07-18,4.451040000000001,TP,0,0.78,11.7,58500.0
FLR/USDT:USDT,2025-07-19,0.0199,short,15,2025-07-19,0.019701,TP,0,0.78,11.7,58500.0
EPIC/USDT:USDT,2025-07-20,1.8346,short,15,2025-07-20,1.816254,TP,0,0.78,11.7,58500.0
ETC/USDT:USDT,2025-07-21,24.702,short,15,2025-07-21,24.454980000000003,TP,0,0.78,11.7,58500.0
CFX/USDT:USDT,2025-07-22,0.21996,short,15,2025-07-22,0.2177604,TP,0,0.78,11.7,58500.0
DIA/USDT:USDT,2025-07-23,1.0667,short,15,2025-07-23,1.056033,TP,0,0.78,11.7,58500.0
ALEO/USDT:USDT,2025-07-24,0.2886,short,15,2025-07-24,0.285714,TP,0,0.78,11.7,58500.0
DOLO/USDT:USDT,2025-07-25,0.08635,short,15,2025-07-25,0.08548649999999999,TP,0,0.78,11.7,58500.0
DENT/USDT:USDT,2025-07-27,0.000843,long,15,2025-07-27,0.00085143,TP,0,0.78,11.7,58500.0
ASR/USDT:USDT,2025-07-29,6.011,short,15,2025-07-29,5.95089,TP,0,0.78,11.7,58500.0
ASR/USDT:USDT,2025-07-30,5.971,short,15,2025-07-30,5.91129,TP,0,0.78,11.7,58500.0
FORTH/USDT:USDT,2025-08-03,2.4,long,15,2025-08-03,2.424,TP,0,0.78,11.7,58500.0
AMP/USDT:USDT,2025-08-05,0.003589,long,15,2025-08-05,0.003578233,SL,0,-0.52,-7.8,-39000.0
AERO/USDT:USDT,2025-08-11,1.1816,short,15,2025-08-11,1.169784,TP,0,0.78,11.7,58500.0
FARM/USDT:USDT,2025-08-12,29.38,short,15,2025-08-12,29.468139999999995,SL,0,-0.52,-7.8,-39000.0
FORTH/USDT:USDT,2025-08-13,2.832,short,15,2025-08-13,2.80368,TP,0,0.78,11.7,58500.0
FORTH/USDT:USDT,2025-08-14,2.943,short,15,2025-08-14,2.91357,TP,0,0.78,11.7,58500.0
ADA/USDT:USDT,2025-08-17,0.9203,short,15,2025-08-17,0.911097,TP,0,0.78,11.7,58500.0
AIOT/USDT:USDT,2025-08-19,1.28125,short,15,2025-08-19,1.2684374999999999,TP,0,0.78,11.7,58500.0
API3/USDT:USDT,2025-08-20,1.3648,short,15,2025-08-20,1.351152,TP,0,0.78,11.7,58500.0
API3/USDT:USDT,2025-08-21,1.4328,short,15,2025-08-21,1.418472,TP,0,0.78,11.7,58500.0
API3/USDT:USDT,2025-08-22,1.5649,short,15,2025-08-22,1.549251,TP,0,0.78,11.7,58500.0
DBR/USDT:USDT,2025-08-27,0.02395,short,15,2025-08-27,0.0237105,TP,0,0.78,11.7,58500.0
C/USDT:USDT,2025-08-28,0.1888,long,15,2025-08-28,0.190688,TP,0,0.78,11.7,58500.0
BR/USDT:USDT,2025-08-29,0.09106,short,15,2025-08-29,0.0901494,TP,0,0.78,11.7,58500.0
AGT/USDT:USDT,2025-09-02,0.004257,short,15,2025-09-02,0.004269771,SL,0,-0.52,-7.8,-39000.0
BLOCK/USDT:USDT,2025-09-05,0.0634,long,15,2025-09-05,0.064034,TP,0,0.78,11.7,58500.0
GPS/USDT:USDT,2025-09-06,0.01065,long,15,2025-09-06,0.0107565,TP,0,0.78,11.7,58500.0
GPS/USDT:USDT,2025-09-09,0.01544,short,15,2025-09-09,0.0152856,TP,0,0.78,11.7,58500.0
BULLA/USDT:USDT,2025-09-10,0.06681,short,15,2025-09-10,0.06701042999999998,SL,0,-0.52,-7.8,-39000.0
AIO/USDT:USDT,2025-09-11,0.10857,short,15,2025-09-11,0.1074843,TP,0,0.78,11.7,58500.0
ACE/USDT:USDT,2025-09-12,0.6292,short,15,2025-09-12,0.622908,TP,0,0.78,11.7,58500.0
ACE/USDT:USDT,2025-09-13,0.6488,short,15,2025-09-13,0.642312,TP,0,0.78,11.7,58500.0
CARV/USDT:USDT,2025-09-14,0.3217,long,15,2025-09-14,0.3207349,SL,0,-0.52,-7.8,-39000.0
D/USDT:USDT,2025-09-15,0.03615,short,15,2025-09-15,0.0357885,TP,0,0.78,11.7,58500.0
B3/USDT:USDT,2025-09-16,0.002818,short,15,2025-09-16,0.00278982,TP,0,0.78,11.7,58500.0
AVL/USDT:USDT,2025-09-17,0.1852,short,15,2025-09-17,0.183348,TP,0,0.78,11.7,58500.0
AVL/USDT:USDT,2025-09-18,0.1758,short,15,2025-09-18,0.174042,TP,0,0.78,11.7,58500.0
FTT/USDT:USDT,2025-09-21,0.957,short,15,2025-09-21,0.94743,TP,0,0.78,11.7,58500.0
BANANAS31/USDT:USDT,2025-09-22,0.006076,short,15,2025-09-22,0.00601524,TP,0,0.78,11.7,58500.0
ALCH/USDT:USDT,2025-09-26,0.05732,long,15,2025-09-26,0.057893200000000006,TP,0,0.78,11.7,58500.0
ALPINE/USDT:USDT,2025-09-28,6.264,short,15,2025-09-28,6.20136,TP,0,0.78,11.7,58500.0
ALPINE/USDT:USDT,2025-09-29,5.9499,short,15,2025-09-29,5.890401000000001,TP,0,0.78,11.7,58500.0
B/USDT:USDT,2025-09-30,0.2958,long,15,2025-09-30,0.298758,TP,0,0.78,11.7,58500.0
DOOD/USDT:USDT,2025-10-01,0.005593,short,15,2025-10-01,0.00553707,TP,0,0.78,11.7,58500.0
ASR/USDT:USDT,2025-10-02,2.262,long,15,2025-10-02,2.28462,TP,0,0.78,11.7,58500.0
BLOCK/USDT:USDT,2025-10-05,0.0231,long,15,2025-10-05,0.023330999999999998,TP,0,0.78,11.7,58500.0
FLOKI/USDT:USDT,2025-10-06,0.0001003,short,15,2025-10-06,9.9297e-05,TP,0,0.78,11.7,58500.0
AMP/USDT:USDT,2025-10-07,0.0032,short,15,2025-10-07,0.0031680000000000002,TP,0,0.78,11.7,58500.0
ALEO/USDT:USDT,2025-10-08,0.347,short,15,2025-10-08,0.34352999999999995,TP,0,0.78,11.7,58500.0
ALEO/USDT:USDT,2025-10-09,0.3084,short,15,2025-10-09,0.30932519999999997,SL,0,-0.52,-7.8,-39000.0
BANK/USDT:USDT,2025-10-10,0.13443,short,15,2025-10-10,0.1330857,TP,0,0.78,11.7,58500.0
CHEEMS/USDT:USDT,2025-10-11,1.594e-06,short,15,2025-10-11,1.57806e-06,TP,0,0.78,11.7,58500.0
FLR/USDT:USDT,2025-10-12,0.01928,long,15,2025-10-12,0.0194728,TP,0,0.78,11.7,58500.0
DASH/USDT:USDT,2025-10-14,50.72,short,15,2025-10-14,50.2128,TP,0,0.78,11.7,58500.0
AIO/USDT:USDT,2025-10-16,0.14003,short,15,2025-10-16,0.1386297,TP,0,0.78,11.7,58500.0
DEGO/USDT:USDT,2025-10-17,1.3868,short,15,2025-10-17,1.372932,TP,0,0.78,11.7,58500.0
BTC/USDT:USDT,2025-10-19,107117.5,long,15,2025-10-19,108188.675,TP,0,0.78,11.7,58500.0
AGI/USDT:USDT,2025-10-20,0.03009,long,15,2025-10-20,0.0303909,TP,0,0.78,11.7,58500.0
CORE/USDT:USDT,2025-10-22,0.2434,short,15,2025-10-22,0.240966,TP,0,0.78,11.7,58500.0
ATA/USDT:USDT,2025-10-25,0.02996,long,15,2025-10-25,0.02987012,SL,0,-0.52,-7.8,-39000.0
F/USDT:USDT,2025-10-26,0.021406,short,15,2025-10-26,0.021191940000000003,TP,0,0.78,11.7,58500.0
AIXBT/USDT:USDT,2025-10-28,0.08582,short,15,2025-10-28,0.08496179999999999,TP,0,0.78,11.7,58500.0
CHEEMS/USDT:USDT,2025-10-29,1.4426e-06,short,15,2025-10-29,1.4281739999999999e-06,TP,0,0.78,11.7,58500.0
FLOCK/USDT:USDT,2025-10-30,0.2393,short,15,2025-10-30,0.236907,TP,0,0.78,11.7,58500.0
DBR/USDT:USDT,2025-10-31,0.03426,short,15,2025-10-31,0.0339174,TP,0,0.78,11.7,58500.0
COOKIE/USDT:USDT,2025-11-01,0.0819,long,15,2025-11-01,0.082719,TP,0,0.78,11.7,58500.0
COOKIE/USDT:USDT,2025-11-02,0.0896,long,15,2025-11-02,0.0893312,SL,0,-0.52,-7.8,-39000.0
DENT/USDT:USDT,2025-11-03,0.000438,long,15,2025-11-03,0.00043668600000000004,SL,0,-0.52,-7.8,-39000.0
COAI/USDT:USDT,2025-11-05,0.9345,long,15,2025-11-05,0.943845,TP,0,0.78,11.7,58500.0
BDXN/USDT:USDT,2025-11-06,0.06866,short,15,2025-11-06,0.0679734,TP,0,0.78,11.7,58500.0
BDXN/USDT:USDT,2025-11-07,0.06794,short,15,2025-11-07,0.0672606,TP,0,0.78,11.7,58500.0
DUSK/USDT:USDT,2025-11-09,0.07359,short,15,2025-11-09,0.0728541,TP,0,0.78,11.7,58500.0
BAN/USDT:USDT,2025-11-10,0.05785,long,15,2025-11-10,0.0584285,TP,0,0.78,11.7,58500.0
ANKR/USDT:USDT,2025-11-11,0.01003,short,15,2025-11-11,0.009929700000000001,TP,0,0.78,11.7,58500.0
BR/USDT:USDT,2025-11-13,0.0714,long,15,2025-11-13,0.07211400000000001,TP,0,0.78,11.7,58500.0
ARIA/USDT:USDT,2025-11-14,0.10165,long,15,2025-11-14,0.10134505,SL,0,-0.52,-7.8,-39000.0
BOBA/USDT:USDT,2025-11-15,0.05562,long,15,2025-11-15,0.0561762,TP,0,0.78,11.7,58500.0
CELR/USDT:USDT,2025-11-16,0.005112,long,15,2025-11-16,0.00516312,TP,0,0.78,11.7,58500.0
ARIA/USDT:USDT,2025-11-17,0.09508,long,15,2025-11-17,0.09479475999999999,SL,0,-0.52,-7.8,-39000.0
BLOCK/USDT:USDT,2025-11-18,0.00922,long,15,2025-11-18,0.009312200000000001,TP,0,0.78,11.7,58500.0
GIGA/USDT:USDT,2025-11-19,0.004193,long,15,2025-11-19,0.00423493,TP,0,0.78,11.7,58500.0
CAMP/USDT:USDT,2025-11-20,0.00837,long,15,2025-11-20,0.008453700000000001,TP,0,0.78,11.7,58500.0
BAS/USDT:USDT,2025-11-21,0.005635,long,15,2025-11-21,0.00569135,TP,0,0.78,11.7,58500.0
ACE/USDT:USDT,2025-11-22,0.2292,long,15,2025-11-22,0.22851239999999998,SL,0,-0.52,-7.8,-39000.0
AVA/USDT:USDT,2025-11-24,0.296,long,15,2025-11-24,0.29896,TP,0,0.78,11.7,58500.0
ATH/USDT:USDT,2025-11-25,0.01625,long,15,2025-11-25,0.0164125,TP,0,0.78,11.7,58500.0
ES/USDT:USDT,2025-11-26,0.0938,short,15,2025-11-26,0.092862,TP,0,0.78,11.7,58500.0
ES/USDT:USDT,2025-11-27,0.0943,short,15,2025-11-27,0.093357,TP,0,0.78,11.7,58500.0
ATA/USDT:USDT,2025-11-28,0.02294,short,15,2025-11-28,0.022710599999999997,TP,0,0.78,11.7,58500.0
ENSO/USDT:USDT,2025-11-29,0.7763,short,15,2025-11-29,0.768537,TP,0,0.78,11.7,58500.0
DOGS/USDT:USDT,2025-11-30,4.67e-05,short,15,2025-11-30,4.6232999999999996e-05,TP,0,0.78,11.7,58500.0
AUCTION/USDT:USDT,2025-12-01,5.826,short,15,2025-12-01,5.76774,TP,0,0.78,11.7,58500.0
BNT/USDT:USDT,2025-12-02,0.4478,long,15,2025-12-02,0.45227799999999996,TP,0,0.78,11.7,58500.0
DENT/USDT:USDT,2025-12-03,0.000262,long,15,2025-12-03,0.000261214,SL,0,-0.52,-7.8,-39000.0
DENT/USDT:USDT,2025-12-04,0.000241,long,15,2025-12-04,0.00024341,TP,0,0.78,11.7,58500.0
DENT/USDT:USDT,2025-12-05,0.000229,long,15,2025-12-05,0.00023129000000000002,TP,0,0.78,11.7,58500.0
BARD/USDT:USDT,2025-12-06,0.806,short,15,2025-12-06,0.7979400000000001,TP,0,0.78,11.7,58500.0
DENT/USDT:USDT,2025-12-07,0.000245,long,15,2025-12-07,0.00024744999999999997,TP,0,0.78,11.7,58500.0
AIOT/USDT:USDT,2025-12-10,0.225,long,15,2025-12-10,0.22725,TP,0,0.78,11.7,58500.0
AIOT/USDT:USDT,2025-12-11,0.2389,long,15,2025-12-11,0.241289,TP,0,0.78,11.7,58500.0
AIOT/USDT:USDT,2025-12-12,0.2543,long,15,2025-12-12,0.25684300000000004,TP,0,0.78,11.7,58500.0
BEAT/USDT:USDT,2025-12-15,1.8617,short,15,2025-12-15,1.8430829999999998,TP,0,0.78,11.7,58500.0
FOLKS/USDT:USDT,2025-12-19,5.13,long,15,2025-12-19,5.1813,TP,0,0.78,11.7,58500.0
FOLKS/USDT:USDT,2025-12-20,4.253,long,15,2025-12-20,4.29553,TP,0,0.78,11.7,58500.0
GODS/USDT:USDT,2025-12-21,0.05449,long,15,2025-12-21,0.05432653,SL,0,-0.52,-7.8,-39000.0
ACT/USDT:USDT,2025-12-22,0.03382,short,15,2025-12-22,0.0334818,TP,0,0.78,11.7,58500.0
BANK/USDT:USDT,2025-12-23,0.04625,short,15,2025-12-23,0.0457875,TP,0,0.78,11.7,58500.0
ALEO/USDT:USDT,2025-12-24,0.1378,short,15,2025-12-24,0.13642200000000002,TP,0,0.78,11.7,58500.0
COW/USDT:USDT,2025-12-25,0.2171,short,15,2025-12-25,0.21775129999999995,SL,0,-0.52,-7.8,-39000.0
FARM/USDT:USDT,2025-12-27,18.58,short,15,2025-12-27,18.394199999999998,TP,0,0.78,11.7,58500.0
CELR/USDT:USDT,2025-12-28,0.003811,short,15,2025-12-28,0.00377289,TP,0,0.78,11.7,58500.0
ES/USDT:USDT,2025-12-29,0.0854,long,15,2025-12-29,0.08625400000000001,TP,0,0.78,11.7,58500.0
BULLA/USDT:USDT,2025-12-30,0.04712,short,15,2025-12-30,0.046648800000000004,TP,0,0.78,11.7,58500.0
BIGTIME/USDT:USDT,2025-12-31,0.0206,short,15,2025-12-31,0.020394,TP,0,0.78,11.7,58500.0
CTK/USDT:USDT,2026-01-01,0.2639,long,15,2026-01-01,0.266539,TP,0,0.78,11.7,58500.0
CHILLGUY/USDT:USDT,2026-01-04,0.02151,short,15,2026-01-04,0.021294900000000002,TP,0,0.78,11.7,58500.0
BULLA/USDT:USDT,2026-01-05,0.04292,short,15,2026-01-05,0.0424908,TP,0,0.78,11.7,58500.0
1000BONK/USDT:USDT,2026-01-06,0.012095,short,15,2026-01-06,0.01197405,TP,0,0.78,11.7,58500.0
ATH/USDT:USDT,2026-01-07,0.01167,short,15,2026-01-07,0.011553299999999999,TP,0,0.78,11.7,58500.0
DSYNC/USDT:USDT,2026-01-08,0.0469,short,15,2026-01-08,0.046431,TP,0,0.78,11.7,58500.0
BABY/USDT:USDT,2026-01-09,0.01858,short,15,2026-01-09,0.018635739999999998,SL,0,-0.52,-7.8,-39000.0
CVC/USDT:USDT,2026-01-10,0.04795,short,15,2026-01-10,0.048093849999999994,SL,0,-0.52,-7.8,-39000.0
ALCH/USDT:USDT,2026-01-12,0.13568,short,15,2026-01-12,0.1343232,TP,0,0.78,11.7,58500.0
API3/USDT:USDT,2026-01-13,0.4425,long,15,2026-01-13,0.446925,TP,0,0.78,11.7,58500.0
ALCH/USDT:USDT,2026-01-14,0.14125,short,15,2026-01-14,0.13983749999999998,TP,0,0.78,11.7,58500.0
GLM/USDT:USDT,2026-01-15,0.322,short,15,2026-01-15,0.31878,TP,0,0.78,11.7,58500.0
DASH/USDT:USDT,2026-01-16,80.66,short,15,2026-01-16,79.8534,TP,0,0.78,11.7,58500.0
FHE/USDT:USDT,2026-01-17,0.10095,short,15,2026-01-17,0.0999405,TP,0,0.78,11.7,58500.0
FHE/USDT:USDT,2026-01-18,0.13813,short,15,2026-01-18,0.1367487,TP,0,0.78,11.7,58500.0
FHE/USDT:USDT,2026-01-19,0.15432,short,15,2026-01-19,0.15277680000000002,TP,0,0.78,11.7,58500.0
DUSK/USDT:USDT,2026-01-21,0.22463,short,15,2026-01-21,0.2223837,TP,0,0.78,11.7,58500.0
BOBA/USDT:USDT,2026-01-24,0.03923,long,15,2026-01-24,0.0396223,TP,0,0.78,11.7,58500.0
AXS/USDT:USDT,2026-01-25,2.619,short,15,2026-01-25,2.59281,TP,0,0.78,11.7,58500.0
0G/USDT:USDT,2026-01-26,0.8904,short,15,2026-01-26,0.881496,TP,0,0.78,11.7,58500.0
ASTR/USDT:USDT,2026-01-27,0.011023,short,15,2026-01-27,0.01091277,TP,0,0.78,11.7,58500.0
ASTR/USDT:USDT,2026-01-28,0.01155,short,15,2026-01-28,0.0114345,TP,0,0.78,11.7,58500.0
AXL/USDT:USDT,2026-01-29,0.0863,short,15,2026-01-29,0.085437,TP,0,0.78,11.7,58500.0
BR/USDT:USDT,2026-01-30,0.06394,short,15,2026-01-30,0.0633006,TP,0,0.78,11.7,58500.0
BULLA/USDT:USDT,2026-01-31,0.11144,short,15,2026-01-31,0.1103256,TP,0,0.78,11.7,58500.0
AVL/USDT:USDT,2026-02-01,0.0445,long,15,2026-02-01,0.044945,TP,0,0.78,11.7,58500.0
AVL/USDT:USDT,2026-02-02,0.0425,long,15,2026-02-02,0.042925000000000005,TP,0,0.78,11.7,58500.0
BSU/USDT:USDT,2026-02-03,0.13434,long,15,2026-02-03,0.13568339999999998,TP,0,0.78,11.7,58500.0
BSU/USDT:USDT,2026-02-04,0.14637,long,15,2026-02-04,0.1478337,TP,0,0.78,11.7,58500.0
BAN/USDT:USDT,2026-02-05,0.07161,long,15,2026-02-05,0.07232609999999999,TP,0,0.78,11.7,58500.0
BREV/USDT:USDT,2026-02-07,0.146,long,15,2026-02-07,0.14745999999999998,TP,0,0.78,11.7,58500.0
AIO/USDT:USDT,2026-02-10,0.07678,long,15,2026-02-10,0.0775478,TP,0,0.78,11.7,58500.0
FLOKI/USDT:USDT,2026-02-12,2.904e-05,long,15,2026-02-12,2.93304e-05,TP,0,0.78,11.7,58500.0
ACE/USDT:USDT,2026-02-13,0.1645,long,15,2026-02-13,0.16614500000000001,TP,0,0.78,11.7,58500.0
BOBA/USDT:USDT,2026-02-15,0.02268,long,15,2026-02-15,0.022906799999999998,TP,0,0.78,11.7,58500.0
APR/USDT:USDT,2026-02-17,0.09239,short,15,2026-02-17,0.0914661,TP,0,0.78,11.7,58500.0
ARIA/USDT:USDT,2026-02-18,0.07406,short,15,2026-02-18,0.0733194,TP,0,0.78,11.7,58500.0
BAN/USDT:USDT,2026-02-20,0.12076,short,15,2026-02-20,0.1195524,TP,0,0.78,11.7,58500.0
ENSO/USDT:USDT,2026-02-21,1.9133,short,15,2026-02-21,1.894167,TP,0,0.78,11.7,58500.0
ENSO/USDT:USDT,2026-02-22,1.9139,short,15,2026-02-22,1.894761,TP,0,0.78,11.7,58500.0
ALLO/USDT:USDT,2026-02-23,0.11052,short,15,2026-02-23,0.10941479999999999,TP,0,0.78,11.7,58500.0
DENT/USDT:USDT,2026-02-26,0.000218,long,15,2026-02-26,0.00022018000000000002,TP,0,0.78,11.7,58500.0
DENT/USDT:USDT,2026-02-27,0.000355,long,15,2026-02-27,0.00035855,TP,0,0.78,11.7,58500.0
ALICE/USDT:USDT,2026-03-01,0.1275,short,15,2026-03-01,0.126225,TP,0,0.78,11.7,58500.0
B/USDT:USDT,2026-03-02,0.1922,short,15,2026-03-02,0.190278,TP,0,0.78,11.7,58500.0
AIOZ/USDT:USDT,2026-03-05,0.06747,long,15,2026-03-05,0.0681447,TP,0,0.78,11.7,58500.0
DAM/USDT:USDT,2026-03-07,0.03402,short,15,2026-03-07,0.0336798,TP,0,0.78,11.7,58500.0
CROSS/USDT:USDT,2026-03-09,0.06104,long,15,2026-03-09,0.061650399999999994,TP,0,0.78,11.7,58500.0
AGI/USDT:USDT,2026-03-10,0.01149,long,15,2026-03-10,0.0116049,TP,0,0.78,11.7,58500.0
